﻿<?xml version="1.0" encoding="UTF-8"?>
<book name="3ª João" abbrev="3jo" chapters="1">
	<chapter number="1">
		<verse number="1">O ancião ao amado Gaio, a quem eu amo em verdade.</verse>
		<verse number="2">Amado, desejo que te vá bem em todas as coisas, e que tenhas saúde, assim como bem vai à tua alma.</verse>
		<verse number="3">Porque muito me alegrei quando os irmãos vieram e testificaram da tua verdade, como tu andas na verdade.</verse>
		<verse number="4">Não tenho maior gozo do que este: o de ouvir que os meus filhos andam na verdade.</verse>
		<verse number="5">Amado, procedes fielmente em tudo o que fazes para com os irmãos, especialmente para com os estranhos,</verse>
		<verse number="6">os quais diante da igreja testificaram do teu amor; aos quais, se os encaminhares na sua viagem de um modo digno de Deus, bem farás;</verse>
		<verse number="7">porque por amor do Nome saíram, sem nada aceitar dos gentios.</verse>
		<verse number="8">Portanto aos tais devemos acolher, para que sejamos cooperadores da verdade.</verse>
		<verse number="9">Escrevi alguma coisa à igreja; mas Diótrefes, que gosta de ter entre eles a primazia, não nos recebe.</verse>
		<verse number="10">Pelo que, se eu aí for, trarei à memória as obras que ele faz, proferindo contra nós palavras maliciosas; e, não contente com isto, ele não somente deixa de receber os irmãos, mas aos que os querem receber ele proíbe de o fazerem e ainda os exclui da igreja.</verse>
		<verse number="11">Amado, não imites o mal, mas o bem. Quem faz o bem é de Deus; mas quem faz o mal não tem visto a Deus.</verse>
		<verse number="12">De Demétrio, porém, todos, e até a própria verdade, dão testemunho; e nós também damos testemunho; e sabes que o nosso testemunho é verdadeiro.</verse>
		<verse number="13">Tinha eu muitas coisas que te escrever, mas não o quero fazer com tinta e pena.</verse>
		<verse number="14">Espero, porém, ver-te brevemente, e falaremos face a face.</verse>
		<verse number="15">Paz seja contigo. Os amigos te saúdam. Saúda os amigos nominalmente.</verse>
	</chapter>
</book>