﻿<?xml version="1.0" encoding="UTF-8"?>
<book name="Oséias" abbrev="os" chapters="14">
	<chapter number="1">
		<verse number="1">A palavra do Senhor, que veio a Oséias, filho de Beeri, nos dias de Uzias, Jotão, Acaz e Ezequias, reis de Judá, e nos dias de Jeroboão, filho de Joás, rei de Israel.</verse>
		<verse number="2">Quando o Senhor falou no princípio por Oséias, disse o Senhor a Oséias: Vai, toma por esposa uma mulher de prostituições, e filhos de prostituição; porque a terra se prostituiu, apartando-se do Senhor.</verse>
		<verse number="3">Ele se foi, pois, e tomou a Gomer, filha de Diblaim; e ela concebeu, e lhe deu um filho.</verse>
		<verse number="4">E disse-lhe o Senhor: Põe-lhe o nome de Jizreel; porque daqui a pouco visitarei o sangue de Jizreel sobre a casa de Jeú, e farei cessar o reino da casa de Israel.</verse>
		<verse number="5">E naquele dia quebrarei o arco de Israel no vale de Jizreel.</verse>
		<verse number="6">E tornou ela a conceber, e deu à luz uma filha. E o Senhor disse a Oséias: Põe-lhe o nome de Lo-Ruama; porque não tornarei mais a compadecer-me da casa de Israel, nem a perdoar-lhe de maneira alguma.</verse>
		<verse number="7">Mas da casa se Judá me compadecerei, e os salvarei pelo Senhor seu Deus, pois não os salvarei pelo arco, nem pela espada, nem pela guerra, nem pelos cavalos, nem pelos cavaleiros.</verse>
		<verse number="8">Ora depois de haver desmamado a Lo-Ruama, concebeu e deu à luz um filho.</verse>
		<verse number="9">E o Senhor disse: Põe-lhe o nome de Lo-Ami; porque vós não sois meu povo, nem sou eu vosso Deus.</verse>
		<verse number="10">Todavia o número dos filhos de Israel será como a areia do mar, que não pode ser medida nem contada; e no lugar onde se lhes dizia: Vós não sois meu povo, se lhes dirá: Vós sois os filhos do Deus vivo.</verse>
		<verse number="11">E os filhos de Judá e os filhos de Israel juntos se congregarão, e constituirão sobre si uma só cabeça, e subirão da terra; pois grande será o dia de Jizreel.</verse>
	</chapter>
	<chapter number="2">
		<verse number="1">Dizei a vossos irmãos: Ami; e a vossas irmãs: Ruama.</verse>
		<verse number="2">Contendei com vossa mãe, contendei; porque ela não é minha mulher, e eu não sou seu marido; para que ela afaste as suas prostituições da sua face e os seus adultérios de entre os seus seios;</verse>
		<verse number="3">para que eu não a deixe despida, e a ponha como no dia em que nasceu, e a faça como um deserto, e a torne como uma terra seca, e a mate à sede.</verse>
		<verse number="4">Até de seus filhos não me compadecerei; porquanto são filhos de prostituições.</verse>
		<verse number="5">porque sua mãe se prostituiu; aquela que os concebeu houve-se torpemente; porque diz: Irei após os meus amantes, que me dão o meu pão e a minha água, a minha lã e o meu linho, o meu óleo e as minhas bebidas.</verse>
		<verse number="6">Portanto, eis que lhe cercarei o caminho com espinhos, e contra ela levantarei uma sebe, para que ela não ache as suas veredas.</verse>
		<verse number="7">Ela irá em seguimento de seus amantes, mas não os alcançará; buscá-los-á, mas não os achará; então dirá: Irei, e voltarei a meu primeiro marido, porque melhor me ia então do que agora.</verse>
		<verse number="8">Ora, ela não reconhece que fui eu o que lhe dei o grão, e o vinho, e o azeite, e que lhe multipliquei a prata e o ouro, que eles usaram para Baal.</verse>
		<verse number="9">Portanto, tornarei a tirar o meu grão a seu tempo e o meu vinho no seu tempo determinado; e arrebatarei a minha lã e o meu linho, com que cobriam a sua nudez.</verse>
		<verse number="10">E agora descobrirei a sua vileza diante dos olhos dos seus amantes, e ninguém a livrará da minha mão.</verse>
		<verse number="11">Também farei cessar todo o seu gozo, as suas festas, as suas luas novas, e os seus sábados, e todas as suas assembléias solenes.</verse>
		<verse number="12">E devastarei a sua vide e a sua figueira, de que ela diz: É esta a paga que me deram os meus amantes; eu, pois, farei delas um bosque, e as feras do campo as devorarão.</verse>
		<verse number="13">Castigá-la-ei pelos dias dos baalins, nos quais elas lhes queimava incenso, e se adornava com as suas arrecadas e as suas jóias, e, indo atrás dos seus amantes, se esquecia de mim, diz o Senhor.</verse>
		<verse number="14">Portanto, eis que eu a atrairei, e a levarei para o deserto, e lhe falarei ao coração.</verse>
		<verse number="15">E lhe darei as suas vinhas dali, e o vale de Acor por porta de esperança; e ali responderá, como nos dias da sua mocidade, e como no dia em que subiu da terra do Egito.</verse>
		<verse number="16">E naquele dia, diz o Senhor, ela me chamará meu marido; e não me chamará mais meu Baal.</verse>
		<verse number="17">Pois da sua boca tirarei os nomes dos baalins, e não mais se fará menção desses nomes.</verse>
		<verse number="18">Naquele dia farei por eles aliança com as feras do campo, e com as aves do céu, e com os répteis da terra; e da terra tirarei o arco, e a espada, e a guerra, e os farei deitar em segurança.</verse>
		<verse number="19">E desposar-te-ei comigo para sempre; sim, desposar-te-ei comigo em justiça, e em juízo, e em amorável benignidade, e em misericórdias;</verse>
		<verse number="20">e desposar-te-ei comigo em fidelidade, e conhecerás ao Senhor.</verse>
		<verse number="21">Naquele dia responderei, diz o Senhor; responderei aos céus, e estes responderão a terra;</verse>
		<verse number="22">a terra responderá ao trigo, e ao vinho, e ao azeite, e estes responderão a Jizreel.</verse>
		<verse number="23">E semeá-lo-ei para mim na terra, e compadecer-me-ei de Lo-Ruama; e a e Lo-Ami direi: Tu és meu povo; e ele dirá: Tu és o meu Deus.</verse>
	</chapter>
	<chapter number="3">
		<verse number="1">Disse-me o Senhor: Vai outra vez, ama uma mulher, amada de seu amigo, e adúltera, como o Senhor ama os filhos de Israel, embora eles se desviem para outros deuses, e amem passas de uvas.</verse>
		<verse number="2">Assim eu comprei para mim tal mulher por quinze peças de prata, e um hômer e meio de cevada;</verse>
		<verse number="3">e lhe disse: Por muitos dias tu ficarás esperando por mim; não te prostituirás, nem serás mulher de outro homem; assim também eu esperarei por ti.</verse>
		<verse number="4">Pois os filhos de Israel ficarão por muitos dias sem rei, sem príncipe, sem sacrifício, sem coluna, e sem éfode ou terafins.</verse>
		<verse number="5">Depois tornarão os filhos de Israel, e buscarão ao Senhor, seu Deus, e a Davi, seu rei; e com temor chegarão nos últimos dias ao Senhor, e à sua bondade.</verse>
	</chapter>
	<chapter number="4">
		<verse number="1">Ouvi a palavra do Senhor, vós, filhos de Israel; pois o Senhor tem uma contenda com os habitantes da terra; porque na terra não há verdade, nem benignidade, nem conhecimento de Deus.</verse>
		<verse number="2">Só prevalecem o perjurar, o mentir, o matar, o furtar, e o adulterar; há violências e homicídios sobre homicídios.</verse>
		<verse number="3">Por isso a terra se lamenta, e todo o que nela mora desfalece, juntamente com os animais do campo e com as aves do céu; e até os peixes do mar perecem.</verse>
		<verse number="4">Todavia ninguém contenda, ninguém repreenda; pois é contigo a minha contenda, ó sacerdote.</verse>
		<verse number="5">Por isso tu tropeçarás de dia, e o profeta contigo tropeçará de noite; e destruirei a tua mãe.</verse>
		<verse number="6">O meu povo está sendo destruído, porque lhe falta o conhecimento. Porquanto rejeitaste o conhecimento, também eu te rejeitarei, para que não sejas sacerdote diante de mim; visto que te esqueceste da lei do teu Deus, também eu me esquecerei de teus filhos.</verse>
		<verse number="7">Quanto mais eles se multiplicaram tanto mais contra mim pecaram: eu mudarei a sua honra em vergonha.</verse>
		<verse number="8">Alimentavam-se do pecado do meu povo, e de coração desejam a iniqüidade dele.</verse>
		<verse number="9">Por isso, como é o povo, assim será o sacerdote; e castigá-lo-ei conforme os seus caminhos, e lhe darei a recompensa das suas obras.</verse>
		<verse number="10">Comerão, mas não se fartarão; entregar-se-ão à luxúria, mas não se multiplicarão; porque deixaram de atentar para o Senhor.</verse>
		<verse number="11">A incontinência, e o vinho, e o mosto tiram o entendimento.</verse>
		<verse number="12">O meu povo consulta ao seu pau, e a sua vara lhe dá respostas, porque o espírito de luxúria os enganou, e eles, prostituindo-se, abandonam o seu Deus.</verse>
		<verse number="13">Sacrificam sobre os cumes dos montes; e queimam incenso sobre os outeiros, debaixo do carvalho, do álamo, e do terebinto, porque é boa a sua sombra; por isso vossas filhas se prostituem, e as vossas noras adulteram.</verse>
		<verse number="14">Eu não castigarei vossas filhas, quando se prostituem, nem vossas noras, quando adulteram; porque os homens mesmos com as prostitutas se desviam, e com as meretrizes sacrificam; pois o povo que não tem entendimento será transtornado.</verse>
		<verse number="15">Ainda que tu, ó Israel, te queiras prostituir contudo não se faça culpado Judá; não venhais a Gilgal, e não subais a Bete-Ávem nem jureis, dizendo: Vive o Senhor.</verse>
		<verse number="16">Porque como novilha obstinada se rebelou Israel; agora o Senhor os apascentará como a um cordeiro num lugar espaçoso.</verse>
		<verse number="17">Efraim está entregue aos ídolos; deixa-o.</verse>
		<verse number="18">Acabando eles de beber, lançam-se à luxúria; certamente os seus príncipes amam a vergonha.</verse>
		<verse number="19">Um vento os envolveu nas suas asas; e eles se envergonharão por causa dos seus sacrifícios.</verse>
	</chapter>
	<chapter number="5">
		<verse number="1">Ouvi isto, ó sacerdotes, e escutai, ó casa de Israel, e dai ouvidos, ó casa do rei; porque contra vós se dirige este juízo; pois que vos tornastes um laço para Mizpá, e uma rede estendida sobre o Tabor.</verse>
		<verse number="2">Os revoltosos se aprofundaram na corrupção; mas eu os castigarei a todos eles.</verse>
		<verse number="3">Eu conheço a Efraim, e Israel não se me esconde; porque agora te tens prostituído, ó Efraim, e Israel se contaminou.</verse>
		<verse number="4">As suas ações não lhes permitem voltar para o seu Deus; porque o espírito da prostituição está no meio deles, e não conhecem ao Senhor.</verse>
		<verse number="5">A soberba de Israel testifica contra eles; e Israel e Efraim cairão pela sua iniqüidade, e Judá cairá juntamente com eles.</verse>
		<verse number="6">Eles irão com os seus rebanhos e com as suas manadas, para buscarem ao Senhor, mas não o acharão; ele se retirou deles.</verse>
		<verse number="7">Aleivosamente se houveram contra o Senhor, porque geraram filhos estranhos; agora a festa da lua nova os consumirá, juntamente com as suas porções.</verse>
		<verse number="8">Tocai a corneta em Gibeá, a trombeta em Ramá; soltai o alarma em Bete-Áven; após ti, ó Benjamim.</verse>
		<verse number="9">Efraim será para assolação no dia do castigo: entre as tribos de Israel declaro o que é certo.</verse>
		<verse number="10">Os príncipes de Judá são como os que removem os marcos; derramarei, pois, o meu furor sobre eles como água.</verse>
		<verse number="11">Efraim está oprimido e quebrantado no juízo, porque foi do seu agrado andar após a vaidade.</verse>
		<verse number="12">Portanto para Efraim serei como a traça e para a casa de Judá como a podridão.</verse>
		<verse number="13">Quando Efraim viu a sua enfermidade, e Judá a sua chaga, recorreu Efraim à Assíria e enviou ao rei Jarebe; mas ele não pode curar-vos, nem sarar a vossa chaga.</verse>
		<verse number="14">Pois para Efraim serei como um leão, e como um leão novo para a casa de Judá; eu, sim eu despedaçarei, e ir-me-ei embora; arrebatarei, e não haverá quem livre.</verse>
		<verse number="15">Irei, e voltarei para o meu lugar, até que se reconheçam culpados e busquem a minha face; estando eles aflitos, ansiosamente me buscarão.</verse>
	</chapter>
	<chapter number="6">
		<verse number="1">Vinde, e tornemos para o Senhor, porque ele despedaçou e nos sarará; fez a ferida, e no-la atará.</verse>
		<verse number="2">Depois de dois dias nos ressuscitará: ao terceiro dia nos levantará, e viveremos diante dele.</verse>
		<verse number="3">Conheçamos, e prossigamos em conhecer ao Senhor; a sua saída, como a alva, é certa; e ele a nós virá como a chuva, como a chuva serôdia que rega a terra.</verse>
		<verse number="4">Que te farei, ó Efraim? que te farei, ó Judá? porque o vosso amor é como a nuvem da manhã, e como o orvalho que cedo passa.</verse>
		<verse number="5">Por isso os abati pelos profetas; pela palavra da minha boca os matei; e os meus juízos a teu respeito sairão como a luz.</verse>
		<verse number="6">Pois misericórdia quero, e não sacrifícios; e o conhecimento de Deus, mais do que os holocaustos.</verse>
		<verse number="7">Eles, porém, como Adão, transgrediram o pacto; nisso eles se portaram aleivosamente contra mim.</verse>
		<verse number="8">Gileade é cidade de malfeitores, está manchada de sangue.</verse>
		<verse number="9">Como hordas de salteadores que espreitam alguém, assim é a companhia dos sacerdotes que matam no caminho para Siquém; sim, cometem a vilania.</verse>
		<verse number="10">Vejo uma coisa horrenda na casa de Israel; ali está a prostituição de Efraim; Israel está contaminado.</verse>
		<verse number="11">Também para ti, ó Judá, está determinada uma ceifa. Ao querer eu trazer do cativeiro o meu povo,</verse>
	</chapter>
	<chapter number="7">
		<verse number="1">ao querer eu sarar a Israel, descobrem-se a corrupção de Efraim e as maldades de Samária; porque praticam a falsidade; o ladrão entra, e a horda dos salteadores despoja por fora.</verse>
		<verse number="2">Não consideram no seu coração que eu me lembro de toda a sua maldade; agora, pois, os cercam as suas obras; diante da minha face estão.</verse>
		<verse number="3">Com a sua malícia alegram ao rei, e com as suas mentiras aos príncipes.</verse>
		<verse number="4">Todos eles são adúlteros; são semelhantes ao forno aceso, cujo padeiro cessa de atear o fogo desde o amassar a massa até que seja levedada.</verse>
		<verse number="5">E no dia do nosso rei os príncipes se tornaram doentes com a excitação do vinho; o rei estendeu a sua mão com escarnecedores.</verse>
		<verse number="6">Pois têm preparado o coração como um forno, enquanto estão de espreita; toda a noite dorme a sua ira; pela manhã arde como fogo de chama.</verse>
		<verse number="7">Eles estão todos quentes como um forno, e devoram os seus juízes; todos os seus reis caem; ninguém entre eles há que me invoque.</verse>
		<verse number="8">Quanto a Efraim, ele se mistura com os povos; Efraim é um bolo que não foi virado.</verse>
		<verse number="9">Estrangeiros lhe devoram a força, e ele não o sabe; também as cãs se espalham sobre ele, e não o sabe.</verse>
		<verse number="10">E a soberba de Israel testifica contra ele; todavia, não voltam para o Senhor seu Deus, nem o buscam em tudo isso.</verse>
		<verse number="11">Pois Efraim é como uma pomba, insensata, sem entendimento; invocam o Egito, vão para a Assíria.</verse>
		<verse number="12">Quando forem, sobre eles estenderei a minha rede, e como aves do céu os farei descer; castigá-los-ei, conforme o que eles têm ouvido na sua congregação.</verse>
		<verse number="13">Ai deles! porque se erraram de mim; destruição sobre eles! porque se rebelaram contra mim. Quisera eu remi-los, mas falam mentiras contra mim.</verse>
		<verse number="14">Não clamam a mim de coração, mas uivam nas suas camas; para o trigo e para o mosto se ajuntam, mas contra mim se rebelam.</verse>
		<verse number="15">Contudo fui eu que os ensinei, e lhes fortaleci os braços; entretanto maquinam o mal contra mim.</verse>
		<verse number="16">Eles voltam, mas não para o Altíssimo. Fizeram-se como um arco enganador; caem à espada os seus príncipes, por causa da insolência da sua língua; este será o seu escárnio na terra do Egito.</verse>
	</chapter>
	<chapter number="8">
		<verse number="1">Põe a trombeta à tua boca. Ele vem como águia contra a casa do Senhor; porque eles transgrediram o meu pacto, e se rebelaram contra a minha lei.</verse>
		<verse number="2">E a mim clamam: Deus meu, nós, Israel, te conhecemos.</verse>
		<verse number="3">Israel desprezou o bem; o inimigo persegui-lo-á.</verse>
		<verse number="4">Eles fizeram reis, mas não por mim; constituíram príncipes, mas sem a minha aprovação; da sua prata e do seu ouro fizeram ídolos para si, para serem destruídos.</verse>
		<verse number="5">O teu bezerro, ó Samária, é rejeitado; a minha ira se acendeu contra eles; até quando serão eles incapazes da inocência?</verse>
		<verse number="6">Pois isso procede de Israel; um artífice o fez, e não é Deus. Será desfeito em pedaços o bezerro de Samária</verse>
		<verse number="7">Porquanto semeiam o vento, hão de ceifar o turbilhão; não haverá seara, a erva não dará farinha; se a der, tragá-la-ão os estrangeiros.</verse>
		<verse number="8">Israel foi devorado; agora está entre as nações como um vaso em que ninguém tem prazer.</verse>
		<verse number="9">Porque subiram à Assíria, qual asno selvagem andando sozinho; mercou Efraim amores.</verse>
		<verse number="10">Todavia, ainda que eles merquem entre as nações, eu as congregarei; já começaram a ser diminuídos por causa da carga do rei dos príncipes.</verse>
		<verse number="11">Ainda que Efraim tem multiplicado altares, estes se lhe tornaram altares para pecar.</verse>
		<verse number="12">Escrevi para ele miríades de coisas da minha lei; mas isso é para ele como coisa estranha.</verse>
		<verse number="13">Quanto aos sacrifícios das minhas ofertas, eles sacrificam carne, e a comem; mas o Senhor não os aceita; agora se lembrará da iniqüidade deles, e punirá os seus pecados; eles voltarão para o Egito.</verse>
		<verse number="14">Pois Israel se esqueceu do seu Criador, e edificou palácios, e Judá multiplicou cidades fortificadas. Mas eu enviarei sobre as suas cidades um fogo que consumirá os seus castelos.</verse>
	</chapter>
	<chapter number="9">
		<verse number="1">Não te alegres, ó Israel, não exultes como os povos; pois te prostituíste, apartando-te do teu Deus; amaste a paga de meretriz sobre todas as eiras de trigo.</verse>
		<verse number="2">A eira e o lagar não os manterão, e o vinho novo lhes faltará.</verse>
		<verse number="3">Na terra do Senhor não permanecerão; mas Efraim tornará ao Egito, e na Assíria comerão comida imunda.</verse>
		<verse number="4">Não derramarão libações de vinho ao Senhor, nem lhe agradarão com as suas ofertas. O pão deles será como pão de pranteadores; todos os que dele comerem serão imundos; pois o seu pão será somente para o seu apetite; não entrará na casa do Senhor.</verse>
		<verse number="5">Que fareis vós no dia da solenidade, e no dia da festa do Senhor?</verse>
		<verse number="6">Porque, eis que eles se foram por causa da destruição, mas o Egito os recolherá, Mênfis os sepultará; as suas coisas preciosas de prata as urtigas as possuirão; espinhos crescerão nas suas tendas.</verse>
		<verse number="7">Chegaram os dias da punição, chegaram os dias da retribuição; Israel o saberá; o profeta é um insensato, o homem possesso de espírito é um louco; por causa da abundância da tua iniqüidade e do teu grande ódio.</verse>
		<verse number="8">O profeta é a sentinela de Efraim, o povo do meu Deus; contudo um laço de caçador de aves se acha em todos os seus caminhos, e inimizade na casa do seu Deus.</verse>
		<verse number="9">Muito profundamente se corromperam, como nos dias de Gibeá; ele se lembrará das iniqüidades deles, e punirá os seus pecados.</verse>
		<verse number="10">Achei a Israel como uvas no deserto, vi a vossos pais como a fruta temporã da figueira no seu princípio; mas eles foram para Baal-Peor, e se consagraram a essa coisa vergonhosa, e se tornaram abomináveis como aquilo que amaram.</verse>
		<verse number="11">Quanto a Efraim, a sua glória como ave voará; não haverá nascimento, nem gravidez, nem concepção.</verse>
		<verse number="12">Ainda que venham criar seus filhos, eu os privarei deles, para que não fique nenhum homem. Ai deles, quando deles eu me apartar!</verse>
		<verse number="13">Efraim, assim como vi a Tiro, está plantado num lugar aprazível; mas Efraim levará seus filhos ao matador.</verse>
		<verse number="14">Dá-lhes, ó Senhor; mas que lhes darás? dá-lhes uma madre que aborte e seios ressecados.</verse>
		<verse number="15">Toda a sua malícia se acha em Gilgal; pois ali é que lhes concebi ódio; por causa da maldade das suas obras lançá-los-ei fora de minha casa. Não os amarei mais; todos os seus príncipes são rebeldes.</verse>
		<verse number="16">Efraim foi ferido, secou-se a sua raiz; eles não darão fruto; sim, ainda que gerem, eu matarei os frutos desejáveis do seu ventre.</verse>
		<verse number="17">O meu Deus os rejeitará, porque não o ouviram; e errantes andarão entre as nações.</verse>
	</chapter>
	<chapter number="10">
		<verse number="1">Israel é vide frondosa que dá o seu fruto; conforme a abundância do seu fruto, assim multiplicou os altares; conforme a prosperidade da terra, assim fizeram belas colunas.</verse>
		<verse number="2">O seu coração está dividido, por isso serão culpados; ele derribará os altares deles, e lhes destruirá as colunas.</verse>
		<verse number="3">Certamente agora dirão: Não temos rei, porque não tememos ao Senhor; e o rei, que pode ele fazer por nós?</verse>
		<verse number="4">Falam palavras vãs; juram falsamente, fazendo pactos; por isso brota o juízo como erva peçonhenta nos sulcos dos campos.</verse>
		<verse number="5">Os moradores de Samária serão atemorizados por causa do bezerro de Bete-Áven. O seu povo se lamentará por causa dele, como também prantearão os seus sacerdotes idólatras por causa da sua glória, que se apartou dela.</verse>
		<verse number="6">Também será ele levado para Assíria como um presente ao rei Jarebe; Efraim ficará confuso, e Israel se envergonhará por causa do seu próprio conselho.</verse>
		<verse number="7">O rei de Samária será desfeito como a espuma sobre a face da água.</verse>
		<verse number="8">E os altos de Áven, pecado de Israel, serão destruídos; espinhos e cardos crescerão sobre os seus altares; e dirão aos montes: Cobri-nos! e aos outeiros: Caí sobre nós!</verse>
		<verse number="9">Desde os dias de Gibeá tens pecado, ó Israel; ali permaneceram; a peleja contra os filhos da iniqüidade não os alcançará em Gibeá.</verse>
		<verse number="10">Quando eu quiser, castigá-los-ei; e os povos se congregarão contra eles, quando forem castigados pela sua dupla transgressão.</verse>
		<verse number="11">Porque Efraim era uma novilha domada, que gostava de trilhar; e eu poupava a formosura do seu pescoço; mas porei arreios sobre Efraim; Judá lavrará; Jacó desfará os torrões.</verse>
		<verse number="12">Semeai para vós em justiça, colhei segundo a misericórdia; lavrai o campo alqueivado; porque é tempo de buscar ao Senhor, até que venha e chova a justiça sobre vós.</verse>
		<verse number="13">Lavrastes a impiedade, segastes a iniqüidade, e comestes o fruto da mentira; porque confiaste no teu caminho, na multidão dos teus valentes.</verse>
		<verse number="14">Portanto, entre o teu povo se levantará tumulto de guerra, e todas as tuas fortalezas serão destruídas, como Salmã destruiu a Bete-Arbel no dia da batalha; a mãe ali foi despedaçada juntamente com os filhos.</verse>
		<verse number="15">Assim vos fará Betel, por causa da vossa grande malícia; de madrugada será o rei de Israel totalmente destruído.</verse>
	</chapter>
	<chapter number="11">
		<verse number="1">Quando Israel era menino, eu o amei, e do Egito chamei a meu filho.</verse>
		<verse number="2">Quanto mais eu os chamava, tanto mais se afastavam de mim; sacrificavam aos baalins, e queimavam incenso às imagens esculpidas.</verse>
		<verse number="3">Todavia, eu ensinei aos de Efraim a andar; tomei-os nos meus braços; mas não entendiam que eu os curava.</verse>
		<verse number="4">Atraí-os com cordas humanas, com laços de amor; e fui para eles como os que tiram o jugo de sobre as suas queixadas, e me inclinei para lhes dar de comer.</verse>
		<verse number="5">Não voltarão para a terra do Egito; mas a Assíria será seu rei; porque recusam converter-se.</verse>
		<verse number="6">Cairá a espada sobre as suas cidades, e consumirá os seus ferrolhos; e os devorará nas suas fortalezas.</verse>
		<verse number="7">Porque o meu povo é inclinado a desviar-se de mim; ainda que clamem ao Altíssimo, nenhum deles o exalta.</verse>
		<verse number="8">Como te deixaria, ó Efraim? como te entregaria, ó Israel? como te faria como Admá? ou como Zeboim? Está comovido em mim o meu coração, as minhas compaixões à uma se acendem.</verse>
		<verse number="9">Não executarei o furor da minha ira; não voltarei para destruir a Efraim, porque eu sou Deus e não homem, o Santo no meio de ti; eu não virei com ira.</verse>
		<verse number="10">Andarão após o Senhor; ele bramará como leão; e, bramando ele, os filhos, tremendo, virão do ocidente.</verse>
		<verse number="11">Também, tremendo, virão como um passarinho os do Egito, e como uma pomba os da terra da Assíria; e os farei habitar em suas casas, diz o Senhor.</verse>
		<verse number="12">Efraim me cercou com mentira, e a casa de Israel com engano; mas Judá ainda domina com Deus, e com o Santo está fiel.</verse>
	</chapter>
	<chapter number="12">
		<verse number="1">Efraim apascenta o vento, segue o vento oriental todo o dia; multiplica a mentira e a destruição; e fazem aliança com a Assíria, e o azeite se leva ao Egito</verse>
		<verse number="2">O Senhor também com Judá tem contenda, e castigará a Jacó segundo os seus caminhos; segundo as suas obras o recompensará.</verse>
		<verse number="3">No ventre pegou do calcanhar de seu irmão; e na sua idade varonil lutou com Deus.</verse>
		<verse number="4">Lutou com o anjo, e prevaleceu; chorou, e lhe fez súplicas. Em Betel o achou, e ali falou Deus com ele;</verse>
		<verse number="5">sim, o Senhor, o Deus dos exércitos; o Senhor e o seu nome.</verse>
		<verse number="6">Tu, pois, converte-te a teu Deus; guarda a benevolência e a justiça, e em teu Deus espera sempre.</verse>
		<verse number="7">Quanto a Canaã, tem nas mãos balança enganadora; ama a opressão.</verse>
		<verse number="8">Diz Efraim: Certamente eu me tenho enriquecido, tenho adquirido para mim grandes bens; em todo o meu trabalho não acharão em mim iniqüidade alguma que seja pecado.</verse>
		<verse number="9">Mas eu sou o Senhor teu Deus, desde a terra do Egito; eu ainda te farei habitar de novo em tendas, como nos dias da festa solene.</verse>
		<verse number="10">Também falei aos profetas, e multipliquei as visões; e pelo ministério dos profetas usei de parábolas.</verse>
		<verse number="11">Não é Gileade iniqüidade? pura vaidade são eles. Em Gilgal sacrificam bois; os seus altares são como montões de pedras nos sulcos dos campos.</verse>
		<verse number="12">Jacó fugiu para o campo de Arã, e Israel serviu por uma mulher, sim, por uma mulher guardou o gado.</verse>
		<verse number="13">Mas o Senhor por meio dum profeta fez subir a Israel do Egito, e por um profeta foi ele preservado.</verse>
		<verse number="14">Efraim mui amargamente provocou-lhe a ira; portanto sobre ele será deixado o seu sangue, e o seu Senhor fará cair sobre ele o seu opróbrio.</verse>
	</chapter>
	<chapter number="13">
		<verse number="1">Quando Efraim falava, tremia-se; foi exaltado em Israel; mas quando ele se fez culpado no tocante a Baal, morreu.</verse>
		<verse number="2">E agora pecam mais e mais, e da sua prata fazem imagens fundidas, ídolos segundo o seu entendimento, todos eles obra de artífices, e dizem: Oferecei sacrifícios a estes. Homens beijam aos bezerros!</verse>
		<verse number="3">Por isso serão como a nuvem de manhã, e como o orvalho que cedo passa; como a palha que se lança fora da eira, e como a fumaça que sai pela janela.</verse>
		<verse number="4">Todavia, eu sou o Senhor teu Deus desde a terra do Egito; portanto não conhecerás outro deus além de mim, porque não há salvador senão eu.</verse>
		<verse number="5">Eu te conheci no deserto, em terra muito seca.</verse>
		<verse number="6">Depois eles se fartaram em proporção do seu pasto; e estando fartos, ensoberbeceu-se-lhes o coração, por isso esqueceram de mim.</verse>
		<verse number="7">Portanto serei para eles como leão; como leopardo espreitarei junto ao caminho;</verse>
		<verse number="8">Como ursa roubada dos seus cachorros lhes sairei ao encontro, e lhes romperei as teias do coração; e ali os devorarei como leoa; as feras do campo os despedaçarão.</verse>
		<verse number="9">Destruir-te-ei, ó Israel; quem te pode socorrer?</verse>
		<verse number="10">Onde está agora o teu rei, para que te salve em todas as tuas cidades? e os teus juízes, dos quais disseste: Dá-me rei e príncipes?</verse>
		<verse number="11">Dei-te um rei na minha ira, e tirei-o no meu furor.</verse>
		<verse number="12">A iniqüidade de Efraim está atada, o seu pecado está armazenado.</verse>
		<verse number="13">Dores de mulher de parto lhe sobrevirão; ele é filho insensato; porque é tempo e não está no lugar em que deve vir à luz.</verse>
		<verse number="14">Eu os remirei do poder do Seol, e os resgatarei da morte. Onde estão, ó morte, as tuas pragas? Onde está, ó Seol, a tua destruição? A compaixão está escondida de meus olhos.</verse>
		<verse number="15">Ainda que ele dê fruto entre os seus irmãos, virá o vento oriental, vento do Senhor, subindo do deserto, e secar-se-á a sua nascente, e se estancará a sua fonte; ele saqueará o tesouro de todos os vasos desejáveis.</verse>
		<verse number="16">Samária levará sobre si a sua culpa, porque se rebelou contra o seu Deus; cairá à espada; seus filhinhos serão despedaçados, e as suas mulheres grávidas serão fendidas.</verse>
	</chapter>
	<chapter number="14">
		<verse number="1">Volta, ó Israel, para o Senhor teu Deus; porque pela tua iniqüidade tens caído.</verse>
		<verse number="2">Tomai convosco palavras, e voltai para o Senhor; dizei-lhe: Tira toda a iniqüidade, e aceita o que é bom; e ofereceremos como novilhos os sacrifícios dos nossos lábios.</verse>
		<verse number="3">Não nos salvará a Assíria, não iremos montados em cavalos; e à obra das nossas mãos já não diremos: Tu és o nosso Deus; porque em ti o órfão acha a misericórdia.</verse>
		<verse number="4">Eu sararei a sua apostasia, eu voluntariamente os amarei; porque a minha ira se apartou deles.</verse>
		<verse number="5">Eu serei para Israel como o orvalho; ele florescerá como o lírio, e lançará as suas raízes como o Líbano.</verse>
		<verse number="6">Estender-se-ão as suas vergônteas, e a sua formosura será como a da oliveira, a sua fragrância como a do Líbano.</verse>
		<verse number="7">Voltarão os que habitam à sua sombra; reverdecerão como o trigo, e florescerão como a vide; o seu renome será como o do vinho do Líbano.</verse>
		<verse number="8">Ó Efraim, que tenho eu com os ídolos? Sou eu que respondo, e cuido de ti. Eu sou como a faia verde; de mim é achado o teu fruto.</verse>
		<verse number="9">Quem é sábio, para que entenda estas coisas? prudente, para que as saiba? porque os caminhos do Senhor são retos, e os justos andarão neles; mas os transgressores neles cairão.</verse>
	</chapter>
</book>