﻿<?xml version="1.0" encoding="UTF-8"?>
<book name="Colossenses" abbrev="cl" chapters="4">
	<chapter number="1">
		<verse number="1">Paulo, apóstolo de Jesus Cristo, pela vontade de Deus, e o irmão Timóteo,</verse>
		<verse number="2">Aos santos e irmãos fiéis em Cristo, que estão em Colossos: Graça a vós, e paz da parte de Deus nosso Pai e do Senhor Jesus Cristo.</verse>
		<verse number="3">Graças damos a Deus, Pai de nosso Senhor Jesus Cristo, orando sempre por vós,</verse>
		<verse number="4">Porquanto ouvimos da vossa fé em Cristo Jesus, e do amor que tendes para com todos os santos;</verse>
		<verse number="5">Por causa da esperança que vos está reservada nos céus, da qual já antes ouvistes pela palavra da verdade do evangelho,</verse>
		<verse number="6">Que já chegou a vós, como também está em todo o mundo; e já vai frutificando, como também entre vós, desde o dia em que ouvistes e conhecestes a graça de Deus em verdade;</verse>
		<verse number="7">Como aprendestes de Epafras, nosso amado conservo, que para vós é um fiel ministro de Cristo,</verse>
		<verse number="8">O qual nos declarou também o vosso amor no Espírito.</verse>
		<verse number="9">Por esta razão, nós também, desde o dia em que o ouvimos, não cessamos de orar por vós, e de pedir que sejais cheios do conhecimento da sua vontade, em toda a sabedoria e inteligência espiritual;</verse>
		<verse number="10">Para que possais andar dignamente diante do Senhor, agradando-lhe em tudo, frutificando em toda a boa obra, e crescendo no conhecimento de Deus;</verse>
		<verse number="11">Corroborados em toda a fortaleza, segundo a força da sua glória, em toda a paciência, e longanimidade com gozo;</verse>
		<verse number="12">Dando graças ao Pai que nos fez idôneos para participar da herança dos santos na luz;</verse>
		<verse number="13">O qual nos tirou da potestade das trevas, e nos transportou para o reino do Filho do seu amor;</verse>
		<verse number="14">Em quem temos a redenção pelo seu sangue, a saber, a remissão dos pecados;</verse>
		<verse number="15">O qual é imagem do Deus invisível, o primogênito de toda a criação;</verse>
		<verse number="16">Porque nele foram criadas todas as coisas que há nos céus e na terra, visíveis e invisíveis, sejam tronos, sejam dominações, sejam principados, sejam potestades. Tudo foi criado por ele e para ele.</verse>
		<verse number="17">E ele é antes de todas as coisas, e todas as coisas subsistem por ele.</verse>
		<verse number="18">E ele é a cabeça do corpo, da igreja; é o princípio e o primogênito dentre os mortos, para que em tudo tenha a preeminência.</verse>
		<verse number="19">Porque foi do agrado do Pai que toda a plenitude nele habitasse,</verse>
		<verse number="20">E que, havendo por ele feito a paz pelo sangue da sua cruz, por meio dele reconciliasse consigo mesmo todas as coisas, tanto as que estão na terra, como as que estão nos céus.</verse>
		<verse number="21">A vós também, que noutro tempo éreis estranhos, e inimigos no entendimento pelas vossas obras más, agora contudo vos reconciliou</verse>
		<verse number="22">No corpo da sua carne, pela morte, para perante ele vos apresentar santos, e irrepreensíveis, e inculpáveis,</verse>
		<verse number="23">Se, na verdade, permanecerdes fundados e firmes na fé, e não vos moverdes da esperança do evangelho que tendes ouvido, o qual foi pregado a toda criatura que há debaixo do céu, e do qual eu, Paulo, estou feito ministro.</verse>
		<verse number="24">Regozijo-me agora no que padeço por vós, e na minha carne cumpro o resto das aflições de Cristo, pelo seu corpo, que é a igreja;</verse>
		<verse number="25">Da qual eu estou feito ministro segundo a dispensação de Deus, que me foi concedida para convosco, para cumprir a palavra de Deus;</verse>
		<verse number="26">O mistério que esteve oculto desde todos os séculos, e em todas as gerações, e que agora foi manifesto aos seus santos;</verse>
		<verse number="27">Aos quais Deus quis fazer conhecer quais são as riquezas da glória deste mistério entre os gentios, que é Cristo em vós, esperança da glória;</verse>
		<verse number="28">A quem anunciamos, admoestando a todo o homem, e ensinando a todo o homem em toda a sabedoria; para que apresentemos todo o homem perfeito em Jesus Cristo;</verse>
		<verse number="29">E para isto também trabalho, combatendo segundo a sua eficácia, que opera em mim poderosamente.</verse>
	</chapter>
	<chapter number="2">
		<verse number="1">Porque quero que saibais quão grande combate tenho por vós, e pelos que estão em Laodicéia, e por quantos não viram o meu rosto em carne;</verse>
		<verse number="2">Para que os seus corações sejam consolados, e estejam unidos em amor, e enriquecidos da plenitude da inteligência, para conhecimento do mistério de Deus e Pai, e de Cristo,</verse>
		<verse number="3">Em quem estão escondidos todos os tesouros da sabedoria e da ciência.</verse>
		<verse number="4">E digo isto, para que ninguém vos engane com palavras persuasivas.</verse>
		<verse number="5">Porque, ainda que esteja ausente quanto ao corpo, contudo, em espírito estou convosco, regozijando-me e vendo a vossa ordem e a firmeza da vossa fé em Cristo.</verse>
		<verse number="6">Como, pois, recebestes o Senhor Jesus Cristo, assim também andai nele,</verse>
		<verse number="7">Arraigados e sobreedificados nele, e confirmados na fé, assim como fostes ensinados, nela abundando em ação de graças.</verse>
		<verse number="8">Tende cuidado, para que ninguém vos faça presa sua, por meio de filosofias e vãs sutilezas, segundo a tradição dos homens, segundo os rudimentos do mundo, e não segundo Cristo;</verse>
		<verse number="9">Porque nele habita corporalmente toda a plenitude da divindade;</verse>
		<verse number="10">E estais perfeitos nele, que é a cabeça de todo o principado e potestade;</verse>
		<verse number="11">No qual também estais circuncidados com a circuncisão não feita por mão no despojo do corpo dos pecados da carne, pela circuncisão de Cristo;</verse>
		<verse number="12">Sepultados com ele no batismo, nele também ressuscitastes pela fé no poder de Deus, que o ressuscitou dentre os mortos.</verse>
		<verse number="13">E, quando vós estáveis mortos nos pecados, e na incircuncisão da vossa carne, vos vivificou juntamente com ele, perdoando-vos todas as ofensas,</verse>
		<verse number="14">Havendo riscado a cédula que era contra nós nas suas ordenanças, a qual de alguma maneira nos era contrária, e a tirou do meio de nós, cravando-a na cruz.</verse>
		<verse number="15">E, despojando os principados e potestades, os expôs publicamente e deles triunfou em si mesmo.</verse>
		<verse number="16">Portanto, ninguém vos julgue pelo comer, ou pelo beber, ou por causa dos dias de festa, ou da lua nova, ou dos sábados,</verse>
		<verse number="17">Que são sombras das coisas futuras, mas o corpo é de Cristo.</verse>
		<verse number="18">Ninguém vos domine a seu bel-prazer com pretexto de humildade e culto dos anjos, envolvendo-se em coisas que não viu; estando debalde inchado na sua carnal compreensão,</verse>
		<verse number="19">E não ligado à cabeça, da qual todo o corpo, provido e organizado pelas juntas e ligaduras, vai crescendo em aumento de Deus.</verse>
		<verse number="20">Se, pois, estais mortos com Cristo quanto aos rudimentos do mundo, por que vos carregam ainda de ordenanças, como se vivêsseis no mundo, tais como:</verse>
		<verse number="21">Não toques, não proves, não manuseies?</verse>
		<verse number="22">As quais coisas todas perecem pelo uso, segundo os preceitos e doutrinas dos homens;</verse>
		<verse number="23">As quais têm, na verdade, alguma aparência de sabedoria, em devoção voluntária, humildade, e em disciplina do corpo, mas não são de valor algum senão para a satisfação da carne.</verse>
	</chapter>
	<chapter number="3">
		<verse number="1">Portanto, se já ressuscitastes com Cristo, buscai as coisas que são de cima, onde Cristo está assentado à destra de Deus.</verse>
		<verse number="2">Pensai nas coisas que são de cima, e não nas que são da terra;</verse>
		<verse number="3">Porque já estais mortos, e a vossa vida está escondida com Cristo em Deus.</verse>
		<verse number="4">Quando Cristo, que é a nossa vida, se manifestar, então também vós vos manifestareis com ele em glória.</verse>
		<verse number="5">Mortificai, pois, os vossos membros, que estão sobre a terra: a fornicação, a impureza, o afeição desordenada, a vil concupiscência, e a avareza, que é idolatria;</verse>
		<verse number="6">Pelas quais coisas vem a ira de Deus sobre os filhos da desobediência;</verse>
		<verse number="7">Nas quais, também, em outro tempo andastes, quando vivíeis nelas.</verse>
		<verse number="8">Mas agora, despojai-vos também de tudo: da ira, da cólera, da malícia, da maledicência, das palavras torpes da vossa boca.</verse>
		<verse number="9">Não mintais uns aos outros, pois que já vos despistes do velho homem com os seus feitos,</verse>
		<verse number="10">E vos vestistes do novo, que se renova para o conhecimento, segundo a imagem daquele que o criou;</verse>
		<verse number="11">Onde não há grego, nem judeu, circuncisão, nem incircuncisão, bárbaro, cita, servo ou livre; mas Cristo é tudo, e em todos.</verse>
		<verse number="12">Revesti-vos, pois, como eleitos de Deus, santos e amados, de entranhas de misericórdia, de benignidade, humildade, mansidão, longanimidade;</verse>
		<verse number="13">Suportando-vos uns aos outros, e perdoando-vos uns aos outros, se alguém tiver queixa contra outro; assim como Cristo vos perdoou, assim fazei vós também.</verse>
		<verse number="14">E, sobre tudo isto, revesti-vos de amor, que é o vínculo da perfeição.</verse>
		<verse number="15">E a paz de Deus, para a qual também fostes chamados em um corpo, domine em vossos corações; e sede agradecidos.</verse>
		<verse number="16">A palavra de Cristo habite em vós abundantemente, em toda a sabedoria, ensinando-vos e admoestando-vos uns aos outros, com salmos, hinos e cânticos espirituais, cantando ao Senhor com graça em vosso coração.</verse>
		<verse number="17">E, quanto fizerdes por palavras ou por obras, fazei tudo em nome do Senhor Jesus, dando por ele graças a Deus Pai.</verse>
		<verse number="18">Vós, mulheres, estai sujeitas a vossos próprios maridos, como convém no Senhor.</verse>
		<verse number="19">Vós, maridos, amai a vossas mulheres, e não vos irriteis contra elas.</verse>
		<verse number="20">Vós, filhos, obedecei em tudo a vossos pais, porque isto é agradável ao Senhor.</verse>
		<verse number="21">Vós, pais, não irriteis a vossos filhos, para que não percam o ânimo.</verse>
		<verse number="22">Vós, servos, obedecei em tudo a vossos senhores segundo a carne, não servindo só na aparência, como para agradar aos homens, mas em simplicidade de coração, temendo a Deus.</verse>
		<verse number="23">E tudo quanto fizerdes, fazei-o de todo o coração, como ao Senhor, e não aos homens,</verse>
		<verse number="24">Sabendo que recebereis do Senhor o galardão da herança, porque a Cristo, o Senhor, servis.</verse>
		<verse number="25">Mas quem fizer agravo receberá o agravo que fizer; pois não há acepção de pessoas.</verse>
	</chapter>
	<chapter number="4">
		<verse number="1">Vós, senhores, fazei o que for de justiça e eqüidade a vossos servos, sabendo que também tendes um Senhor nos céus.</verse>
		<verse number="2">Perseverai em oração, velando nela com ação de graças;</verse>
		<verse number="3">Orando também juntamente por nós, para que Deus nos abra a porta da palavra, a fim de falarmos do mistério de Cristo, pelo qual estou também preso;</verse>
		<verse number="4">Para que o manifeste, como me convém falar.</verse>
		<verse number="5">Andai com sabedoria para com os que estão de fora, remindo o tempo.</verse>
		<verse number="6">A vossa palavra seja sempre agradável, temperada com sal, para que saibais como vos convém responder a cada um.</verse>
		<verse number="7">Tíquico, irmão amado e fiel ministro, e conservo no Senhor, vos fará saber o meu estado;</verse>
		<verse number="8">O qual vos enviei para o mesmo fim, para que saiba do vosso estado e console os vossos corações;</verse>
		<verse number="9">Juntamente com Onésimo, amado e fiel irmão, que é dos vossos; eles vos farão saber tudo o que por aqui se passa.</verse>
		<verse number="10">Aristarco, que está preso comigo, vos saúda, e Marcos, o sobrinho de Barnabé, acerca do qual já recebestes mandamentos; se ele for ter convosco, recebei-o;</verse>
		<verse number="11">E Jesus, chamado Justo; os quais são da circuncisão; são estes unicamente os meus cooperadores no reino de Deus; e para mim têm sido consolação.</verse>
		<verse number="12">Saúda-vos Epafras, que é dos vossos, servo de Cristo, combatendo sempre por vós em orações, para que vos conserveis firmes, perfeitos e consumados em toda a vontade de Deus.</verse>
		<verse number="13">Pois eu lhe dou testemunho de que tem grande zelo por vós, e pelos que estão em Laodicéia, e pelos que estão em Hierápolis.</verse>
		<verse number="14">Saúda-vos Lucas, o médico amado, e Demas.</verse>
		<verse number="15">Saudai aos irmãos que estão em Laodicéia e a Ninfa e à igreja que está em sua casa.</verse>
		<verse number="16">E, quando esta epístola tiver sido lida entre vós, fazei que também o seja na igreja dos laodicenses, e a que veio de Laodicéia lede-a vós também.</verse>
		<verse number="17">E dizei a Arquipo: Atenta para o ministério que recebeste no Senhor, para que o cumpras.</verse>
		<verse number="18">Saudação de minha mão, de Paulo. Lembrai-vos das minhas prisões. A graça seja convosco. Amém.</verse>
	</chapter>
</book>