﻿<?xml version="1.0" encoding="UTF-8"?>
<book name="Malaquias" abbrev="ml" chapters="4">
	<chapter number="1">
		<verse number="1">Peso da palavra do SENHOR contra Israel, por intermédio de Malaquias.</verse>
		<verse number="2">Eu vos tenho amado, diz o Senhor. Mas vós dizeis: Em que nos tens amado? Não era Esaú irmão de Jacó? disse o Senhor; todavia amei a Jacó,</verse>
		<verse number="3">E odiei a Esaú; e fiz dos seus montes uma desolação, e dei a sua herança aos chacais do deserto.</verse>
		<verse number="4">Ainda que Edom diga: Empobrecidos estamos, porém tornaremos a edificar os lugares desolados; assim diz o Senhor dos Exércitos: Eles edificarão, e eu destruirei; e lhes chamarão: Termo de impiedade, e povo contra quem o Senhor está irado para sempre.</verse>
		<verse number="5">E os vossos olhos o verão, e direis: O Senhor seja engrandecido além dos termos de Israel.</verse>
		<verse number="6">O filho honra o pai, e o servo o seu senhor; se eu sou pai, onde está a minha honra? E, se eu sou senhor, onde está o meu temor? diz o SENHOR dos Exércitos a vós, ó sacerdotes, que desprezais o meu nome. E vós dizeis: Em que nós temos desprezado o teu nome?</verse>
		<verse number="7">Ofereceis sobre o meu altar pão imundo, e dizeis: Em que te havemos profanado? Nisto que dizeis: A mesa do Senhor é desprezível.</verse>
		<verse number="8">Porque, quando ofereceis animal cego para o sacrifício, isso não é mau? E quando ofereceis o coxo ou enfermo, isso não é mau? Ora apresenta-o ao teu governador; porventura terá ele agrado em ti? ou aceitará ele a tua pessoa? diz o Senhor dos Exércitos.</verse>
		<verse number="9">Agora, pois, eu suplico, pedi a Deus, que ele seja misericordioso conosco; isto veio das vossas mãos; aceitará ele a vossa pessoa? diz o Senhor dos Exércitos.</verse>
		<verse number="10">Quem há também entre vós que feche as portas por nada, e não acenda debalde o fogo do meu altar? Eu não tenho prazer em vós, diz o Senhor dos Exércitos, nem aceitarei oferta da vossa mão.</verse>
		<verse number="11">Mas desde o nascente do sol até ao poente é grande entre os gentios o meu nome; e em todo o lugar se oferecerá ao meu nome incenso, e uma oferta pura; porque o meu nome é grande entre os gentios, diz o Senhor dos Exércitos.</verse>
		<verse number="12">Mas vós o profanais, quando dizeis: A mesa do Senhor é impura, e o seu produto, isto é, a sua comida é desprezível.</verse>
		<verse number="13">E dizeis ainda: Eis aqui, que canseira! E o lançastes ao desprezo, diz o Senhor dos Exércitos; vós ofereceis o que foi roubado, e o coxo e o enfermo; assim trazeis a oferta. Aceitaria eu isso de vossa mão? diz o Senhor.</verse>
		<verse number="14">Pois seja maldito o enganador que, tendo macho no seu rebanho, promete e oferece ao Senhor o que tem mácula; porque eu sou grande Rei, diz o Senhor dos Exércitos, o meu nome é temível entre os gentios.</verse>
	</chapter>
	<chapter number="2">
		<verse number="1">Agora, ó sacerdotes, este mandamento é para vós.</verse>
		<verse number="2">Se não ouvirdes e se não propuserdes, no vosso coração, dar honra ao meu nome, diz o Senhor dos Exércitos, enviarei a maldição contra vós, e amaldiçoarei as vossas bênçãos; e também já as tenho amaldiçoado, porque não aplicais a isso o coração.</verse>
		<verse number="3">Eis que reprovarei a vossa semente, e espalharei esterco sobre os vossos rostos, o esterco das vossas festas solenes; e para junto deste sereis levados.</verse>
		<verse number="4">Então sabereis que eu vos enviei este mandamento, para que a minha aliança fosse com Levi, diz o Senhor dos Exércitos.</verse>
		<verse number="5">Minha aliança com ele foi de vida e de paz, e eu lhas dei para que temesse; então temeu-me, e assombrou-se por causa do meu nome.</verse>
		<verse number="6">A lei da verdade esteve na sua boca, e a iniqüidade não se achou nos seus lábios; andou comigo em paz e em retidão, e da iniqüidade converteu a muitos.</verse>
		<verse number="7">Porque os lábios do sacerdote devem guardar o conhecimento, e da sua boca devem os homens buscar a lei porque ele é o mensageiro do Senhor dos Exércitos.</verse>
		<verse number="8">Mas vós vos desviastes do caminho; a muitos fizestes tropeçar na lei; corrompestes a aliança de Levi, diz o Senhor dos Exércitos.</verse>
		<verse number="9">Por isso também eu vos fiz desprezíveis, e indignos diante de todo o povo, visto que não guardastes os meus caminhos, mas fizestes acepção de pessoas na lei.</verse>
		<verse number="10">Não temos nós todos um mesmo Pai? Não nos criou um mesmo Deus? Por que agimos aleivosamente cada um contra seu irmão, profanando a aliança de nossos pais?</verse>
		<verse number="11">Judá tem sido desleal, e abominação se cometeu em Israel e em Jerusalém; porque Judá profanou o santuário do Senhor, o qual ele ama, e se casou com a filha de deus estranho.</verse>
		<verse number="12">O Senhor destruirá das tendas de Jacó o homem que fizer isto, o que vela, e o que responde, e o que apresenta uma oferta ao Senhor dos Exércitos.</verse>
		<verse number="13">Ainda fazeis isto outra vez, cobrindo o altar do Senhor de lágrimas, com choro e com gemidos; de sorte que ele não olha mais para a oferta, nem a aceitará com prazer da vossa mão.</verse>
		<verse number="14">E dizeis: Por quê? Porque o Senhor foi testemunha entre ti e a mulher da tua mocidade, com a qual tu foste desleal, sendo ela a tua companheira, e a mulher da tua aliança.</verse>
		<verse number="15">E não fez ele somente um, ainda que lhe sobrava o espírito? E por que somente um? Ele buscava uma descendência para Deus. Portanto guardai-vos em vosso espírito, e ninguém seja infiel para com a mulher da sua mocidade.</verse>
		<verse number="16">Porque o Senhor, o Deus de Israel diz que odeia o repúdio, e aquele que encobre a violência com a sua roupa, diz o Senhor dos Exércitos; portanto guardai-vos em vosso espírito, e não sejais desleais.</verse>
		<verse number="17">Enfadais ao Senhor com vossas palavras; e ainda dizeis: Em que o enfadamos? Nisto que dizeis: Qualquer que faz o mal passa por bom aos olhos do Senhor, e desses é que ele se agrada, ou, onde está o Deus do juízo?</verse>
	</chapter>
	<chapter number="3">
		<verse number="1">Eis que eu envio o meu mensageiro, que preparará o caminho diante de mim; e de repente virá ao seu templo o Senhor, a quem vós buscais; e o mensageiro da aliança, a quem vós desejais, eis que ele vem, diz o SENHOR dos Exércitos.</verse>
		<verse number="2">Mas quem suportará o dia da sua vinda? E quem subsistirá, quando ele aparecer? Porque ele será como o fogo do ourives e como o sabão dos lavandeiros.</verse>
		<verse number="3">E assentar-se-á como fundidor e purificador de prata; e purificará os filhos de Levi, e os refinará como ouro e como prata; então ao Senhor trarão oferta em justiça.</verse>
		<verse number="4">E a oferta de Judá e de Jerusalém será agradável ao Senhor, como nos dias antigos, e como nos primeiros anos.</verse>
		<verse number="5">E chegar-me-ei a vós para juízo; e serei uma testemunha veloz contra os feiticeiros, contra os adúlteros, contra os que juram falsamente, contra os que defraudam o diarista em seu salário, e a viúva, e o órfão, e que pervertem o direito do estrangeiro, e não me temem, diz o Senhor dos Exércitos.</verse>
		<verse number="6">Porque eu, o Senhor, não mudo; por isso vós, ó filhos de Jacó, não sois consumidos.</verse>
		<verse number="7">Desde os dias de vossos pais vos desviastes dos meus estatutos, e não os guardastes; tornai-vos para mim, e eu me tornarei para vós, diz o Senhor dos Exércitos; mas vós dizeis: Em que havemos de tornar?</verse>
		<verse number="8">Roubará o homem a Deus? Todavia vós me roubais, e dizeis: Em que te roubamos? Nos dízimos e nas ofertas.</verse>
		<verse number="9">Com maldição sois amaldiçoados, porque a mim me roubais, sim, toda esta nação.</verse>
		<verse number="10">Trazei todos os dízimos à casa do tesouro, para que haja mantimento na minha casa, e depois fazei prova de mim nisto, diz o Senhor dos Exércitos, se eu não vos abrir as janelas do céu, e não derramar sobre vós uma bênção tal até que não haja lugar suficiente para a recolherdes.</verse>
		<verse number="11">E por causa de vós repreenderei o devorador, e ele não destruirá os frutos da vossa terra; e a vossa vide no campo não será estéril, diz o Senhor dos Exércitos.</verse>
		<verse number="12">E todas as nações vos chamarão bem-aventurados; porque vós sereis uma terra deleitosa, diz o Senhor dos Exércitos.</verse>
		<verse number="13">As vossas palavras foram agressivas para mim, diz o Senhor; mas vós dizeis: Que temos falado contra ti?</verse>
		<verse number="14">Vós tendes dito: Inútil é servir a Deus; que nos aproveita termos cuidado em guardar os seus preceitos, e em andar de luto diante do Senhor dos Exércitos?</verse>
		<verse number="15">Ora, pois, nós reputamos por bem-aventurados os soberbos; também os que cometem impiedade são edificados; sim, eles tentam a Deus, e escapam.</verse>
		<verse number="16">Então aqueles que temeram ao Senhor falaram freqüentemente um ao outro; e o Senhor atentou e ouviu; e um memorial foi escrito diante dele, para os que temeram o Senhor, e para os que se lembraram do seu nome.</verse>
		<verse number="17">E eles serão meus, diz o Senhor dos Exércitos; naquele dia serão para mim jóias; poupá-los-ei, como um homem poupa a seu filho, que o serve.</verse>
		<verse number="18">Então voltareis e vereis a diferença entre o justo e o ímpio; entre o que serve a Deus, e o que não o serve.</verse>
	</chapter>
	<chapter number="4">
		<verse number="1">Porque eis que aquele dia vem ardendo como fornalha; todos os soberbos, e todos os que cometem impiedade, serão como a palha; e o dia que está para vir os abrasará, diz o SENHOR dos Exércitos, de sorte que lhes não deixará nem raiz nem ramo.</verse>
		<verse number="2">Mas para vós, os que temeis o meu nome, nascerá o sol da justiça, e cura trará nas suas asas; e saireis e saltareis como bezerros da estrebaria.</verse>
		<verse number="3">E pisareis os ímpios, porque se farão cinza debaixo das plantas de vossos pés, naquele dia que estou preparando, diz o Senhor dos Exércitos.</verse>
		<verse number="4">Lembrai-vos da lei de Moisés, meu servo, que lhe mandei em Horebe para todo o Israel, a saber, estatutos e juízos.</verse>
		<verse number="5">Eis que eu vos enviarei o profeta Elias, antes que venha o grande e terrível dia do Senhor;</verse>
		<verse number="6">E ele converterá o coração dos pais aos filhos, e o coração dos filhos a seus pais; para que eu não venha, e fira a terra com maldição.</verse>
	</chapter>
</book>