﻿<?xml version="1.0" encoding="UTF-8"?>
<book name="2ª Coríntios" abbrev="2co" chapters="13">
	<chapter number="1">
		<verse number="1">Paulo, apóstolo de Jesus Cristo, pela vontade de Deus, e o irmão Timóteo, à igreja de Deus, que está em Corinto, com todos os santos que estão em toda a Acaia.</verse>
		<verse number="2">Graça a vós e paz da parte de Deus nosso Pai, e da do Senhor Jesus Cristo.</verse>
		<verse number="3">Bendito seja o Deus e Pai de nosso Senhor Jesus Cristo, o Pai das misericórdias e o Deus de toda a consolação;</verse>
		<verse number="4">Que nos consola em toda a nossa tribulação, para que também possamos consolar os que estiverem em alguma tribulação, com a consolação com que nós mesmos somos consolados por Deus.</verse>
		<verse number="5">Porque, como as aflições de Cristo são abundantes em nós, assim também é abundante a nossa consolação por meio de Cristo.</verse>
		<verse number="6">Mas, se somos atribulados, é para vossa consolação e salvação; ou, se somos consolados, para vossa consolação é, a qual se opera suportando com paciência as mesmas aflições que nós também padecemos;</verse>
		<verse number="7">E a nossa esperança acerca de vós é firme, sabendo que, como sois participantes das aflições, assim o sereis também da consolação.</verse>
		<verse number="8">Porque não queremos, irmãos, que ignoreis a tribulação que nos sobreveio na Ásia, pois que fomos sobremaneira agravados mais do que podíamos suportar, de modo tal que até da vida desesperamos.</verse>
		<verse number="9">Mas já em nós mesmos tínha- mos a sentença de morte, para que não confiássemos em nós, mas em Deus, que ressuscita os mortos;</verse>
		<verse number="10">O qual nos livrou de tão grande morte, e livra; em quem esperamos que também nos livrará ainda,</verse>
		<verse number="11">Ajudando-nos também vós com orações por nós, para que pela mercê, que por muitas pessoas nos foi feita, por muitas também sejam dadas graças a nosso respeito.</verse>
		<verse number="12">Porque a nossa glória é esta: o testemunho da nossa consciência, de que com simplicidade e sinceridade de Deus, não com sabedoria carnal, mas na graça de Deus, temos vivido no mundo, e de modo particular convosco.</verse>
		<verse number="13">Porque nenhumas outras coisas vos escrevemos, senão as que já sabeis ou também reconheceis; e espero que também até ao fim as reconhecereis.</verse>
		<verse number="14">Como também já em parte reconhecestes em nós, que somos a vossa glória, como também vós sereis a nossa no dia do Senhor Jesus.</verse>
		<verse number="15">E com esta confiança quis primeiro ir ter convosco, para que tivésseis uma segunda graça;</verse>
		<verse number="16">E por vós passar à macedônia, e da macedônia ir outra vez ter convosco, e ser guiado por vós à Judéia.</verse>
		<verse number="17">E, deliberando isto, usei porventura de leviandade? Ou o que delibero, o delibero segundo a carne, para que haja em mim sim, sim, e não, não?</verse>
		<verse number="18">Antes, como Deus é fiel, a nossa palavra para convosco não foi sim e não.</verse>
		<verse number="19">Porque o Filho de Deus, Jesus Cristo, que entre vós foi pregado por nós, isto é, por mim, Silvano e Timóteo, não foi sim e não; mas nele houve sim.</verse>
		<verse number="20">Porque todas quantas promessas há de Deus, são nele sim, e por ele o Amém, para glória de Deus por nós.</verse>
		<verse number="21">Mas o que nos confirma convosco em Cristo, e o que nos ungiu, é Deus,</verse>
		<verse number="22">O qual também nos selou e deu o penhor do Espírito em nossos corações.</verse>
		<verse number="23">Invoco, porém, a Deus por testemunha sobre a minha alma, que para vos poupar não tenho até agora ido a Corinto;</verse>
		<verse number="24">Não que tenhamos domínio sobre a vossa fé, mas porque somos cooperadores de vosso gozo; porque pela fé estais em pé.</verse>
	</chapter>
	<chapter number="2">
		<verse number="1">Mas deliberei isto comigo mesmo: não ir mais ter convosco em tristeza.</verse>
		<verse number="2">Porque, se eu vos entristeço, quem é que me alegrará, senão aquele que por mim foi contristado?</verse>
		<verse number="3">E escrevi-vos isto mesmo, para que, quando lá for, não tenha tristeza da parte dos que deveriam alegrar-me; confiando em vós todos, que a minha alegria é a de todos vós.</verse>
		<verse number="4">Porque em muita tribulação e angústia do coração vos escrevi, com muitas lágrimas, não para que vos entristecêsseis, mas para que conhecêsseis o amor que abundantemente vos tenho.</verse>
		<verse number="5">Porque, se alguém me contristou, não me contristou a mim senão em parte, para vos não sobrecarregar a vós todos.</verse>
		<verse number="6">Basta-lhe ao tal esta repreensão feita por muitos.</verse>
		<verse number="7">De maneira que pelo contrário deveis antes perdoar-lhe e consolá-lo, para que o tal não seja de modo algum devorado de demasiada tristeza.</verse>
		<verse number="8">Por isso vos rogo que confirmeis para com ele o vosso amor.</verse>
		<verse number="9">E para isso vos escrevi também, para por esta prova saber se sois obedientes em tudo.</verse>
		<verse number="10">E a quem perdoardes alguma coisa, também eu; porque, o que eu também perdoei, se é que tenho perdoado, por amor de vós o fiz na presença de Cristo; para que não sejamos vencidos por Satanás;</verse>
		<verse number="11">Porque não ignoramos os seus ardís.</verse>
		<verse number="12">Ora, quando cheguei a Trôade para pregar o evangelho de Cristo, e abrindo-se-me uma porta no Senhor,</verse>
		<verse number="13">Não tive descanso no meu espírito, porque não achei ali meu irmão Tito; mas, despedindo-me deles, parti para a macedônia.</verse>
		<verse number="14">E graças a Deus, que sempre nos faz triunfar em Cristo, e por meio de nós manifesta em todo o lugar a fragrância do seu conhecimento.</verse>
		<verse number="15">Porque para Deus somos o bom perfume de Cristo, nos que se salvam e nos que se perdem.</verse>
		<verse number="16">Para estes certamente cheiro de morte para morte; mas para aqueles cheiro de vida para vida. E para estas coisas quem é idôneo?</verse>
		<verse number="17">Porque nós não somos, como muitos, falsificadores da palavra de Deus, antes falamos de Cristo com sinceridade, como de Deus na presença de Deus.</verse>
	</chapter>
	<chapter number="3">
		<verse number="1">Porventura começamos outra vez a louvar-nos a nós mesmos? Ou necessitamos, como alguns, de cartas de recomendação para vós, ou de recomendação de vós?</verse>
		<verse number="2">Vós sois a nossa carta, escrita em nossos corações, conhecida e lida por todos os homens.</verse>
		<verse number="3">Porque já é manifesto que vós sois a carta de Cristo, ministrada por nós, e escrita, não com tinta, mas com o Espírito do Deus vivo, não em tábuas de pedra, mas nas tábuas de carne do coração.</verse>
		<verse number="4">E é por Cristo que temos tal confiança em Deus;</verse>
		<verse number="5">Não que sejamos capazes, por nós, de pensar alguma coisa, como de nós mesmos; mas a nossa capacidade vem de Deus,</verse>
		<verse number="6">O qual nos fez também capazes de ser ministros de um novo testamento, não da letra, mas do espírito; porque a letra mata e o espírito vivifica.</verse>
		<verse number="7">E, se o ministério da morte, gravado com letras em pedras, veio em glória, de maneira que os filhos de Israel não podiam fitar os olhos na face de Moisés, por causa da glória do seu rosto, a qual era transitória,</verse>
		<verse number="8">Como não será de maior glória o ministério do Espírito?</verse>
		<verse number="9">Porque, se o ministério da condenação foi glorioso, muito mais excederá em glória o ministério da justiça.</verse>
		<verse number="10">Porque também o que foi glorificado nesta parte não foi glorificado, por causa desta excelente glória.</verse>
		<verse number="11">Porque, se o que era transitório foi para glória, muito mais é em glória o que permanece.</verse>
		<verse number="12">Tendo, pois, tal esperança, usamos de muita ousadia no falar.</verse>
		<verse number="13">E não somos como Moisés, que punha um véu sobre a sua face, para que os filhos de Israel não olhassem firmemente para o fim daquilo que era transitório.</verse>
		<verse number="14">Mas os seus sentidos foram endurecidos; porque até hoje o mesmo véu está por levantar na lição do velho testamento, o qual foi por Cristo abolido;</verse>
		<verse number="15">E até hoje, quando é lido Moisés, o véu está posto sobre o coração deles.</verse>
		<verse number="16">Mas, quando se converterem ao Senhor, então o véu se tirará.</verse>
		<verse number="17">Ora, o Senhor é o Espírito; e onde está o Espírito do Senhor, aí há liberdade.</verse>
		<verse number="18">Mas todos nós, com rosto descoberto, refletindo como um espelho a glória do Senhor, somos transformados de glória em glória na mesma imagem, como pelo Espírito do Senhor.</verse>
	</chapter>
	<chapter number="4">
		<verse number="1">Por isso, tendo este ministério, segundo a misericórdia que nos foi feita, não desfalecemos;</verse>
		<verse number="2">Antes, rejeitamos as coisas que por vergonha se ocultam, não andando com astúcia nem falsificando a palavra de Deus; e assim nos recomendamos à consciência de todo o homem, na presença de Deus, pela manifestação da verdade.</verse>
		<verse number="3">Mas, se ainda o nosso evangelho está encoberto, para os que se perdem está encoberto.</verse>
		<verse number="4">Nos quais o deus deste século cegou os entendimentos dos incrédulos, para que lhes não resplandeça a luz do evangelho da glória de Cristo, que é a imagem de Deus.</verse>
		<verse number="5">Porque não nos pregamos a nós mesmos, mas a Cristo Jesus, o Senhor; e nós mesmos somos vossos servos por amor de Jesus.</verse>
		<verse number="6">Porque Deus, que disse que das trevas resplandecesse a luz, é quem resplandeceu em nossos corações, para iluminação do conhecimento da glória de Deus, na face de Jesus Cristo.</verse>
		<verse number="7">Temos, porém, este tesouro em vasos de barro, para que a excelência do poder seja de Deus, e não de nós.</verse>
		<verse number="8">Em tudo somos atribulados, mas não angustiados; perplexos, mas não desanimados.</verse>
		<verse number="9">Perseguidos, mas não desamparados; abatidos, mas não destruídos;</verse>
		<verse number="10">Trazendo sempre por toda a parte a mortificação do Senhor Jesus no nosso corpo, para que a vida de Jesus se manifeste também nos nossos corpos;</verse>
		<verse number="11">E assim nós, que vivemos, estamos sempre entregues à morte por amor de Jesus, para que a vida de Jesus se manifeste também na nossa carne mortal.</verse>
		<verse number="12">De maneira que em nós opera a morte, mas em vós a vida.</verse>
		<verse number="13">E temos portanto o mesmo espírito de fé, como está escrito: Cri, por isso falei; nós cremos também, por isso também falamos.</verse>
		<verse number="14">Sabendo que o que ressuscitou o Senhor Jesus nos ressuscitará também por Jesus, e nos apresentará convosco.</verse>
		<verse number="15">Porque tudo isto é por amor de vós, para que a graça, multiplicada por meio de muitos, faça abundar a ação de graças para glória de Deus.</verse>
		<verse number="16">Por isso não desfalecemos; mas, ainda que o nosso homem exterior se corrompa, o interior, contudo, se renova de dia em dia.</verse>
		<verse number="17">Porque a nossa leve e momentânea tribulação produz para nós um peso eterno de glória mui excelente;</verse>
		<verse number="18">Não atentando nós nas coisas que se vêem, mas nas que se não vêem; porque as que se vêem são temporais, e as que se não vêem são eternas.</verse>
	</chapter>
	<chapter number="5">
		<verse number="1">Porque sabemos que, se a nossa casa terrestre deste tabernáculo se desfizer, temos de Deus um edifício, uma casa não feita por mãos, eterna, nos céus.</verse>
		<verse number="2">E por isso também gememos, desejando ser revestidos da nossa habitação, que é do céu;</verse>
		<verse number="3">Se, todavia, estando vestidos, não formos achados nus.</verse>
		<verse number="4">Porque também nós, os que estamos neste tabernáculo, gememos carregados; não porque queremos ser despidos, mas revestidos, para que o mortal seja absorvido pela vida.</verse>
		<verse number="5">Ora, quem para isto mesmo nos preparou foi Deus, o qual nos deu também o penhor do Espírito.</verse>
		<verse number="6">Por isso estamos sempre de bom ânimo, sabendo que, enquanto estamos no corpo, vivemos ausentes do Senhor</verse>
		<verse number="7">(Porque andamos por fé, e não por vista).</verse>
		<verse number="8">Mas temos confiança e desejamos antes deixar este corpo, para habitar com o Senhor.</verse>
		<verse number="9">Pois que muito desejamos também ser-lhe agradáveis, quer presentes, quer ausentes.</verse>
		<verse number="10">Porque todos devemos comparecer ante o tribunal de Cristo, para que cada um receba segundo o que tiver feito por meio do corpo, ou bem, ou mal.</verse>
		<verse number="11">Assim que, sabendo o temor que se deve ao Senhor, persuadimos os homens à fé, mas somos manifestos a Deus; e espero que nas vossas consciências sejamos também manifestos.</verse>
		<verse number="12">Porque não nos recomendamos outra vez a vós; mas damo-vos ocasião de vos gloriardes de nós, para que tenhais que responder aos que se gloriam na aparência e não no coração.</verse>
		<verse number="13">Porque, se enlouquecemos, é para Deus; e, se conservamos o juízo, é para vós.</verse>
		<verse number="14">Porque o amor de Cristo nos constrange, julgando nós assim: que, se um morreu por todos, logo todos morreram.</verse>
		<verse number="15">E ele morreu por todos, para que os que vivem não vivam mais para si, mas para aquele que por eles morreu e ressuscitou.</verse>
		<verse number="16">Assim que daqui por diante a ninguém conhecemos segundo a carne, e, ainda que também tenhamos conhecido Cristo segundo a carne, contudo agora já não o conhecemos deste modo.</verse>
		<verse number="17">Assim que, se alguém está em Cristo, nova criatura é; as coisas velhas já passaram; eis que tudo se fez novo.</verse>
		<verse number="18">E tudo isto provém de Deus, que nos reconciliou consigo mesmo por Jesus Cristo, e nos deu o ministério da reconciliação;</verse>
		<verse number="19">Isto é, Deus estava em Cristo reconciliando consigo o mundo, não lhes imputando os seus pecados; e pôs em nós a palavra da reconciliação.</verse>
		<verse number="20">De sorte que somos embaixadores da parte de Cristo, como se Deus por nós rogasse. Rogamo-vos, pois, da parte de Cristo, que vos reconcilieis com Deus.</verse>
		<verse number="21">Àquele que não conheceu pecado, o fez pecado por nós; para que nele fôssemos feitos justiça de Deus.</verse>
	</chapter>
	<chapter number="6">
		<verse number="1">E nós, cooperando também com ele, vos exortamos a que não recebais a graça de Deus em vão</verse>
		<verse number="2">(Porque diz:Ouvi-te em tempo aceitável e socorri-te no dia da salvação;eis aqui agora o tempo aceitável, eis aqui agora o dia da salvação).</verse>
		<verse number="3">Não dando nós escândalo em coisa alguma, para que o nosso ministério não seja censurado;</verse>
		<verse number="4">Antes, como ministros de Deus, tornando-nos recomendáveis em tudo; na muita paciência, nas aflições, nas necessidades, nas angústias,</verse>
		<verse number="5">Nos açoites, nas prisões, nos tumultos, nos trabalhos, nas vigílias, nos jejuns,</verse>
		<verse number="6">Na pureza, na ciência, na longanimidade, na benignidade, no Espírito Santo, no amor não fingido,</verse>
		<verse number="7">Na palavra da verdade, no poder de Deus, pelas armas da justiça, à direita e à esquerda,</verse>
		<verse number="8">Por honra e por desonra, por infâmia e por boa fama; como enganadores, e sendo verdadeiros;</verse>
		<verse number="9">Como desconhecidos, mas sendo bem conhecidos; como morrendo, e eis que vivemos; como castigados, e não mortos;</verse>
		<verse number="10">Como contristados, mas sempre alegres; como pobres, mas enriquecendo a muitos; como nada tendo, e possuindo tudo.</verse>
		<verse number="11">Ó coríntios, a nossa boca está aberta para vós, o nosso coração está dilatado.</verse>
		<verse number="12">Não estais estreitados em nós; mas estais estreitados nos vossos próprios afetos.</verse>
		<verse number="13">Ora, em recompensa disto, (falo como a filhos) dilatai-vos também vós.</verse>
		<verse number="14">Não vos prendais a um jugo desigual com os infiéis; porque, que sociedade tem a justiça com a injustiça? E que comunhão tem a luz com as trevas?</verse>
		<verse number="15">E que concórdia há entre Cristo e Belial? Ou que parte tem o fiel com o infiel?</verse>
		<verse number="16">E que consenso tem o templo de Deus com os ídolos? Porque vós sois o templo do Deus vivente, como Deus disse: Neles habitarei, e entre eles andarei; e eu serei o seu Deus e eles serão o meu povo.</verse>
		<verse number="17">Por isso saí do meio deles, e apartai-vos, diz o Senhor;E não toqueis nada imundo,E eu vos receberei;</verse>
		<verse number="18">E eu serei para vós Pai,E vós sereis para mim filhos e filhas, Diz o Senhor Todo-Poderoso.</verse>
	</chapter>
	<chapter number="7">
		<verse number="1">Ora, amados, pois que temos tais promessas, purifiquemo-nos de toda a imundícia da carne e do espírito, aperfeiçoando a santificação no temor de Deus.</verse>
		<verse number="2">Recebei-nos em vossos corações; a ninguém agravamos, a ninguém corrompemos, de ninguém buscamos o nosso proveito.</verse>
		<verse number="3">Não digo isto para vossa condenação; pois já antes tinha dito que estais em nossos corações para juntamente morrer e viver.</verse>
		<verse number="4">Grande é a ousadia da minha fala para convosco, e grande a minha jactância a respeito de vós; estou cheio de consolação; transbordo de gozo em todas as nossas tribulações.</verse>
		<verse number="5">Porque, mesmo quando chegamos à macedônia, a nossa carne não teve repouso algum; antes em tudo fomos atribulados: por fora combates, temores por dentro.</verse>
		<verse number="6">Mas Deus, que consola os abatidos, nos consolou com a vinda de Tito.</verse>
		<verse number="7">E não somente com a sua vinda, mas também pela consolação com que foi consolado por vós, contando-nos as vossas saudades, o vosso choro, o vosso zelo por mim, de maneira que muito me regozijei.</verse>
		<verse number="8">Porquanto, ainda que vos contristei com a minha carta, não me arrependo, embora já me tivesse arrependido por ver que aquela carta vos contristou, ainda que por pouco tempo.</verse>
		<verse number="9">Agora folgo, não porque fostes contristados, mas porque fostes contristados para arrependimento; pois fostes contristados segundo Deus; de maneira que por nós não padecestes dano em coisa alguma.</verse>
		<verse number="10">Porque a tristeza segundo Deus opera arrependimento para a salvação, da qual ninguém se arrepende; mas a tristeza do mundo opera a morte.</verse>
		<verse number="11">Porque, quanto cuidado não produziu isto mesmo em vós que, segundo Deus, fostes contristados! que apologia, que indignação, que temor, que saudades, que zelo, que vingança! Em tudo mostrastes estar puros neste negócio.</verse>
		<verse number="12">Portanto, ainda que vos escrevi, não foi por causa do que fez o agravo, nem por causa do que sofreu o agravo, mas para que o vosso grande cuidado por nós fosse manifesto diante de Deus.</verse>
		<verse number="13">Por isso fomos consolados pela vossa consolação, e muito mais nos alegramos pela alegria de Tito, porque o seu espírito foi recreado por vós todos.</verse>
		<verse number="14">Porque, se nalguma coisa me gloriei de vós para com ele, não fiquei envergonhado; mas, como vos dissemos tudo com verdade, também a nossa glória para com Tito se achou verdadeira.</verse>
		<verse number="15">E o seu entranhável afeto para convosco é mais abundante, lembrando-se da obediência de vós todos, e de como o recebestes com temor e tremor.</verse>
		<verse number="16">Regozijo-me de em tudo poder confiar em vós.</verse>
	</chapter>
	<chapter number="8">
		<verse number="1">Também, irmãos, vos fazemos conhecer a graça de Deus dada às igrejas da macedônia;</verse>
		<verse number="2">Como em muita prova de tribulação houve abundância do seu gozo, e como a sua profunda pobreza abundou em riquezas da sua generosidade.</verse>
		<verse number="3">Porque, segundo o seu poder (o que eu mesmo testifico) e ainda acima do seu poder, deram voluntariamente.</verse>
		<verse number="4">Pedindo-nos com muitos rogos que aceitássemos a graça e a comunicação deste serviço, que se fazia para com os santos.</verse>
		<verse number="5">E não somente fizeram como nós esperávamos, mas a si mesmos se deram primeiramente ao Senhor, e depois a nós, pela vontade de Deus.</verse>
		<verse number="6">De maneira que exortamos a Tito que, assim como antes tinha começado, assim também acabasse esta graça entre vós.</verse>
		<verse number="7">Portanto, assim como em tudo abundais em fé, e em palavra, e em ciência, e em toda a diligência, e em vosso amor para conosco, assim também abundeis nesta graça.</verse>
		<verse number="8">Não digo isto como quem manda, mas para provar, pela diligência dos outros, a sinceridade de vosso amor.</verse>
		<verse number="9">Porque já sabeis a graça de nosso Senhor Jesus Cristo que, sendo rico, por amor de vós se fez pobre; para que pela sua pobreza enriquecêsseis.</verse>
		<verse number="10">E nisto dou o meu parecer; pois isto convém a vós que, desde o ano passado, começastes; e não foi só praticar, mas também querer.</verse>
		<verse number="11">Agora, porém, completai também o já começado, para que, assim como houve a prontidão de vontade, haja também o cumprimento, segundo o que tendes.</verse>
		<verse number="12">Porque, se há prontidão de vontade, será aceita segundo o que qualquer tem, e não segundo o que não tem.</verse>
		<verse number="13">Mas, não digo isto para que os outros tenham alívio, e vós opressão,</verse>
		<verse number="14">Mas para igualdade; neste tempo presente, a vossa abundância supra a falta dos outros, para que também a sua abundância supra a vossa falta, e haja igualdade;</verse>
		<verse number="15">Como está escrito: O que muito colheu não teve demais; e o que pouco, não teve de menos.</verse>
		<verse number="16">Mas, graças a Deus, que pôs a mesma solicitude por vós no coração de Tito;</verse>
		<verse number="17">Pois aceitou a exortação, e muito diligente partiu voluntariamente para vós.</verse>
		<verse number="18">E com ele enviamos aquele irmão cujo louvor no evangelho está espalhado em todas as igrejas.</verse>
		<verse number="19">E não só isto, mas foi também escolhido pelas igrejas para companheiro da nossa viagem, nesta graça que por nós é ministrada para glória do mesmo Senhor, e prontidão do vosso ânimo;</verse>
		<verse number="20">Evitando isto, que alguém nos vitupere por esta abundância, que por nós é ministrada;</verse>
		<verse number="21">Pois zelamos do que é honesto, não só diante do Senhor, mas também diante dos homens.</verse>
		<verse number="22">Com eles enviamos também outro nosso irmão, o qual muitas vezes, e em muitas coisas, já experimentamos ser diligente, e agora muito mais diligente ainda pela muita confiança que em vós tem.</verse>
		<verse number="23">Quanto a Tito, é meu companheiro, e cooperador para convosco; quanto a nossos irmãos, são embaixadores das igrejas e glória de Cristo.</verse>
		<verse number="24">Portanto, mostrai para com eles, e perante a face das igrejas, a prova do vosso amor, e da nossa glória acerca de vós.</verse>
	</chapter>
	<chapter number="9">
		<verse number="1">Quanto à administração que se faz a favor dos santos, não necessito escrever-vos;</verse>
		<verse number="2">Porque bem sei a prontidão do vosso ânimo, da qual me glorio de vós para com os macedônios; que a Acaia está pronta desde o ano passado; e o vosso zelo tem estimulado muitos.</verse>
		<verse number="3">Mas enviei estes irmãos, para que a nossa glória, acerca de vós, não seja vã nesta parte; para que (como já disse) possais estar prontos,</verse>
		<verse number="4">A fim de, se acaso os macedônios vierem comigo, e vos acharem desapercebidos, não nos envergonharmos nós (para não dizermos vós) deste firme fundamento de glória.</verse>
		<verse number="5">Portanto, tive por coisa necessária exortar estes irmãos, para que primeiro fossem ter convosco, e preparassem de antemão a vossa bênção, já antes anunciada, para que esteja pronta como bênção, e não como avareza.</verse>
		<verse number="6">E digo isto: Que o que semeia pouco, pouco também ceifará; e o que semeia em abundância, em abundância ceifará.</verse>
		<verse number="7">Cada um contribua segundo propôs no seu coração; não com tristeza, ou por necessidade; porque Deus ama ao que dá com alegria.</verse>
		<verse number="8">E Deus é poderoso para fazer abundar em vós toda a graça, a fim de que tendo sempre, em tudo, toda a suficiência, abundeis em toda a boa obra;</verse>
		<verse number="9">Conforme está escrito:Espalhou, deu aos pobres;a sua justiça permanece para sempre.</verse>
		<verse number="10">Ora, aquele que dá a semente ao que semeia, também vos dê pão para comer, e multiplique a vossa sementeira, e aumente os frutos da vossa justiça;</verse>
		<verse number="11">Para que em tudo enriqueçais para toda a beneficência, a qual faz que por nós se dêem graças a Deus.</verse>
		<verse number="12">Porque a administração deste serviço, não só supre as necessidades dos santos, mas também é abundante em muitas graças, que se dão a Deus.</verse>
		<verse number="13">Visto como, na prova desta administração, glorificam a Deus pela submissão, que confessais quanto ao evangelho de Cristo, e pela liberalidade de vossos dons para com eles, e para com todos;</verse>
		<verse number="14">E pela sua oração por vós, tendo de vós saudades, por causa da excelente graça de Deus que em vós há.</verse>
		<verse number="15">Graças a Deus, pois, pelo seu dom inefável.</verse>
	</chapter>
	<chapter number="10">
		<verse number="1">Além disto, eu, Paulo, vos rogo, pela mansidão e benignidade de Cristo, eu que, na verdade, quando presente entre vós, sou humilde, mas ausente, ousado para convosco;</verse>
		<verse number="2">Rogo-vos, pois, que, quando estiver presente, não me veja obrigado a usar com confiança da ousadia que espero ter com alguns, que nos julgam, como se andássemos segundo a carne.</verse>
		<verse number="3">Porque, andando na carne, não militamos segundo a carne.</verse>
		<verse number="4">Porque as armas da nossa milícia não são carnais, mas sim poderosas em Deus para destruição das fortalezas;</verse>
		<verse number="5">Destruindo os conselhos, e toda a altivez que se levanta contra o conhecimento de Deus, e levando cativo todo o entendimento à obediência de Cristo;</verse>
		<verse number="6">E estando prontos para vingar toda a desobediência, quando for cumprida a vossa obediência.</verse>
		<verse number="7">Olhais para as coisas segundo a aparência? Se alguém confia de si mesmo que é de Cristo, pense outra vez isto consigo, que, assim como ele é de Cristo, também nós de Cristo somos.</verse>
		<verse number="8">Porque, ainda que eu me glorie mais alguma coisa do nosso poder, o qual o Senhor nos deu para edificação, e não para vossa destruição, não me envergonharei.</verse>
		<verse number="9">Para que não pareça como se quisera intimidar-vos por cartas.</verse>
		<verse number="10">Porque as suas cartas, dizem, são graves e fortes, mas a presença do corpo é fraca, e a palavra desprezível.</verse>
		<verse number="11">Pense o tal isto, que, quais somos na palavra por cartas, estando ausentes, tais seremos também por obra, estando presentes.</verse>
		<verse number="12">Porque não ousamos classificar-nos, ou comparar-nos com alguns, que se louvam a si mesmos; mas estes que se medem a si mesmos, e se comparam consigo mesmos, estão sem entendimento.</verse>
		<verse number="13">Porém, não nos gloriaremos fora da medida, mas conforme a reta medida que Deus nos deu, para chegarmos até vós;</verse>
		<verse number="14">Porque não nos estendemos além do que convém, como se não houvéssemos de chegar até vós, pois já chegamos também até vós no evangelho de Cristo,</verse>
		<verse number="15">Não nos gloriando fora da medida nos trabalhos alheios; antes tendo esperança de que, crescendo a vossa fé, seremos abundantemente engrandecidos entre vós, conforme a nossa regra,</verse>
		<verse number="16">Para anunciar o evangelho nos lugares que estão além de vós e não em campo de outrem, para não nos gloriarmos no que estava já preparado.</verse>
		<verse number="17">Aquele, porém, que se gloria, glorie-se no Senhor.</verse>
		<verse number="18">Porque não é aprovado quem a si mesmo se louva, mas, sim, aquele a quem o Senhor louva.</verse>
	</chapter>
	<chapter number="11">
		<verse number="1">Quisera eu me suportásseis um pouco na minha loucura! Suportai-me, porém, ainda.</verse>
		<verse number="2">Porque estou zeloso de vós com zelo de Deus; porque vos tenho preparado para vos apresentar como uma virgem pura a um marido, a saber, a Cristo.</verse>
		<verse number="3">Mas temo que, assim como a serpente enganou Eva com a sua astúcia, assim também sejam de alguma sorte corrompidos os vossos sentidos, e se apartem da simplicidade que há em Cristo.</verse>
		<verse number="4">Porque, se alguém for pregar-vos outro Jesus que nós não temos pregado, ou se recebeis outro espírito que não recebestes, ou outro evangelho que não abraçastes, com razão o sofreríeis.</verse>
		<verse number="5">Porque penso que em nada fui inferior aos mais excelentes apóstolos.</verse>
		<verse number="6">E, se sou rude na palavra, não o sou contudo na ciência; mas já em todas as coisas nos temos feito conhecer totalmente entre vós.</verse>
		<verse number="7">Pequei, porventura, humilhando-me a mim mesmo, para que vós fôsseis exaltados, porque de graça vos anunciei o evangelho de Deus?</verse>
		<verse number="8">Outras igrejas despojei eu para vos servir, recebendo delas salário; e quando estava presente convosco, e tinha necessidade, a ninguém fui pesado.</verse>
		<verse number="9">Porque os irmãos que vieram da macedônia supriram a minha necessidade; e em tudo me guardei de vos ser pesado, e ainda me guardarei.</verse>
		<verse number="10">Como a verdade de Cristo está em mim, esta glória não me será impedida nas regiões da Acaia.</verse>
		<verse number="11">Por quê? Porque não vos amo? Deus o sabe.</verse>
		<verse number="12">Mas o que eu faço o farei, para cortar ocasião aos que buscam ocasião, a fim de que, naquilo em que se gloriam, sejam achados assim como nós.</verse>
		<verse number="13">Porque tais falsos apóstolos são obreiros fraudulentos, transfigurando-se em apóstolos de Cristo.</verse>
		<verse number="14">E não é maravilha, porque o próprio Satanás se transfigura em anjo de luz.</verse>
		<verse number="15">Não é muito, pois, que os seus ministros se transfigurem em ministros da justiça; o fim dos quais será conforme as suas obras.</verse>
		<verse number="16">Outra vez digo: Ninguém me julgue insensato, ou então recebei-me como insensato, para que também me glorie um pouco.</verse>
		<verse number="17">O que digo, não o digo segundo o Senhor, mas como por loucura, nesta confiança de gloriar-me.</verse>
		<verse number="18">Pois que muitos se gloriam segundo a carne, eu também me gloriarei.</verse>
		<verse number="19">Porque, sendo vós sensatos, de boa mente tolerais os insensatos.</verse>
		<verse number="20">Pois sois sofredores, se alguém vos põe em servidão, se alguém vos devora, se alguém vos apanha, se alguém se exalta, se alguém vos fere no rosto.</verse>
		<verse number="21">Envergonhado o digo, como se nós fôssemos fracos, mas no que qualquer tem ousadia (com insensatez falo) também eu tenho ousadia.</verse>
		<verse number="22">São hebreus? também eu. São israelitas? também eu. São descendência de Abraão? também eu.</verse>
		<verse number="23">São ministros de Cristo? (falo como fora de mim) eu ainda mais: em trabalhos, muito mais; em açoites, mais do que eles; em prisões, muito mais; em perigo de morte, muitas vezes.</verse>
		<verse number="24">Recebi dos judeus cinco quarentenas de açoites menos um.</verse>
		<verse number="25">Três vezes fui açoitado com varas, uma vez fui apedrejado, três vezes sofri naufrágio, uma noite e um dia passei no abismo;</verse>
		<verse number="26">Em viagens muitas vezes, em perigos de rios, em perigos de salteadores, em perigos dos da minha nação, em perigos dos gentios, em perigos na cidade, em perigos no deserto, em perigos no mar, em perigos entre os falsos irmãos;</verse>
		<verse number="27">Em trabalhos e fadiga, em vigílias muitas vezes, em fome e sede, em jejum muitas vezes, em frio e nudez.</verse>
		<verse number="28">Além das coisas exteriores, me oprime cada dia o cuidado de todas as igrejas.</verse>
		<verse number="29">Quem enfraquece, que eu também não enfraqueça? Quem se escandaliza, que eu me não abrase?</verse>
		<verse number="30">Se convém gloriar-me, gloriar-me-ei no que diz respeito à minha fraqueza.</verse>
		<verse number="31">O Deus e Pai de nosso Senhor Jesus Cristo, que é eternamente bendito, sabe que não minto.</verse>
		<verse number="32">Em Damasco, o que governava sob o rei Aretas pôs guardas às portas da cidade dos damascenos, para me prenderem.</verse>
		<verse number="33">E fui descido num cesto por uma janela da muralha; e assim escapei das suas mãos.</verse>
	</chapter>
	<chapter number="12">
		<verse number="1">Em verdade que não convém gloriar-me; mas passarei às visões e revelações do Senhor.</verse>
		<verse number="2">Conheço um homem em Cristo que há catorze anos (se no corpo, não sei, se fora do corpo, não sei; Deus o sabe) foi arrebatado ao terceiro céu.</verse>
		<verse number="3">E sei que o tal homem (se no corpo, se fora do corpo, não sei; Deus o sabe)</verse>
		<verse number="4">Foi arrebatado ao paraíso; e ouviu palavras inefáveis, que ao homem não é lícito falar.</verse>
		<verse number="5">De alguém assim me gloriarei eu, mas de mim mesmo não me gloriarei, senão nas minhas fraquezas.</verse>
		<verse number="6">Porque, se quiser gloriar-me, não serei néscio, porque direi a verdade; mas deixo isto, para que ninguém cuide de mim mais do que em mim vê ou de mim ouve.</verse>
		<verse number="7">E, para que não me exaltasse pela excelência das revelações, foi-me dado um espinho na carne, a saber, um mensageiro de Satanás para me esbofetear, a fim de não me exaltar.</verse>
		<verse number="8">Acerca do qual três vezes orei ao Senhor para que se desviasse de mim.</verse>
		<verse number="9">E disse-me: A minha graça te basta, porque o meu poder se aperfeiçoa na fraqueza. De boa vontade, pois, me gloriarei nas minhas fraquezas, para que em mim habite o poder de Cristo.</verse>
		<verse number="10">Por isso sinto prazer nas fraquezas, nas injúrias, nas necessidades, nas perseguições, nas angústias por amor de Cristo. Porque quando estou fraco então sou forte.</verse>
		<verse number="11">Fui néscio em gloriar-me; vós me constrangestes. Eu devia ter sido louvado por vós, visto que em nada fui inferior aos mais excelentes apóstolos, ainda que nada sou.</verse>
		<verse number="12">Os sinais do meu apostolado foram manifestados entre vós com toda a paciência, por sinais, prodígios e maravilhas.</verse>
		<verse number="13">Pois, em que tendes vós sido inferiores às outras igrejas, a não ser que eu mesmo vos não fui pesado? Perdoai-me este agravo.</verse>
		<verse number="14">Eis aqui estou pronto para pela terceira vez ir ter convosco, e não vos serei pesado, pois que não busco o que é vosso, mas sim a vós: porque não devem os filhos entesourar para os pais, mas os pais para os filhos.</verse>
		<verse number="15">Eu de muito boa vontade gastarei, e me deixarei gastar pelas vossas almas, ainda que, amando-vos cada vez mais, seja menos amado.</verse>
		<verse number="16">Mas seja assim; eu não vos fui pesado mas, sendo astuto, vos tomei com dolo.</verse>
		<verse number="17">Porventura aproveitei-me de vós por algum daqueles que vos enviei?</verse>
		<verse number="18">Roguei a Tito, e enviei com ele um irmão. Porventura Tito se aproveitou de vós? Não andamos porventura no mesmo espírito, sobre as mesmas pisadas?</verse>
		<verse number="19">Cuidais que ainda nos desculpamos convosco? Falamos em Cristo perante Deus, e tudo isto, ó amados, para vossa edificação.</verse>
		<verse number="20">Porque receio que, quando chegar, não vos ache como eu quereria, e eu seja achado de vós como não quereríeis; que de alguma maneira haja pendências, invejas, iras, porfias, detrações, mexericos, orgulhos, tumultos;</verse>
		<verse number="21">Que, quando for outra vez, o meu Deus me humilhe para convosco, e chore por muitos daqueles que dantes pecaram, e não se arrependeram da imundícia, e fornicação, e desonestidade que cometeram.</verse>
	</chapter>
	<chapter number="13">
		<verse number="1">É esta a terceira vez que vou ter convosco. Por boca de duas ou três testemunhas será confirmada toda a palavra.</verse>
		<verse number="2">Já anteriormente o disse, e segunda vez o digo como quando estava presente; mas agora, estando ausente, o escrevo aos que antes pecaram e a todos os mais, que, se outra vez for, não lhes perdoarei;</verse>
		<verse number="3">Visto que buscais uma prova de Cristo que fala em mim, o qual não é fraco para convosco, antes é poderoso entre vós.</verse>
		<verse number="4">Porque, ainda que foi crucificado por fraqueza, vive, contudo, pelo poder de Deus. Porque nós também somos fracos nele, mas viveremos com ele pelo poder de Deus em vós.</verse>
		<verse number="5">Examinai-vos a vós mesmos, se permaneceis na fé; provai-vos a vós mesmos. Ou não sabeis quanto a vós mesmos, que Jesus Cristo está em vós? Se não é que já estais reprovados.</verse>
		<verse number="6">Mas espero que entendereis que nós não somos reprovados.</verse>
		<verse number="7">Ora, eu rogo a Deus que não façais mal algum, não para que sejamos achados aprovados, mas para que vós façais o bem, embora nós sejamos como reprovados.</verse>
		<verse number="8">Porque nada podemos contra a verdade, senão pela verdade.</verse>
		<verse number="9">Porque nos regozijamos de estar fracos, quando vós estais fortes; e o que desejamos é a vossa perfeição.</verse>
		<verse number="10">Portanto, escrevo estas coisas estando ausente, para que, estando presente, não use de rigor, segundo o poder que o Senhor me deu para edificação, e não para destruição.</verse>
		<verse number="11">Quanto ao mais, irmãos, regozijai-vos, sede perfeitos, sede consolados, sede de um mesmo parecer, vivei em paz; e o Deus de amor e de paz será convosco.</verse>
		<verse number="12">Saudai-vos uns aos outros com ósculo santo.</verse>
		<verse number="13">Todos os santos vos saúdam.</verse>
		<verse number="14">A graça do Senhor Jesus Cristo, e o amor de Deus, e a comunhão do Espírito Santo seja com todos vós. Amém.</verse>
	</chapter>
</book>