﻿<?xml version="1.0" encoding="UTF-8"?>
<book name="2ª Pedro" abbrev="2pe" chapters="3">
	<chapter number="1">
		<verse number="1">Simão Pedro, servo e apóstolo de Jesus Cristo, aos que conosco alcançaram fé igualmente preciosa pela justiça do nosso Deus e Salvador Jesus Cristo:</verse>
		<verse number="2">Graça e paz vos sejam multiplicadas, pelo conhecimento de Deus, e de Jesus nosso Senhor;</verse>
		<verse number="3">Visto como o seu divino poder nos deu tudo o que diz respeito à vida e piedade, pelo conhecimento daquele que nos chamou pela sua glória e virtude;</verse>
		<verse number="4">Pelas quais ele nos tem dado grandíssimas e preciosas promessas, para que por elas fiqueis participantes da natureza divina, havendo escapado da corrupção, que pela concupiscência há no mundo.</verse>
		<verse number="5">E vós também, pondo nisto mesmo toda a diligência, acrescentai à vossa fé a virtude, e à virtude a ciência,</verse>
		<verse number="6">E à ciência a temperança, e à temperança a paciência, e à paciência a piedade,</verse>
		<verse number="7">E à piedade o amor fraternal, e ao amor fraternal a caridade.</verse>
		<verse number="8">Porque, se em vós houver e abundarem estas coisas, não vos deixarão ociosos nem estéreis no conhecimento de nosso Senhor Jesus Cristo.</verse>
		<verse number="9">Pois aquele em quem não há estas coisas é cego, nada vendo ao longe, havendo-se esquecido da purificação dos seus antigos pecados.</verse>
		<verse number="10">Portanto, irmãos, procurai fazer cada vez mais firme a vossa vocação e eleição; porque, fazendo isto, nunca jamais tropeçareis.</verse>
		<verse number="11">Porque assim vos será amplamente concedida a entrada no reino eterno de nosso Senhor e Salvador Jesus Cristo.</verse>
		<verse number="12">Por isso não deixarei de exortar-vos sempre acerca destas coisas, ainda que bem as saibais, e estejais confirmados na presente verdade.</verse>
		<verse number="13">E tenho por justo, enquanto estiver neste tabernáculo, despertar-vos com admoestações,</verse>
		<verse number="14">Sabendo que brevemente hei de deixar este meu tabernáculo, como também nosso Senhor Jesus Cristo já mo tem revelado.</verse>
		<verse number="15">Mas também eu procurarei em toda a ocasião que depois da minha morte tenhais lembrança destas coisas.</verse>
		<verse number="16">Porque não vos fizemos saber a virtude e a vinda de nosso Senhor Jesus Cristo, seguindo fábulas artificialmente compostas; mas nós mesmos vimos a sua majestade.</verse>
		<verse number="17">Porquanto ele recebeu de Deus Pai honra e glória, quando da magnífica glória lhe foi dirigida a seguinte voz: Este é o meu Filho amado, em quem me tenho comprazido.</verse>
		<verse number="18">E ouvimos esta voz dirigida do céu, estando nós com ele no monte santo;</verse>
		<verse number="19">E temos, mui firme, a palavra dos profetas, à qual bem fazeis em estar atentos, como a uma luz que alumia em lugar escuro, até que o dia amanheça, e a estrela da alva apareça em vossos corações.</verse>
		<verse number="20">Sabendo primeiramente isto: que nenhuma profecia da Escritura é de particular interpretação.</verse>
		<verse number="21">Porque a profecia nunca foi produzida por vontade de homem algum, mas os homens santos de Deus falaram inspirados pelo Espírito Santo.</verse>
	</chapter>
	<chapter number="2">
		<verse number="1">E também houve entre o povo falsos profetas, como entre vós haverá também falsos doutores, que introduzirão encobertamente heresias de perdição, e negarão o Senhor que os resgatou, trazendo sobre si mesmos repentina perdição.</verse>
		<verse number="2">E muitos seguirão as suas dissoluções, pelos quais será blasfemado o caminho da verdade.</verse>
		<verse number="3">E por avareza farão de vós negócio com palavras fingidas; sobre os quais já de largo tempo não será tardia a sentença, e a sua perdição não dormita.</verse>
		<verse number="4">Porque, se Deus não perdoou aos anjos que pecaram, mas, havendo-os lançado no inferno, os entregou às cadeias da escuridão, ficando reservados para o juízo;</verse>
		<verse number="5">E não perdoou ao mundo antigo, mas guardou a Noé, a oitava pessoa, o pregoeiro da justiça, ao trazer o dilúvio sobre o mundo dos ímpios;</verse>
		<verse number="6">E condenou à destruição as cidades de Sodoma e Gomorra, reduzindo-as a cinza, e pondo-as para exemplo aos que vivessem impiamente;</verse>
		<verse number="7">E livrou o justo Ló, enfadado da vida dissoluta dos homens abomináveis</verse>
		<verse number="8">(Porque este justo, habitando entre eles, afligia todos os dias a sua alma justa, por isso via e ouvia sobre as suas obras injustas);</verse>
		<verse number="9">Assim, sabe o Senhor livrar da tentação os piedosos, e reservar os injustos para o dia do juízo, para serem castigados;</verse>
		<verse number="10">Mas principalmente aqueles que segundo a carne andam em concupiscências de imundícia, e desprezam as autoridades; atrevidos, obstinados, não receando blasfemar das dignidades;</verse>
		<verse number="11">Enquanto os anjos, sendo maiores em força e poder, não pronunciam contra eles juízo blasfemo diante do Senhor.</verse>
		<verse number="12">Mas estes, como animais irracionais, que seguem a natureza, feitos para serem presos e mortos, blasfemando do que não entendem, perecerão na sua corrupção,</verse>
		<verse number="13">Recebendo o galardão da injustiça; pois que tais homens têm prazer nos deleites quotidianos; nódoas são eles e máculas, deleitando-se em seus enganos, quando se banqueteiam convosco;</verse>
		<verse number="14">Tendo os olhos cheios de adultério, e não cessando de pecar, engodando as almas inconstantes, tendo o coração exercitado na avareza, filhos de maldição;</verse>
		<verse number="15">Os quais, deixando o caminho direito, erraram seguindo o caminho de Balaão, filho de Beor, que amou o prêmio da injustiça;</verse>
		<verse number="16">Mas teve a repreensão da sua transgressão; o mudo jumento, falando com voz humana, impediu a loucura do profeta.</verse>
		<verse number="17">Estes são fontes sem água, nuvens levadas pela força do vento, para os quais a escuridão das trevas eternamente se reserva.</verse>
		<verse number="18">Porque, falando coisas mui arrogantes de vaidades, engodam com as concupiscências da carne, e com dissoluções, aqueles que se estavam afastando dos que andam em erro,</verse>
		<verse number="19">Prometendo-lhes liberdade, sendo eles mesmos servos da corrupção. Porque de quem alguém é vencido, do tal faz-se também servo.</verse>
		<verse number="20">Porquanto se, depois de terem escapado das corrupções do mundo, pelo conhecimento do Senhor e Salvador Jesus Cristo, forem outra vez envolvidos nelas e vencidos, tornou-se-lhes o último estado pior do que o primeiro.</verse>
		<verse number="21">Porque melhor lhes fora não conhecerem o caminho da justiça, do que, conhecendo-o, desviarem-se do santo mandamento que lhes fora dado;</verse>
		<verse number="22">Deste modo sobreveio-lhes o que por um verdadeiro provérbio se diz: O cão voltou ao seu próprio vômito, e a porca lavada ao espojadouro de lama.</verse>
	</chapter>
	<chapter number="3">
		<verse number="1">Amados, escrevo-vos agora esta segunda carta, em ambas as quais desperto com exortação o vosso ânimo sincero;</verse>
		<verse number="2">Para que vos lembreis das palavras que primeiramente foram ditas pelos santos profetas, e do nosso mandamento, como apòstolos do Senhor e Salvador.</verse>
		<verse number="3">Sabendo primeiro isto, que nos últimos dias virão escarnecedores, andando segundo as suas próprias concupiscências,</verse>
		<verse number="4">E dizendo: Onde está a promessa da sua vinda? porque desde que os pais dormiram, todas as coisas permanecem como desde o princípio da criação.</verse>
		<verse number="5">Eles voluntariamente ignoram isto, que pela palavra de Deus já desde a antiguidade existiram os céus, e a terra, que foi tirada da água e no meio da água subsiste.</verse>
		<verse number="6">Pelas quais coisas pereceu o mundo de então, coberto com as águas do dilúvio,</verse>
		<verse number="7">Mas os céus e a terra que agora existem pela mesma palavra se reservam como tesouro, e se guardam para o fogo, até o dia do juízo, e da perdição dos homens ímpios.</verse>
		<verse number="8">Mas, amados, não ignoreis uma coisa, que um dia para o Senhor é como mil anos, e mil anos como um dia.</verse>
		<verse number="9">O Senhor não retarda a sua promessa, ainda que alguns a têm por tardia; mas é longânimo para conosco, não querendo que alguns se percam, senão que todos venham a arrepender-se.</verse>
		<verse number="10">Mas o dia do Senhor virá como o ladrão de noite; no qual os céus passarão com grande estrondo, e os elementos, ardendo, se desfarão, e a terra, e as obras que nela há, se queimarão.</verse>
		<verse number="11">Havendo, pois, de perecer todas estas coisas, que pessoas vos convém ser em santo trato, e piedade,</verse>
		<verse number="12">Aguardando, e apressando-vos para a vinda do dia de Deus, em que os céus, em fogo se desfarão, e os elementos, ardendo, se fundirão?</verse>
		<verse number="13">Mas nós, segundo a sua promessa, aguardamos novos céus e nova terra, em que habita a justiça.</verse>
		<verse number="14">Por isso, amados, aguardando estas coisas, procurai que dele sejais achados imaculados e irrepreensíveis em paz.</verse>
		<verse number="15">E tende por salvação a longanimidade de nosso Senhor; como também o nosso amado irmão Paulo vos escreveu, segundo a sabedoria que lhe foi dada;</verse>
		<verse number="16">Falando disto, como em todas as suas epístolas, entre as quais há pontos difíceis de entender, que os indoutos e inconstantes torcem, e igualmente as outras Escrituras, para sua própria perdição.</verse>
		<verse number="17">Vós, portanto, amados, sabendo isto de antemão, guardai-vos de que, pelo engano dos homens abomináveis, sejais juntamente arrebatados, e descaiais da vossa firmeza;</verse>
		<verse number="18">Antes crescei na graça e conhecimento de nosso Senhor e Salvador, Jesus Cristo. A ele seja dada a glória, assim agora, como no dia da eternidade. Amém.</verse>
	</chapter>
</book>