﻿<?xml version="1.0" encoding="UTF-8"?>
<book name="1ª Coríntios" abbrev="1co" chapters="16">
	<chapter number="1">
		<verse number="1">Paulo (chamado apóstolo de Jesus Cristo, pela vontade de Deus), e o irmão Sóstenes,</verse>
		<verse number="2">À igreja de Deus que está em Corinto, aos santificados em Cristo Jesus, chamados santos, com todos os que em todo o lugar invocam o nome de nosso Senhor Jesus Cristo, Senhor deles e nosso:</verse>
		<verse number="3">Graça e paz da parte de Deus nosso Pai, e do Senhor Jesus Cristo.</verse>
		<verse number="4">Sempre dou graças ao meu Deus por vós pela graça de Deus que vos foi dada em Jesus Cristo.</verse>
		<verse number="5">Porque em tudo fostes enriquecidos nele, em toda a palavra e em todo o conhecimento</verse>
		<verse number="6">(Como o testemunho de Cristo foi mesmo confirmado entre vós).</verse>
		<verse number="7">De maneira que nenhum dom vos falta, esperando a manifestação de nosso Senhor Jesus Cristo,</verse>
		<verse number="8">O qual vos confirmará também até ao fim, para serdes irrepreensíveis no dia de nosso Senhor Jesus Cristo.</verse>
		<verse number="9">Fiel é Deus, pelo qual fostes chamados para a comunhão de seu Filho Jesus Cristo nosso Senhor.</verse>
		<verse number="10">Rogo-vos, porém, irmãos, pelo nome de nosso Senhor Jesus Cristo, que digais todos uma mesma coisa, e que não haja entre vós dissensões; antes sejais unidos em um mesmo pensamento e em um mesmo parecer.</verse>
		<verse number="11">Porque a respeito de vós, irmãos meus, me foi comunicado pelos da família de Cloé que há contendas entre vós.</verse>
		<verse number="12">Quero dizer com isto, que cada um de vós diz: Eu sou de Paulo, e eu de Apolo, e eu de Cefas, e eu de Cristo.</verse>
		<verse number="13">Está Cristo dividido? foi Paulo crucificado por vós? ou fostes vós batizados em nome de Paulo?</verse>
		<verse number="14">Dou graças a Deus, porque a nenhum de vós batizei, senão a Crispo e a Gaio,</verse>
		<verse number="15">Para que ninguém diga que fostes batizados em meu nome.</verse>
		<verse number="16">E batizei também a família de Estéfanas; além destes, não sei se batizei algum outro.</verse>
		<verse number="17">Porque Cristo enviou-me, não para batizar, mas para evangelizar; não em sabedoria de palavras, para que a cruz de Cristo se não faça vã.</verse>
		<verse number="18">Porque a palavra da cruz é loucura para os que perecem; mas para nós, que somos salvos, é o poder de Deus.</verse>
		<verse number="19">Porque está escrito: Destruirei a sabedoria dos sábios, E aniquilarei a inteligência dos inteligentes.</verse>
		<verse number="20">Onde está o sábio? Onde está o escriba? Onde está o inquiridor deste século? Porventura não tornou Deus louca a sabedoria deste mundo?</verse>
		<verse number="21">Visto como na sabedoria de Deus o mundo não conheceu a Deus pela sua sabedoria, aprouve a Deus salvar os crentes pela loucura da pregação.</verse>
		<verse number="22">Porque os judeus pedem sinal, e os gregos buscam sabedoria;</verse>
		<verse number="23">Mas nós pregamos a Cristo crucificado, que é escândalo para os judeus, e loucura para os gregos.</verse>
		<verse number="24">Mas para os que são chamados, tanto judeus como gregos, lhes pregamos a Cristo, poder de Deus, e sabedoria de Deus.</verse>
		<verse number="25">Porque a loucura de Deus é mais sábia do que os homens; e a fraqueza de Deus é mais forte do que os homens.</verse>
		<verse number="26">Porque, vede, irmãos, a vossa vocação, que não são muitos os sábios segundo a carne, nem muitos os poderosos, nem muitos os nobres que são chamados.</verse>
		<verse number="27">Mas Deus escolheu as coisas loucas deste mundo para confundir as sábias; e Deus escolheu as coisas fracas deste mundo para confundir as fortes;</verse>
		<verse number="28">E Deus escolheu as coisas vis deste mundo, e as desprezíveis, e as que não são, para aniquilar as que são;</verse>
		<verse number="29">Para que nenhuma carne se glorie perante ele.</verse>
		<verse number="30">Mas vós sois dele, em Jesus Cristo, o qual para nós foi feito por Deus sabedoria, e justiça, e santificação, e redenção;</verse>
		<verse number="31">Para que, como está escrito: Aquele que se gloria glorie-se no Senhor.</verse>
	</chapter>
	<chapter number="2">
		<verse number="1">E eu, irmãos, quando fui ter convosco, anunciando-vos o testemunho de Deus, não fui com sublimidade de palavras ou de sabedoria.</verse>
		<verse number="2">Porque nada me propus saber entre vós, senão a Jesus Cristo, e este crucificado.</verse>
		<verse number="3">E eu estive convosco em fraqueza, e em temor, e em grande tremor.</verse>
		<verse number="4">E a minha palavra, e a minha pregação, não consistiram em palavras persuasivas de sabedoria humana, mas em demonstração de Espírito e de poder;</verse>
		<verse number="5">Para que a vossa fé não se apoiasse em sabedoria dos homens, mas no poder de Deus.</verse>
		<verse number="6">Todavia falamos sabedoria entre os perfeitos; não, porém, a sabedoria deste mundo, nem dos príncipes deste mundo, que se aniquilam;</verse>
		<verse number="7">Mas falamos a sabedoria de Deus, oculta em mistério, a qual Deus ordenou antes dos séculos para nossa glória;</verse>
		<verse number="8">A qual nenhum dos príncipes deste mundo conheceu; porque, se a conhecessem, nunca crucificariam ao Senhor da glória.</verse>
		<verse number="9">Mas, como está escrito:As coisas que o olho não viu, e o ouvido não ouviu,e não subiram ao coração do homem,são as que Deus preparou para os que o amam.</verse>
		<verse number="10">Mas Deus no-las revelou pelo seu Espírito; porque o Espírito penetra todas as coisas, ainda as profundezas de Deus.</verse>
		<verse number="11">Porque, qual dos homens sabe as coisas do homem, senão o espírito do homem, que nele está? Assim também ninguém sabe as coisas de Deus, senão o Espírito de Deus.</verse>
		<verse number="12">Mas nós não recebemos o espírito do mundo, mas o Espírito que provém de Deus, para que pudéssemos conhecer o que nos é dado gratuitamente por Deus.</verse>
		<verse number="13">As quais também falamos, não com palavras que a sabedoria humana ensina, mas com as que o Espírito Santo ensina, comparando as coisas espirituais com as espirituais.</verse>
		<verse number="14">Ora, o homem natural não compreende as coisas do Espírito de Deus, porque lhe parecem loucura; e não pode entendê-las, porque elas se discernem espiritualmente.</verse>
		<verse number="15">Mas o que é espiritual discerne bem tudo, e ele de ninguém é discernido.</verse>
		<verse number="16">Porque, quem conheceu a mente do Senhor, para que possa instruí-lo? Mas nós temos a mente de Cristo.</verse>
	</chapter>
	<chapter number="3">
		<verse number="1">E eu, irmãos, não vos pude falar como a espirituais, mas como a carnais, como a meninos em Cristo.</verse>
		<verse number="2">Com leite vos criei, e não com carne, porque ainda não podíeis, nem tampouco ainda agora podeis,</verse>
		<verse number="3">Porque ainda sois carnais; pois, havendo entre vós inveja, contendas e dissensões, não sois porventura carnais, e não andais segundo os homens?</verse>
		<verse number="4">Porque, dizendo um: Eu sou de Paulo; e outro: Eu de Apolo; porventura não sois carnais?</verse>
		<verse number="5">Pois, quem é Paulo, e quem é Apolo, senão ministros pelos quais crestes, e conforme o que o Senhor deu a cada um?</verse>
		<verse number="6">Eu plantei, Apolo regou; mas Deus deu o crescimento.</verse>
		<verse number="7">Por isso, nem o que planta é alguma coisa, nem o que rega, mas Deus, que dá o crescimento.</verse>
		<verse number="8">Ora, o que planta e o que rega são um; mas cada um receberá o seu galardão segundo o seu trabalho.</verse>
		<verse number="9">Porque nós somos cooperadores de Deus; vós sois lavoura de Deus e edifício de Deus.</verse>
		<verse number="10">Segundo a graça de Deus que me foi dada, pus eu, como sábio arquiteto, o fundamento, e outro edifica sobre ele; mas veja cada um como edifica sobre ele.</verse>
		<verse number="11">Porque ninguém pode pôr outro fundamento além do que já está posto, o qual é Jesus Cristo.</verse>
		<verse number="12">E, se alguém sobre este fundamento formar um edifício de ouro, prata, pedras preciosas, madeira, feno, palha,</verse>
		<verse number="13">A obra de cada um se manifestará; na verdade o dia a declarará, porque pelo fogo será descoberta; e o fogo provará qual seja a obra de cada um.</verse>
		<verse number="14">Se a obra que alguém edificou nessa parte permanecer, esse receberá galardão.</verse>
		<verse number="15">Se a obra de alguém se queimar, sofrerá detrimento; mas o tal será salvo, todavia como pelo fogo.</verse>
		<verse number="16">Não sabeis vós que sois o templo de Deus e que o Espírito de Deus habita em vós?</verse>
		<verse number="17">Se alguém destruir o templo de Deus, Deus o destruirá; porque o templo de Deus, que sois vós, é santo.</verse>
		<verse number="18">Ninguém se engane a si mesmo. Se alguém dentre vós se tem por sábio neste mundo, faça-se louco para ser sábio.</verse>
		<verse number="19">Porque a sabedoria deste mundo é loucura diante de Deus; pois está escrito: Ele apanha os sábios na sua própria astúcia.</verse>
		<verse number="20">E outra vez: O Senhor conhece os pensamentos dos sábios, que são vãos.</verse>
		<verse number="21">Portanto, ninguém se glorie nos homens; porque tudo é vosso;</verse>
		<verse number="22">Seja Paulo, seja Apolo, seja Cefas, seja o mundo, seja a vida, seja a morte, seja o presente, seja o futuro; tudo é vosso,</verse>
		<verse number="23">E vós de Cristo, e Cristo de Deus.</verse>
	</chapter>
	<chapter number="4">
		<verse number="1">Que os homens nos considerem como ministros de Cristo, e despenseiros dos mistérios de Deus.</verse>
		<verse number="2">Além disso requer-se dos despenseiros que cada um se ache fiel.</verse>
		<verse number="3">Todavia, a mim mui pouco se me dá de ser julgado por vós, ou por algum juízo humano; nem eu tampouco a mim mesmo me julgo.</verse>
		<verse number="4">Porque em nada me sinto culpado; mas nem por isso me considero justificado, pois quem me julga é o Senhor.</verse>
		<verse number="5">Portanto, nada julgueis antes de tempo, até que o Senhor venha, o qual também trará à luz as coisas ocultas das trevas, e manifestará os desígnios dos corações; e então cada um receberá de Deus o louvor.</verse>
		<verse number="6">E eu, irmãos, apliquei estas coisas, por semelhança, a mim e a Apolo, por amor de vós; para que em nós aprendais a não ir além do que está escrito, não vos ensoberbecendo a favor de um contra outro.</verse>
		<verse number="7">Porque, quem te faz diferente? E que tens tu que não tenhas recebido? E, se o recebeste, por que te glorias, como se não o houveras recebido?</verse>
		<verse number="8">Já estais fartos! já estais ricos! sem nós reinais! e quisera reinásseis para que também nós viéssemos a reinar convosco!</verse>
		<verse number="9">Porque tenho para mim, que Deus a nós, apóstolos, nos pôs por últimos, como condenados à morte; pois somos feitos espetáculo ao mundo, aos anjos, e aos homens.</verse>
		<verse number="10">Nós somos loucos por amor de Cristo, e vós sábios em Cristo; nós fracos, e vós fortes; vós ilustres, e nós vis.</verse>
		<verse number="11">Até esta presente hora sofremos fome, e sede, e estamos nus, e recebemos bofetadas, e não temos pousada certa,</verse>
		<verse number="12">E nos afadigamos, trabalhando com nossas próprias mãos. Somos injuriados, e bendizemos; somos perseguidos, e sofremos;</verse>
		<verse number="13">Somos blasfemados, e rogamos; até ao presente temos chegado a ser como o lixo deste mundo, e como a escória de todos.</verse>
		<verse number="14">Não escrevo estas coisas para vos envergonhar; mas admoesto-vos como meus filhos amados.</verse>
		<verse number="15">Porque ainda que tivésseis dez mil aios em Cristo, não teríeis, contudo, muitos pais; porque eu pelo evangelho vos gerei em Jesus Cristo.</verse>
		<verse number="16">Admoesto-vos, portanto, a que sejais meus imitadores.</verse>
		<verse number="17">Por esta causa vos mandei Timóteo, que é meu filho amado, e fiel no Senhor, o qual vos lembrará os meus caminhos em Cristo, como por toda a parte ensino em cada igreja.</verse>
		<verse number="18">Mas alguns andam ensoberbecidos, como se eu não houvesse de ir ter convosco.</verse>
		<verse number="19">Mas em breve irei ter convosco, se o Senhor quiser, e então conhecerei, não as palavras dos que andam ensoberbecidos, mas o poder.</verse>
		<verse number="20">Porque o reino de Deus não consiste em palavras, mas em poder.</verse>
		<verse number="21">Que quereis? Irei ter convosco com vara ou com amor e espírito de mansidão?</verse>
	</chapter>
	<chapter number="5">
		<verse number="1">Geralmente se ouve que há entre vós fornicação, e fornicação tal, que nem ainda entre os gentios se nomeia, como é haver quem possua a mulher de seu pai.</verse>
		<verse number="2">Estais ensoberbecidos, e nem ao menos vos entristecestes por não ter sido dentre vós tirado quem cometeu tal ação.</verse>
		<verse number="3">Eu, na verdade, ainda que ausente no corpo, mas presente no espírito, já determinei, como se estivesse presente, que o que tal ato praticou,</verse>
		<verse number="4">Em nome de nosso Senhor Jesus Cristo, juntos vós e o meu espírito, pelo poder de nosso Senhor Jesus Cristo,</verse>
		<verse number="5">Seja, este tal, entregue a Satanás para destruição da carne, para que o espírito seja salvo no dia do Senhor Jesus.</verse>
		<verse number="6">Não é boa a vossa jactância. Não sabeis que um pouco de fermento faz levedar toda a massa?</verse>
		<verse number="7">Alimpai-vos, pois, do fermento velho, para que sejais uma nova massa, assim como estais sem fermento. Porque Cristo, nossa páscoa, foi sacrificado por nós.</verse>
		<verse number="8">Por isso façamos a festa, não com o fermento velho, nem com o fermento da maldade e da malícia, mas com os ázimos da sinceridade e da verdade.</verse>
		<verse number="9">Já por carta vos tenho escrito, que não vos associeis com os que se prostituem;</verse>
		<verse number="10">Isto não quer dizer absolutamente com os devassos deste mundo, ou com os avarentos, ou com os roubadores, ou com os idólatras; porque então vos seria necessário sair do mundo.</verse>
		<verse number="11">Mas agora vos escrevi que não vos associeis com aquele que, dizendo-se irmão, for devasso, ou avarento, ou idólatra, ou maldizente, ou beberrão, ou roubador; com o tal nem ainda comais.</verse>
		<verse number="12">Porque, que tenho eu em julgar também os que estão de fora? Não julgais vós os que estão dentro?</verse>
		<verse number="13">Mas Deus julga os que estão de fora. Tirai pois dentre vós a esse iníquo.</verse>
	</chapter>
	<chapter number="6">
		<verse number="1">Ousa algum de vós, tendo algum negócio contra outro, ir a juízo perante os injustos, e não perante os santos?</verse>
		<verse number="2">Não sabeis vós que os santos hão de julgar o mundo? Ora, se o mundo deve ser julgado por vós, sois porventura indignos de julgar as coisas mínimas?</verse>
		<verse number="3">Não sabeis vós que havemos de julgar os anjos? Quanto mais as coisas pertencentes a esta vida?</verse>
		<verse number="4">Então, se tiverdes negócios em juízo, pertencentes a esta vida, pondes para julga-los os que são de menos estima na igreja?</verse>
		<verse number="5">Para vos envergonhar o digo. Não há, pois, entre vós sábios, nem mesmo um, que possa julgar entre seus irmãos?</verse>
		<verse number="6">Mas o irmão vai a juízo com o irmão, e isto perante infiéis.</verse>
		<verse number="7">Na verdade é já realmente uma falta entre vós, terdes demandas uns contra os outros. Por que não sofreis antes a injustiça? Por que não sofreis antes o dano?</verse>
		<verse number="8">Mas vós mesmos fazeis a injustiça e fazeis o dano, e isto aos irmãos.</verse>
		<verse number="9">Não sabeis que os injustos não hão de herdar o reino de Deus?</verse>
		<verse number="10">Não erreis: nem os devassos, nem os idólatras, nem os adúlteros, nem os efeminados, nem os sodomitas, nem os ladrões, nem os avarentos, nem os bêbados, nem os maldizentes, nem os roubadores herdarão o reino de Deus.</verse>
		<verse number="11">E é o que alguns têm sido; mas haveis sido lavados, mas haveis sido santificados, mas haveis sido justificados em nome do Senhor Jesus, e pelo Espírito do nosso Deus.</verse>
		<verse number="12">Todas as coisas me são lícitas, mas nem todas as coisas convêm. Todas as coisas me são lícitas, mas eu não me deixarei dominar por nenhuma.</verse>
		<verse number="13">Os alimentos são para o estômago e o estômago para os alimentos; Deus, porém, aniquilará tanto um como os outros. Mas o corpo não é para a fornicação, senão para o Senhor, e o Senhor para o corpo.</verse>
		<verse number="14">Ora, Deus, que também ressuscitou o Senhor, nos ressuscitará a nós pelo seu poder.</verse>
		<verse number="15">Não sabeis vós que os vossos corpos são membros de Cristo? Tomarei, pois, os membros de Cristo, e os farei membros de uma meretriz? Não, por certo.</verse>
		<verse number="16">Ou não sabeis que o que se ajunta com a meretriz, faz-se um corpo com ela? Porque serão, disse, dois numa só carne.</verse>
		<verse number="17">Mas o que se ajunta com o Senhor é um mesmo espírito.</verse>
		<verse number="18">Fugi da fornicação. Todo o pecado que o homem comete é fora do corpo; mas o que fornica peca contra o seu próprio corpo.</verse>
		<verse number="19">Ou não sabeis que o vosso corpo é o templo do Espírito Santo, que habita em vós, proveniente de Deus, e que não sois de vós mesmos?</verse>
		<verse number="20">Porque fostes comprados por bom preço; glorificai, pois, a Deus no vosso corpo, e no vosso espírito, os quais pertencem a Deus.</verse>
	</chapter>
	<chapter number="7">
		<verse number="1">Ora, quanto às coisas que me escrevestes, bom seria que o homem não tocasse em mulher;</verse>
		<verse number="2">Mas, por causa da fornicação, cada um tenha a sua própria mulher, e cada uma tenha o seu próprio marido.</verse>
		<verse number="3">O marido pague à mulher a devida benevolência, e da mesma sorte a mulher ao marido.</verse>
		<verse number="4">A mulher não tem poder sobre o seu próprio corpo, mas tem-no o marido; e também da mesma maneira o marido não tem poder sobre o seu próprio corpo, mas tem-no a mulher.</verse>
		<verse number="5">Não vos priveis um ao outro, senão por consentimento mútuo por algum tempo, para vos aplicardes ao jejum e à oração; e depois ajuntai-vos outra vez, para que Satanás não vos tente pela vossa incontinência.</verse>
		<verse number="6">Digo, porém, isto como que por permissão e não por mandamento.</verse>
		<verse number="7">Porque quereria que todos os homens fossem como eu mesmo; mas cada um tem de Deus o seu próprio dom, um de uma maneira e outro de outra.</verse>
		<verse number="8">Digo, porém, aos solteiros e às viúvas, que lhes é bom se ficarem como eu.</verse>
		<verse number="9">Mas, se não podem conter-se, casem-se. Porque é melhor casar do que abrasar-se.</verse>
		<verse number="10">Todavia, aos casados mando, não eu mas o Senhor, que a mulher não se aparte do marido.</verse>
		<verse number="11">Se, porém, se apartar, que fique sem casar, ou que se reconcilie com o marido; e que o marido não deixe a mulher.</verse>
		<verse number="12">Mas aos outros digo eu, não o Senhor: Se algum irmão tem mulher descrente, e ela consente em habitar com ele, não a deixe.</verse>
		<verse number="13">E se alguma mulher tem marido descrente, e ele consente em habitar com ela, não o deixe.</verse>
		<verse number="14">Porque o marido descrente é santificado pela mulher; e a mulher descrente é santificada pelo marido; de outra sorte os vossos filhos seriam imundos; mas agora são santos.</verse>
		<verse number="15">Mas, se o descrente se apartar, aparte-se; porque neste caso o irmão, ou irmã, não está sujeito à servidão; mas Deus chamou-nos para a paz.</verse>
		<verse number="16">Porque, de onde sabes, ó mulher, se salvarás teu marido? ou, de onde sabes, ó marido, se salvarás tua mulher?</verse>
		<verse number="17">E assim cada um ande como Deus lhe repartiu, cada um como o Senhor o chamou. É o que ordeno em todas as igrejas.</verse>
		<verse number="18">É alguém chamado, estando circuncidado? fique circuncidado. É alguém chamado estando incircuncidado? não se circuncide.</verse>
		<verse number="19">A circuncisão é nada e a incircuncisão nada é, mas, sim, a observância dos mandamentos de Deus.</verse>
		<verse number="20">Cada um fique na vocação em que foi chamado.</verse>
		<verse number="21">Foste chamado sendo servo? não te dê cuidado; e, se ainda podes ser livre, aproveita a ocasião.</verse>
		<verse number="22">Porque o que é chamado pelo Senhor, sendo servo, é liberto do Senhor; e da mesma maneira também o que é chamado sendo livre, servo é de Cristo.</verse>
		<verse number="23">Fostes comprados por bom preço; não vos façais servos dos homens.</verse>
		<verse number="24">Irmãos, cada um fique diante de Deus no estado em que foi chamado.</verse>
		<verse number="25">Ora, quanto às virgens, não tenho mandamento do Senhor; dou, porém, o meu parecer, como quem tem alcançado misericórdia do Senhor para ser fiel.</verse>
		<verse number="26">Tenho, pois, por bom, por causa da instante necessidade, que é bom para o homem o estar assim.</verse>
		<verse number="27">Estás ligado à mulher? não busques separar-te. Estás livre de mulher? não busques mulher.</verse>
		<verse number="28">Mas, se te casares, não pecas; e, se a virgem se casar, não peca. Todavia os tais terão tribulações na carne, e eu quereria poupar-vos.</verse>
		<verse number="29">Isto, porém, vos digo, irmãos, que o tempo se abrevia; o que resta é que também os que têm mulheres sejam como se não as tivessem;</verse>
		<verse number="30">E os que choram, como se não chorassem; e os que folgam, como se não folgassem; e os que compram, como se não possuíssem;</verse>
		<verse number="31">E os que usam deste mundo, como se dele não abusassem, porque a aparência deste mundo passa.</verse>
		<verse number="32">E bem quisera eu que estivésseis sem cuidado. O solteiro cuida das coisas do Senhor, em como há de agradar ao Senhor;</verse>
		<verse number="33">Mas o que é casado cuida das coisas do mundo, em como há de agradar à mulher.</verse>
		<verse number="34">Há diferença entre a mulher casada e a virgem. A solteira cuida das coisas do Senhor para ser santa, tanto no corpo como no espírito; porém, a casada cuida das coisas do mundo, em como há de agradar ao marido.</verse>
		<verse number="35">E digo isto para proveito vosso; não para vos enlaçar, mas para o que é decente e conveniente, para vos unirdes ao Senhor sem distração alguma.</verse>
		<verse number="36">Mas, se alguém julga que trata indignamente a sua virgem, se tiver passado a flor da idade, e se for necessário, que faça o tal o que quiser; não peca; casem-se.</verse>
		<verse number="37">Todavia o que está firme em seu coração, não tendo necessidade, mas com poder sobre a sua própria vontade, se resolveu no seu coração guardar a sua virgem, faz bem.</verse>
		<verse number="38">De sorte que, o que a dá em casamento faz bem; mas o que não a dá em casamento faz melhor.</verse>
		<verse number="39">A mulher casada está ligada pela lei todo o tempo que o seu marido vive; mas, se falecer o seu marido fica livre para casar com quem quiser, contanto que seja no Senhor.</verse>
		<verse number="40">Será, porém, mais bem-aventurada se ficar assim, segundo o meu parecer, e também eu cuido que tenho o Espírito de Deus.</verse>
	</chapter>
	<chapter number="8">
		<verse number="1">Ora, no tocante às coisas sacrificadas aos ídolos, sabemos que todos temos ciência. A ciência incha, mas o amor edifica.</verse>
		<verse number="2">E, se alguém cuida saber alguma coisa, ainda não sabe como convém saber.</verse>
		<verse number="3">Mas, se alguém ama a Deus, esse é conhecido dele.</verse>
		<verse number="4">Assim que, quanto ao comer das coisas sacrificadas aos ídolos, sabemos que o ídolo nada é no mundo, e que não há outro Deus, senão um só.</verse>
		<verse number="5">Porque, ainda que haja também alguns que se chamem deuses, quer no céu quer na terra (como há muitos deuses e muitos senhores),</verse>
		<verse number="6">Todavia para nós há um só Deus, o Pai, de quem é tudo e para quem nós vivemos; e um só Senhor, Jesus Cristo, pelo qual são todas as coisas, e nós por ele.</verse>
		<verse number="7">Mas nem em todos há conhecimento; porque alguns até agora comem, com consciência do ídolo, coisas sacrificadas ao ídolo; e a sua consciência, sendo fraca, fica contaminada.</verse>
		<verse number="8">Ora a comida não nos faz agradáveis a Deus, porque, se comemos, nada temos de mais e, se não comemos, nada nos falta.</verse>
		<verse number="9">Mas vede que essa liberdade não seja de alguma maneira escândalo para os fracos.</verse>
		<verse number="10">Porque, se alguém te vir a ti, que tens ciência, sentado à mesa no templo dos ídolos, não será a consciência do que é fraco induzida a comer das coisas sacrificadas aos ídolos?</verse>
		<verse number="11">E pela tua ciência perecerá o irmão fraco, pelo qual Cristo morreu.</verse>
		<verse number="12">Ora, pecando assim contra os irmãos, e ferindo a sua fraca consciência, pecais contra Cristo.</verse>
		<verse number="13">Por isso, se a comida escandalizar a meu irmão, nunca mais comerei carne, para que meu irmão não se escandalize.</verse>
	</chapter>
	<chapter number="9">
		<verse number="1">Não sou eu apóstolo? Não sou livre? Não vi eu a Jesus Cristo Senhor nosso? Não sois vós a minha obra no Senhor?</verse>
		<verse number="2">Se eu não sou apóstolo para os outros, ao menos o sou para vós; porque vós sois o selo do meu apostolado no Senhor.</verse>
		<verse number="3">Esta é minha defesa para com os que me condenam.</verse>
		<verse number="4">Não temos nós direito de comer e beber?</verse>
		<verse number="5">Não temos nós direito de levar conosco uma esposa crente, como também os demais apóstolos, e os irmãos do Senhor, e Cefas?</verse>
		<verse number="6">Ou só eu e Barnabé não temos direito de deixar de trabalhar?</verse>
		<verse number="7">Quem jamais milita à sua própria custa? Quem planta a vinha e não come do seu fruto? Ou quem apascenta o gado e não se alimenta do leite do gado?</verse>
		<verse number="8">Digo eu isto segundo os homens? Ou não diz a lei também o mesmo?</verse>
		<verse number="9">Porque na lei de Moisés está escrito: Não atarás a boca ao boi que trilha o grão. Porventura tem Deus cuidado dos bois?</verse>
		<verse number="10">Ou não o diz certamente por nós? Certamente que por nós está escrito; porque o que lavra deve lavrar com esperança e o que debulha deve debulhar com esperança de ser participante.</verse>
		<verse number="11">Se nós vos semeamos as coisas espirituais, será muito que de vós recolhamos as carnais?</verse>
		<verse number="12">Se outros participam deste poder sobre vós, por que não, e mais justamente, nós? Mas nós não usamos deste direito; antes suportamos tudo, para não pormos impedimento algum ao evangelho de Cristo.</verse>
		<verse number="13">Não sabeis vós que os que administram o que é sagrado comem do que é do templo? E que os que de contínuo estão junto ao altar, participam do altar?</verse>
		<verse number="14">Assim ordenou também o Senhor aos que anunciam o evangelho, que vivam do evangelho.</verse>
		<verse number="15">Mas eu de nenhuma destas coisas usei, e não escrevi isto para que assim se faça comigo; porque melhor me fora morrer, do que alguém fazer vã esta minha glória.</verse>
		<verse number="16">Porque, se anuncio o evangelho, não tenho de que me gloriar, pois me é imposta essa obrigação; e ai de mim, se não anunciar o evangelho!</verse>
		<verse number="17">E por isso, se o faço de boa mente, terei prêmio; mas, se de má vontade, apenas uma dispensação me é confiada.</verse>
		<verse number="18">Logo, que prêmio tenho? Que, evangelizando, proponha de graça o evangelho de Cristo para não abusar do meu poder no evangelho.</verse>
		<verse number="19">Porque, sendo livre para com todos, fiz-me servo de todos para ganhar ainda mais.</verse>
		<verse number="20">E fiz-me como judeu para os judeus, para ganhar os judeus; para os que estão debaixo da lei, como se estivesse debaixo da lei, para ganhar os que estão debaixo da lei.</verse>
		<verse number="21">Para os que estão sem lei, como se estivesse sem lei (não estando sem lei para com Deus, mas debaixo da lei de Cristo), para ganhar os que estão sem lei.</verse>
		<verse number="22">Fiz-me como fraco para os fracos, para ganhar os fracos. Fiz-me tudo para todos, para por todos os meios chegar a salvar alguns.</verse>
		<verse number="23">E eu faço isto por causa do evangelho, para ser também participante dele.</verse>
		<verse number="24">Não sabeis vós que os que correm no estádio, todos, na verdade, correm, mas um só leva o prêmio? Correi de tal maneira que o alcanceis.</verse>
		<verse number="25">E todo aquele que luta de tudo se abstém; eles o fazem para alcançar uma coroa corruptível; nós, porém, uma incorruptível.</verse>
		<verse number="26">Pois eu assim corro, não como a coisa incerta; assim combato, não como batendo no ar.</verse>
		<verse number="27">Antes subjugo o meu corpo, e o reduzo à servidão, para que, pregando aos outros, eu mesmo não venha de alguma maneira a ficar reprovado.</verse>
	</chapter>
	<chapter number="10">
		<verse number="1">Ora, irmãos, não quero que ignoreis que nossos pais estiveram todos debaixo da nuvem, e todos passaram pelo mar.</verse>
		<verse number="2">E todos foram batizados em Moisés, na nuvem e no mar,</verse>
		<verse number="3">E todos comeram de uma mesma comida espiritual,</verse>
		<verse number="4">E beberam todos de uma mesma bebida espiritual, porque bebiam da pedra espiritual que os seguia; e a pedra era Cristo.</verse>
		<verse number="5">Mas Deus não se agradou da maior parte deles, por isso foram prostrados no deserto.</verse>
		<verse number="6">E estas coisas foram-nos feitas em figura, para que não cobicemos as coisas más, como eles cobiçaram.</verse>
		<verse number="7">Não vos façais, pois, idólatras, como alguns deles, conforme está escrito: O povo assentou-se a comer e a beber, e levantou-se para folgar.</verse>
		<verse number="8">E não nos forniquemos, como alguns deles fizeram; e caíram num dia vinte e três mil.</verse>
		<verse number="9">E não tentemos a Cristo, como alguns deles também tentaram, e pereceram pelas serpentes.</verse>
		<verse number="10">E não murmureis, como também alguns deles murmuraram, e pereceram pelo destruidor.</verse>
		<verse number="11">Ora, tudo isto lhes sobreveio como figuras, e estão escritas para aviso nosso, para quem já são chegados os fins dos séculos.</verse>
		<verse number="12">Aquele, pois, que cuida estar em pé, olhe não caia.</verse>
		<verse number="13">Não veio sobre vós tentação, senão humana; mas fiel é Deus, que não vos deixará tentar acima do que podeis, antes com a tentação dará também o escape, para que a possais suportar.</verse>
		<verse number="14">Portanto, meus amados, fugi da idolatria.</verse>
		<verse number="15">Falo como a entendidos; julgai vós mesmos o que digo.</verse>
		<verse number="16">Porventura o cálice de bênção, que abençoamos, não é a comunhão do sangue de Cristo? O pão que partimos não é porventura a comunhão do corpo de Cristo?</verse>
		<verse number="17">Porque nós, sendo muitos, somos um só pão e um só corpo, porque todos participamos do mesmo pão.</verse>
		<verse number="18">Vede a Israel segundo a carne; os que comem os sacrifícios não são porventura participantes do altar?</verse>
		<verse number="19">Mas que digo? Que o ídolo é alguma coisa? Ou que o sacrificado ao ídolo é alguma coisa?</verse>
		<verse number="20">Antes digo que as coisas que os gentios sacrificam, as sacrificam aos demônios, e não a Deus. E não quero que sejais participantes com os demônios.</verse>
		<verse number="21">Não podeis beber o cálice do Senhor e o cálice dos demônios; não podeis ser participantes da mesa do Senhor e da mesa dos demônios.</verse>
		<verse number="22">Ou irritaremos o Senhor? Somos nós mais fortes do que ele?</verse>
		<verse number="23">Todas as coisas me são lícitas, mas nem todas as coisas convêm; todas as coisas me são lícitas, mas nem todas as coisas edificam.</verse>
		<verse number="24">Ninguém busque o proveito próprio; antes cada um o que é de outrem.</verse>
		<verse number="25">Comei de tudo quanto se vende no açougue, sem perguntar nada, por causa da consciência.</verse>
		<verse number="26">Porque a terra é do Senhor e toda a sua plenitude.</verse>
		<verse number="27">E, se algum dos infiéis vos convidar, e quiserdes ir, comei de tudo o que se puser diante de vós, sem nada perguntar, por causa da consciência.</verse>
		<verse number="28">Mas, se alguém vos disser: Isto foi sacrificado aos ídolos, não comais, por causa daquele que vos advertiu e por causa da consciência; porque a terra é do Senhor, e toda a sua plenitude.</verse>
		<verse number="29">Digo, porém, a consciência, não a tua, mas a do outro. Pois por que há de a minha liberdade ser julgada pela consciência de outrem?</verse>
		<verse number="30">E, se eu com graça participo, por que sou blasfemado naquilo por que dou graças?</verse>
		<verse number="31">Portanto, quer comais quer bebais, ou façais outra qualquer coisa, fazei tudo para glória de Deus.</verse>
		<verse number="32">Portai-vos de modo que não deis escândalo nem aos judeus, nem aos gregos, nem à igreja de Deus.</verse>
		<verse number="33">Como também eu em tudo agrado a todos, não buscando o meu próprio proveito, mas o de muitos, para que assim se possam salvar.</verse>
	</chapter>
	<chapter number="11">
		<verse number="1">Sede meus imitadores, como também eu de Cristo.</verse>
		<verse number="2">E louvo-vos, irmãos, porque em tudo vos lembrais de mim, e retendes os preceitos como vo-los entreguei.</verse>
		<verse number="3">Mas quero que saibais que Cristo é a cabeça de todo o homem, e o homem a cabeça da mulher; e Deus a cabeça de Cristo.</verse>
		<verse number="4">Todo o homem que ora ou profetiza, tendo a cabeça coberta, desonra a sua própria cabeça.</verse>
		<verse number="5">Mas toda a mulher que ora ou profetiza com a cabeça descoberta, desonra a sua própria cabeça, porque é como se estivesse rapada.</verse>
		<verse number="6">Portanto, se a mulher não se cobre com véu, tosquie-se também. Mas, se para a mulher é coisa indecente tosquiar-se ou rapar-se, que ponha o véu.</verse>
		<verse number="7">O homem, pois, não deve cobrir a cabeça, porque é a imagem e glória de Deus, mas a mulher é a glória do homem.</verse>
		<verse number="8">Porque o homem não provém da mulher, mas a mulher do homem.</verse>
		<verse number="9">Porque também o homem não foi criado por causa da mulher, mas a mulher por causa do homem.</verse>
		<verse number="10">Portanto, a mulher deve ter sobre a cabeça sinal de poderio, por causa dos anjos.</verse>
		<verse number="11">Todavia, nem o homem é sem a mulher, nem a mulher sem o homem, no Senhor.</verse>
		<verse number="12">Porque, como a mulher provém do homem, assim também o homem provém da mulher, mas tudo vem de Deus.</verse>
		<verse number="13">Julgai entre vós mesmos: é decente que a mulher ore a Deus descoberta?</verse>
		<verse number="14">Ou não vos ensina a mesma natureza que é desonra para o homem ter cabelo crescido?</verse>
		<verse number="15">Mas ter a mulher cabelo crescido lhe é honroso, porque o cabelo lhe foi dado em lugar de véu.</verse>
		<verse number="16">Mas, se alguém quiser ser contencioso, nós não temos tal costume, nem as igrejas de Deus.</verse>
		<verse number="17">Nisto, porém, que vou dizer-vos não vos louvo; porquanto vos ajuntais, não para melhor, senão para pior.</verse>
		<verse number="18">Porque antes de tudo ouço que, quando vos ajuntais na igreja, há entre vós dissensões; e em parte o creio.</verse>
		<verse number="19">E até importa que haja entre vós heresias, para que os que são sinceros se manifestem entre vós.</verse>
		<verse number="20">De sorte que, quando vos ajuntais num lugar, não é para comer a ceia do Senhor.</verse>
		<verse number="21">Porque, comendo, cada um toma antecipadamente a sua própria ceia; e assim um tem fome e outro embriaga-se.</verse>
		<verse number="22">Não tendes porventura casas para comer e para beber? Ou desprezais a igreja de Deus, e envergonhais os que nada têm? Que vos direi? Louvar-vos-ei? Nisto não vos louvo.</verse>
		<verse number="23">Porque eu recebi do Senhor o que também vos ensinei: que o Senhor Jesus, na noite em que foi traído, tomou o pão;</verse>
		<verse number="24">E, tendo dado graças, o partiu e disse: Tomai, comei; isto é o meu corpo que é partido por vós; fazei isto em memória de mim.</verse>
		<verse number="25">Semelhantemente também, depois de cear, tomou o cálice, dizendo: Este cálice é o novo testamento no meu sangue; fazei isto, todas as vezes que beberdes, em memória de mim.</verse>
		<verse number="26">Porque todas as vezes que comerdes este pão e beberdes este cálice anunciais a morte do Senhor, até que venha.</verse>
		<verse number="27">Portanto, qualquer que comer este pão, ou beber o cálice do Senhor indignamente, será culpado do corpo e do sangue do Senhor.</verse>
		<verse number="28">Examine-se, pois, o homem a si mesmo, e assim coma deste pão e beba deste cálice.</verse>
		<verse number="29">Porque o que come e bebe indignamente, come e bebe para sua própria condenação, não discernindo o corpo do Senhor.</verse>
		<verse number="30">Por causa disto há entre vós muitos fracos e doentes, e muitos que dormem.</verse>
		<verse number="31">Porque, se nós nos julgássemos a nós mesmos, não seríamos julgados.</verse>
		<verse number="32">Mas, quando somos julgados, somos repreendidos pelo Senhor, para não sermos condenados com o mundo.</verse>
		<verse number="33">Portanto, meus irmãos, quando vos ajuntais para comer, esperai uns pelos outros.</verse>
		<verse number="34">Mas, se algum tiver fome, coma em casa, para que não vos ajunteis para condenação. Quanto às demais coisas, ordená-las-ei quando for.</verse>
	</chapter>
	<chapter number="12">
		<verse number="1">Acerca dos dons espirituais, não quero, irmãos, que sejais ignorantes.</verse>
		<verse number="2">Vós bem sabeis que éreis gentios, levados aos ídolos mudos, conforme éreis guiados.</verse>
		<verse number="3">Portanto, vos quero fazer compreender que ninguém que fala pelo Espírito de Deus diz: Jesus é anátema, e ninguém pode dizer que Jesus é o Senhor, senão pelo Espírito Santo.</verse>
		<verse number="4">Ora, há diversidade de dons, mas o Espírito é o mesmo.</verse>
		<verse number="5">E há diversidade de ministérios, mas o Senhor é o mesmo.</verse>
		<verse number="6">E há diversidade de operações, mas é o mesmo Deus que opera tudo em todos.</verse>
		<verse number="7">Mas a manifestação do Espírito é dada a cada um, para o que for útil.</verse>
		<verse number="8">Porque a um pelo Espírito é dada a palavra da sabedoria; e a outro, pelo mesmo Espírito, a palavra da ciência;</verse>
		<verse number="9">E a outro, pelo mesmo Espírito, a fé; e a outro, pelo mesmo Espírito, os dons de curar;</verse>
		<verse number="10">E a outro a operação de maravilhas; e a outro a profecia; e a outro o dom de discernir os espíritos; e a outro a variedade de línguas; e a outro a interpretação das línguas.</verse>
		<verse number="11">Mas um só e o mesmo Espírito opera todas estas coisas, repartindo particularmente a cada um como quer.</verse>
		<verse number="12">Porque, assim como o corpo é um, e tem muitos membros, e todos os membros, sendo muitos, são um só corpo, assim é Cristo também.</verse>
		<verse number="13">Pois todos nós fomos batizados em um Espírito, formando um corpo, quer judeus, quer gregos, quer servos, quer livres, e todos temos bebido de um Espírito.</verse>
		<verse number="14">Porque também o corpo não é um só membro, mas muitos.</verse>
		<verse number="15">Se o pé disser: Porque não sou mão, não sou do corpo; não será por isso do corpo?</verse>
		<verse number="16">E se a orelha disser: Porque não sou olho não sou do corpo; não será por isso do corpo?</verse>
		<verse number="17">Se todo o corpo fosse olho, onde estaria o ouvido? Se todo fosse ouvido, onde estaria o olfato?</verse>
		<verse number="18">Mas agora Deus colocou os membros no corpo, cada um deles como quis.</verse>
		<verse number="19">E, se todos fossem um só membro, onde estaria o corpo?</verse>
		<verse number="20">Assim, pois, há muitos membros, mas um corpo.</verse>
		<verse number="21">E o olho não pode dizer à mão: Não tenho necessidade de ti; nem ainda a cabeça aos pés: Não tenho necessidade de vós.</verse>
		<verse number="22">Antes, os membros do corpo que parecem ser os mais fracos são necessários;</verse>
		<verse number="23">E os que reputamos serem menos honrosos no corpo, a esses honramos muito mais; e aos que em nós são menos decorosos damos muito mais honra.</verse>
		<verse number="24">Porque os que em nós são mais nobres não têm necessidade disso, mas Deus assim formou o corpo, dando muito mais honra ao que tinha falta dela;</verse>
		<verse number="25">Para que não haja divisão no corpo, mas antes tenham os membros igual cuidado uns dos outros.</verse>
		<verse number="26">De maneira que, se um membro padece, todos os membros padecem com ele; e, se um membro é honrado, todos os membros se regozijam com ele.</verse>
		<verse number="27">Ora, vós sois o corpo de Cristo, e seus membros em particular.</verse>
		<verse number="28">E a uns pôs Deus na igreja, primeiramente apóstolos, em segundo lugar profetas, em terceiro doutores, depois milagres, depois dons de curar, socorros, governos, variedades de línguas.</verse>
		<verse number="29">Porventura são todos apóstolos? são todos profetas? são todos doutores? são todos operadores de milagres?</verse>
		<verse number="30">Têm todos o dom de curar? falam todos diversas línguas? interpretam todos?</verse>
		<verse number="31">Portanto, procurai com zelo os melhores dons; e eu vos mostrarei um caminho mais excelente.</verse>
	</chapter>
	<chapter number="13">
		<verse number="1">Ainda que eu falasse as línguas dos homens e dos anjos, e não tivesse amor, seria como o metal que soa ou como o sino que tine.</verse>
		<verse number="2">E ainda que tivesse o dom de profecia, e conhecesse todos os mistérios e toda a ciência, e ainda que tivesse toda a fé, de maneira tal que transportasse os montes, e não tivesse amor, nada seria.</verse>
		<verse number="3">E ainda que distribuísse toda a minha fortuna para sustento dos pobres, e ainda que entregasse o meu corpo para ser queimado, e não tivesse amor, nada disso me aproveitaria.</verse>
		<verse number="4">O amor é sofredor, é benigno; o amor não é invejoso; o amor não trata com leviandade, não se ensoberbece.</verse>
		<verse number="5">Não se porta com indecência, não busca os seus interesses, não se irrita, não suspeita mal;</verse>
		<verse number="6">Não folga com a injustiça, mas folga com a verdade;</verse>
		<verse number="7">Tudo sofre, tudo crê, tudo espera, tudo suporta.</verse>
		<verse number="8">O amor nunca falha; mas havendo profecias, serão aniquiladas; havendo línguas, cessarão; havendo ciência, desaparecerá;</verse>
		<verse number="9">Porque, em parte, conhecemos, e em parte profetizamos;</verse>
		<verse number="10">Mas, quando vier o que é perfeito, então o que o é em parte será aniquilado.</verse>
		<verse number="11">Quando eu era menino, falava como menino, sentia como menino, discorria como menino, mas, logo que cheguei a ser homem, acabei com as coisas de menino.</verse>
		<verse number="12">Porque agora vemos por espelho em enigma, mas então veremos face a face; agora conheço em parte, mas então conhecerei como também sou conhecido.</verse>
		<verse number="13">Agora, pois, permanecem a fé, a esperança e o amor, estes três, mas o maior destes é o amor.</verse>
	</chapter>
	<chapter number="14">
		<verse number="1">Segui o amor, e procurai com zelo os dons espirituais, mas principalmente o de profetizar.</verse>
		<verse number="2">Porque o que fala em língua desconhecida não fala aos homens, senão a Deus; porque ninguém o entende, e em espírito fala mistérios.</verse>
		<verse number="3">Mas o que profetiza fala aos homens, para edificação, exortação e consolação.</verse>
		<verse number="4">O que fala em língua desconhecida edifica-se a si mesmo, mas o que profetiza edifica a igreja.</verse>
		<verse number="5">E eu quero que todos vós faleis em línguas, mas muito mais que profetizeis; porque o que profetiza é maior do que o que fala em línguas, a não ser que também interprete para que a igreja receba edificação.</verse>
		<verse number="6">E agora, irmãos, se eu for ter convosco falando em línguas, que vos aproveitaria, se não vos falasse ou por meio da revelação, ou da ciência, ou da profecia, ou da doutrina?</verse>
		<verse number="7">Da mesma sorte, se as coisas inanimadas, que fazem som, seja flauta, seja cítara, não formarem sons distintos, como se conhecerá o que se toca com a flauta ou com a cítara?</verse>
		<verse number="8">Porque, se a trombeta der sonido incerto, quem se preparará para a batalha?</verse>
		<verse number="9">Assim também vós, se com a língua não pronunciardes palavras bem inteligíveis, como se entenderá o que se diz? porque estareis como que falando ao ar.</verse>
		<verse number="10">Há, por exemplo, tanta espécie de vozes no mundo, e nenhuma delas é sem significação.</verse>
		<verse number="11">Mas, se eu ignorar o sentido da voz, serei bárbaro para aquele a quem falo, e o que fala será bárbaro para mim.</verse>
		<verse number="12">Assim também vós, como desejais dons espirituais, procurai abundar neles, para edificação da igreja.</verse>
		<verse number="13">Por isso, o que fala em língua desconhecida, ore para que a possa interpretar.</verse>
		<verse number="14">Porque, se eu orar em língua desconhecida, o meu espírito ora bem, mas o meu entendimento fica sem fruto.</verse>
		<verse number="15">Que farei, pois? Orarei com o espírito, mas também orarei com o entendimento; cantarei com o espírito, mas também cantarei com o entendimento.</verse>
		<verse number="16">De outra maneira, se tu bendisseres com o espírito, como dirá o que ocupa o lugar de indouto, o Amém, sobre a tua ação de graças, visto que não sabe o que dizes?</verse>
		<verse number="17">Porque realmente tu dás bem as graças, mas o outro não é edificado.</verse>
		<verse number="18">Dou graças ao meu Deus, porque falo mais línguas do que vós todos.</verse>
		<verse number="19">Todavia eu antes quero falar na igreja cinco palavras na minha própria inteligência, para que possa também instruir os outros, do que dez mil palavras em língua desconhecida.</verse>
		<verse number="20">Irmãos, não sejais meninos no entendimento, mas sede meninos na malícia, e adultos no entendimento.</verse>
		<verse number="21">Está escrito na lei: Por gente de outras línguas, e por outros lábios, falarei a este povo; e ainda assim me não ouvirão, diz o Senhor.</verse>
		<verse number="22">De sorte que as línguas são um sinal, não para os fiéis, mas para os infiéis; e a profecia não é sinal para os infiéis, mas para os fiéis.</verse>
		<verse number="23">Se, pois, toda a igreja se congregar num lugar, e todos falarem em línguas, e entrarem indoutos ou infiéis, não dirão porventura que estais loucos?</verse>
		<verse number="24">Mas, se todos profetizarem, e algum indouto ou infiel entrar, de todos é convencido, de todos é julgado.</verse>
		<verse number="25">E, portanto, os segredos do seu coração ficam manifestos, e assim, lançando-se sobre o seu rosto, adorará a Deus, publicando que Deus está verdadeiramente entre vós.</verse>
		<verse number="26">Que fareis pois, irmãos? Quando vos ajuntais, cada um de vós tem salmo, tem doutrina, tem revelação, tem língua, tem interpretação. Faça-se tudo para edificação.</verse>
		<verse number="27">E, se alguém falar em língua desconhecida, faça-se isso por dois, ou quando muito três, e por sua vez, e haja intérprete.</verse>
		<verse number="28">Mas, se não houver intérprete, esteja calado na igreja, e fale consigo mesmo, e com Deus.</verse>
		<verse number="29">E falem dois ou três profetas, e os outros julguem.</verse>
		<verse number="30">Mas, se a outro, que estiver assentado, for revelada alguma coisa, cale-se o primeiro.</verse>
		<verse number="31">Porque todos podereis profetizar, uns depois dos outros; para que todos aprendam, e todos sejam consolados.</verse>
		<verse number="32">E os espíritos dos profetas estão sujeitos aos profetas.</verse>
		<verse number="33">Porque Deus não é Deus de confusão, senão de paz, como em todas as igrejas dos santos.</verse>
		<verse number="34">As vossas mulheres estejam caladas nas igrejas; porque não lhes é permitido falar; mas estejam sujeitas, como também ordena a lei.</verse>
		<verse number="35">E, se querem aprender alguma coisa, interroguem em casa a seus próprios maridos; porque é vergonhoso que as mulheres falem na igreja.</verse>
		<verse number="36">Porventura saiu dentre vós a palavra de Deus? Ou veio ela somente para vós?</verse>
		<verse number="37">Se alguém cuida ser profeta, ou espiritual, reconheça que as coisas que vos escrevo são mandamentos do Senhor.</verse>
		<verse number="38">Mas, se alguém ignora isto, que ignore.</verse>
		<verse number="39">Portanto, irmãos, procurai, com zelo, profetizar, e não proibais falar línguas.</verse>
		<verse number="40">Mas faça-se tudo decentemente e com ordem.</verse>
	</chapter>
	<chapter number="15">
		<verse number="1">Também vos notifico, irmãos, o evangelho que já vos tenho anunciado; o qual também recebestes, e no qual também permaneceis.</verse>
		<verse number="2">Pelo qual também sois salvos se o retiverdes tal como vo-lo tenho anunciado; se não é que crestes em vão.</verse>
		<verse number="3">Porque primeiramente vos entreguei o que também recebi: que Cristo morreu por nossos pecados, segundo as Escrituras,</verse>
		<verse number="4">E que foi sepultado, e que ressuscitou ao terceiro dia, segundo as Escrituras.</verse>
		<verse number="5">E que foi visto por Cefas, e depois pelos doze.</verse>
		<verse number="6">Depois foi visto, uma vez, por mais de quinhentos irmãos, dos quais vive ainda a maior parte, mas alguns já dormem também.</verse>
		<verse number="7">Depois foi visto por Tiago, depois por todos os apóstolos.</verse>
		<verse number="8">E por derradeiro de todos me apareceu também a mim, como a um abortivo.</verse>
		<verse number="9">Porque eu sou o menor dos apóstolos, que não sou digno de ser chamado apóstolo, pois que persegui a igreja de Deus.</verse>
		<verse number="10">Mas pela graça de Deus sou o que sou; e a sua graça para comigo não foi vã, antes trabalhei muito mais do que todos eles; todavia não eu, mas a graça de Deus, que está comigo.</verse>
		<verse number="11">Então, ou seja eu ou sejam eles, assim pregamos e assim haveis crido.</verse>
		<verse number="12">Ora, se se prega que Cristo ressuscitou dentre os mortos, como dizem alguns dentre vós que não há ressurreição de mortos?</verse>
		<verse number="13">E, se não há ressurreição de mortos, também Cristo não ressuscitou.</verse>
		<verse number="14">E, se Cristo não ressuscitou, logo é vã a nossa pregação, e também é vã a vossa fé.</verse>
		<verse number="15">E assim somos também considerados como falsas testemunhas de Deus, pois testificamos de Deus, que ressuscitou a Cristo, ao qual, porém, não ressuscitou, se, na verdade, os mortos não ressuscitam.</verse>
		<verse number="16">Porque, se os mortos não ressuscitam, também Cristo não ressuscitou.</verse>
		<verse number="17">E, se Cristo não ressuscitou, é vã a vossa fé, e ainda permaneceis nos vossos pecados.</verse>
		<verse number="18">E também os que dormiram em Cristo estão perdidos.</verse>
		<verse number="19">Se esperamos em Cristo só nesta vida, somos os mais miseráveis de todos os homens.</verse>
		<verse number="20">Mas de fato Cristo ressuscitou dentre os mortos, e foi feito as primícias dos que dormem.</verse>
		<verse number="21">Porque assim como a morte veio por um homem, também a ressurreição dos mortos veio por um homem.</verse>
		<verse number="22">Porque, assim como todos morrem em Adão, assim também todos serão vivificados em Cristo.</verse>
		<verse number="23">Mas cada um por sua ordem: Cristo as primícias, depois os que são de Cristo, na sua vinda.</verse>
		<verse number="24">Depois virá o fim, quando tiver entregado o reino a Deus, ao Pai, e quando houver aniquilado todo o império, e toda a potestade e força.</verse>
		<verse number="25">Porque convém que reine até que haja posto a todos os inimigos debaixo de seus pés.</verse>
		<verse number="26">Ora, o último inimigo que há de ser aniquilado é a morte.</verse>
		<verse number="27">Porque todas as coisas sujeitou debaixo de seus pés. Mas, quando diz que todas as coisas lhe estão sujeitas, claro está que se excetua aquele que lhe sujeitou todas as coisas.</verse>
		<verse number="28">E, quando todas as coisas lhe estiverem sujeitas, então também o mesmo Filho se sujeitará àquele que todas as coisas lhe sujeitou, para que Deus seja tudo em todos.</verse>
		<verse number="29">Doutra maneira, que farão os que se batizam pelos mortos, se absolutamente os mortos não ressuscitam? Por que se batizam eles então pelos mortos?</verse>
		<verse number="30">Por que estamos nós também a toda a hora em perigo?</verse>
		<verse number="31">Eu protesto que cada dia morro, gloriando-me em vós, irmãos, por Cristo Jesus nosso Senhor.</verse>
		<verse number="32">Se, como homem, combati em Éfeso contra as bestas, que me aproveita isso, se os mortos não ressuscitam? Comamos e bebamos, que amanhã morreremos.</verse>
		<verse number="33">Não vos enganeis: as más conversações corrompem os bons costumes.</verse>
		<verse number="34">Vigiai justamente e não pequeis; porque alguns ainda não têm o conhecimento de Deus; digo-o para vergonha vossa.</verse>
		<verse number="35">Mas alguém dirá: Como ressuscitarão os mortos? E com que corpo virão?</verse>
		<verse number="36">Insensato! o que tu semeias não é vivificado, se primeiro não morrer.</verse>
		<verse number="37">E, quando semeias, não semeias o corpo que há de nascer, mas o simples grão, como de trigo, ou de outra qualquer semente.</verse>
		<verse number="38">Mas Deus dá-lhe o corpo como quer, e a cada semente o seu próprio corpo.</verse>
		<verse number="39">Nem toda a carne é uma mesma carne, mas uma é a carne dos homens, e outra a carne dos animais, e outra a dos peixes e outra a das aves.</verse>
		<verse number="40">E há corpos celestes e corpos terrestres, mas uma é a glória dos celestes e outra a dos terrestres.</verse>
		<verse number="41">Uma é a glória do sol, e outra a glória da lua, e outra a glória das estrelas; porque uma estrela difere em glória de outra estrela.</verse>
		<verse number="42">Assim também a ressurreição dentre os mortos. Semeia-se o corpo em corrupção; ressuscitará em incorrupção.</verse>
		<verse number="43">Semeia-se em ignomínia, ressuscitará em glória. Semeia-se em fraqueza, ressuscitará com vigor.</verse>
		<verse number="44">Semeia-se corpo natural, ressuscitará corpo espiritual. Se há corpo natural, há também corpo espiritual.</verse>
		<verse number="45">Assim está também escrito: O primeiro homem, Adão, foi feito em alma vivente; o último Adão em espírito vivificante.</verse>
		<verse number="46">Mas não é primeiro o espiritual, senão o natural; depois o espiritual.</verse>
		<verse number="47">O primeiro homem, da terra, é terreno; o segundo homem, o Senhor, é do céu.</verse>
		<verse number="48">Qual o terreno, tais são também os terrestres; e, qual o celestial, tais também os celestiais.</verse>
		<verse number="49">E, assim como trouxemos a imagem do terreno, assim traremos também a imagem do celestial.</verse>
		<verse number="50">E agora digo isto, irmãos: que a carne e o sangue não podem herdar o reino de Deus, nem a corrupção herdar a incorrupção.</verse>
		<verse number="51">Eis aqui vos digo um mistério: Na verdade, nem todos dormiremos, mas todos seremos transformados;</verse>
		<verse number="52">Num momento, num abrir e fechar de olhos, ante a última trombeta; porque a trombeta soará, e os mortos ressuscitarão incorruptíveis, e nós seremos transformados.</verse>
		<verse number="53">Porque convém que isto que é corruptível se revista da incorruptibilidade, e que isto que é mortal se revista da imortalidade.</verse>
		<verse number="54">E, quando isto que é corruptível se revestir da incorruptibilidade, e isto que é mortal se revestir da imortalidade, então cumprir-se-á a palavra que está escrita: Tragada foi a morte na vitória.</verse>
		<verse number="55">Onde está, ó morte, o teu aguilhão? Onde está, ó inferno, a tua vitória?</verse>
		<verse number="56">Ora, o aguilhão da morte é o pecado, e a força do pecado é a lei.</verse>
		<verse number="57">Mas graças a Deus que nos dá a vitória por nosso Senhor Jesus Cristo.</verse>
		<verse number="58">Portanto, meus amados irmãos, sede firmes e constantes, sempre abundantes na obra do Senhor, sabendo que o vosso trabalho não é vão no Senhor.</verse>
	</chapter>
	<chapter number="16">
		<verse number="1">Ora, quanto à coleta que se faz para os santos, fazei vós também o mesmo que ordenei às igrejas da Galácia.</verse>
		<verse number="2">No primeiro dia da semana cada um de vós ponha de parte o que puder ajuntar, conforme a sua prosperidade, para que não se façam as coletas quando eu chegar.</verse>
		<verse number="3">E, quando tiver chegado, mandarei os que por cartas aprovardes, para levar a vossa dádiva a Jerusalém.</verse>
		<verse number="4">E, se valer a pena que eu também vá, irão comigo.</verse>
		<verse number="5">Irei, porém, ter convosco depois de ter passado pela macedônia (porque tenho de passar pela macedônia).</verse>
		<verse number="6">E bem pode ser que fique convosco, e passe também o inverno, para que me acompanheis aonde quer que eu for.</verse>
		<verse number="7">Porque não vos quero agora ver de passagem, mas espero ficar convosco algum tempo, se o Senhor o permitir.</verse>
		<verse number="8">Ficarei, porém, em Éfeso até ao Pentecostes;</verse>
		<verse number="9">Porque uma porta grande e eficaz se me abriu; e há muitos adversários.</verse>
		<verse number="10">E, se Timóteo for, vede que esteja sem temor convosco; porque trabalha na obra do Senhor, como eu também.</verse>
		<verse number="11">Portanto, ninguém o despreze, mas acompanhai-o em paz, para que venha ter comigo; pois o espero com os irmãos.</verse>
		<verse number="12">E, acerca do irmão Apolo, roguei-lhe muito que fosse com os irmãos ter convosco, mas, na verdade, não teve vontade de ir agora; irá, porém, quando se lhe oferecer boa ocasião.</verse>
		<verse number="13">Vigiai, estai firmes na fé; portai-vos varonilmente, e fortalecei-vos.</verse>
		<verse number="14">Todas as vossas coisas sejam feitas com amor.</verse>
		<verse number="15">Agora vos rogo, irmãos (sabeis que a família de Estéfanas é as primícias da Acaia, e que se tem dedicado ao ministério dos santos),</verse>
		<verse number="16">Que também vos sujeiteis aos tais, e a todo aquele que auxilia na obra e trabalha.</verse>
		<verse number="17">Folgo, porém, com a vinda de Estéfanas, de Fortunato e de Acaico; porque estes supriram o que da vossa parte me faltava.</verse>
		<verse number="18">Porque recrearam o meu espírito e o vosso. Reconhecei, pois, aos tais.</verse>
		<verse number="19">As igrejas da Ásia vos saúdam. Saúdam-vos afetuosamente no Senhor áqüila e Priscila, com a igreja que está em sua casa.</verse>
		<verse number="20">Todos os irmãos vos saúdam. Saudai-vos uns aos outros com ósculo santo.</verse>
		<verse number="21">Saudação da minha própria mão, de Paulo.</verse>
		<verse number="22">Se alguém não ama ao Senhor Jesus Cristo, seja anátema. Maranata!</verse>
		<verse number="23">A graça do Senhor Jesus Cristo seja convosco.</verse>
		<verse number="24">O meu amor seja com todos vós em Cristo Jesus. Amém.</verse>
	</chapter>
</book>