﻿<?xml version="1.0" encoding="UTF-8"?>
<book name="Daniel" abbrev="dn" chapters="12">
	<chapter number="1">
		<verse number="1">No ano terceiro do reinado de Jeoiaquim, rei de Judá, veio Nabucodonosor, rei de babilônia, a Jerusalém, e a sitiou.</verse>
		<verse number="2">E o Senhor entregou nas suas mãos a Jeoiaquim, rei de Judá, e uma parte dos utensílios da casa de Deus, e ele os levou para a terra de Sinar, para a casa do seu deus, e pôs os utensílios na casa do tesouro do seu deus.</verse>
		<verse number="3">E disse o rei a Aspenaz, chefe dos seus eunucos, que trouxesse alguns dos filhos de Israel, e da linhagem real e dos príncipes,</verse>
		<verse number="4">Jovens em quem não houvesse defeito algum, de boa aparência, e instruídos em toda a sabedoria, e doutos em ciência, e entendidos no conhecimento, e que tivessem habilidade para assistirem no palácio do rei, e que lhes ensinassem as letras e a língua dos caldeus.</verse>
		<verse number="5">E o rei lhes determinou a porção diária, das iguarias do rei, e do vinho que ele bebia, e que assim fossem mantidos por três anos, para que no fim destes pudessem estar diante do rei.</verse>
		<verse number="6">E entre eles se achavam, dos filhos de Judá, Daniel, Hananias, Misael e Azarias;</verse>
		<verse number="7">E o chefe dos eunucos lhes pôs outros nomes, a saber: a Daniel pôs o de Beltessazar, e a Hananias o de Sadraque, e a Misael o de Mesaque, e a Azarias o de Abednego.</verse>
		<verse number="8">E Daniel propôs no seu coração não se contaminar com a porção das iguarias do rei, nem com o vinho que ele bebia; portanto pediu ao chefe dos eunucos que lhe permitisse não se contaminar.</verse>
		<verse number="9">Ora, Deus fez com que Daniel achasse graça e misericórdia diante do chefe dos eunucos.</verse>
		<verse number="10">E disse o chefe dos eunucos a Daniel: Tenho medo do meu senhor, o rei, que determinou a vossa comida e a vossa bebida; pois por que veria ele os vossos rostos mais tristes do que os dos outros jovens da vossa idade? Assim porias em perigo a minha cabeça para com o rei.</verse>
		<verse number="11">Então disse Daniel ao despenseiro a quem o chefe dos eunucos havia constituído sobre Daniel, Hananias, Misael e Azarias:</verse>
		<verse number="12">Experimenta, peço-te, os teus servos dez dias, e que se nos dêem legumes a comer, e água a beber.</verse>
		<verse number="13">Então se examine diante de ti a nossa aparência, e a aparência dos jovens que comem a porção das iguarias do rei; e, conforme vires, procederás para com os teus servos.</verse>
		<verse number="14">E ele consentiu isto, e os experimentou dez dias.</verse>
		<verse number="15">E, ao fim dos dez dias, apareceram os seus semblantes melhores, e eles estavam mais gordos de carne do que todos os jovens que comiam das iguarias do rei.</verse>
		<verse number="16">Assim o despenseiro tirou-lhes a porção das iguarias, e o vinho de que deviam beber, e lhes dava legumes.</verse>
		<verse number="17">Quanto a estes quatro jovens, Deus lhes deu o conhecimento e a inteligência em todas as letras, e sabedoria; mas a Daniel deu entendimento em toda a visão e sonhos.</verse>
		<verse number="18">E ao fim dos dias, em que o rei tinha falado que os trouxessem, o chefe dos eunucos os trouxe diante de Nabucodonosor.</verse>
		<verse number="19">E o rei falou com eles; entre todos eles não foram achados outros tais como Daniel, Hananias, Misael e Azarias; portanto ficaram assistindo diante do rei.</verse>
		<verse number="20">E em toda a matéria de sabedoria e de discernimento, sobre o que o rei lhes perguntou, os achou dez vezes mais doutos do que todos os magos astrólogos que havia em todo o seu reino.</verse>
		<verse number="21">E Daniel permaneceu até ao primeiro ano do rei Ciro.</verse>
	</chapter>
	<chapter number="2">
		<verse number="1">E no segundo ano do reinado de Nabucodonosor, Nabucodonosor teve sonhos; e o seu espírito se perturbou, e passou-se-lhe o sono.</verse>
		<verse number="2">Então o rei mandou chamar os magos, os astrólogos, os encantadores e os caldeus, para que declarassem ao rei os seus sonhos; e eles vieram e se apresentaram diante do rei.</verse>
		<verse number="3">E o rei lhes disse: Tive um sonho; e para saber o sonho está perturbado o meu espírito.</verse>
		<verse number="4">E os caldeus disseram ao rei em aramaico: Ó rei, vive eternamente! Dize o sonho a teus servos, e daremos a interpretação.</verse>
		<verse number="5">Respondeu o rei, e disse aos caldeus: O assunto me tem escapado; se não me fizerdes saber o sonho e a sua interpretação, sereis despedaçados, e as vossas casas serão feitas um monturo;</verse>
		<verse number="6">Mas se vós me declarardes o sonho e a sua interpretação, recebereis de mim dádivas, recompensas e grande honra; portanto declarai-me o sonho e a sua interpretação.</verse>
		<verse number="7">Responderam segunda vez, e disseram: Diga o rei o sonho a seus servos, e daremos a sua interpretação.</verse>
		<verse number="8">Respondeu o rei, e disse: Percebo muito bem que vós quereis ganhar tempo; porque vedes que o assunto me tem escapado.</verse>
		<verse number="9">De modo que, se não me fizerdes saber o sonho, uma só sentença será a vossa; pois vós preparastes palavras mentirosas e perversas para as proferirdes na minha presença, até que se mude o tempo; portanto dizei-me o sonho, para que eu entenda que me podeis dar a sua interpretação.</verse>
		<verse number="10">Responderam os caldeus na presença do rei, e disseram: Não há ninguém sobre a terra que possa declarar a palavra ao rei; pois nenhum rei há, grande ou dominador, que requeira coisas semelhantes de algum mago, ou astrólogo, ou caldeu.</verse>
		<verse number="11">Porque o assunto que o rei requer é difícil; e ninguém há que o possa declarar diante do rei, senão os deuses, cuja morada não é com a carne.</verse>
		<verse number="12">Por isso o rei muito se irou e enfureceu; e ordenou que matassem a todos os sábios de babilônia.</verse>
		<verse number="13">E saiu o decreto, segundo o qual deviam ser mortos os sábios; e buscaram a Daniel e aos seus companheiros, para que fossem mortos.</verse>
		<verse number="14">Então Daniel falou avisada e prudentemente a Arioque, capitão da guarda do rei, que tinha saído para matar os sábios de babilônia.</verse>
		<verse number="15">Respondeu, e disse a Arioque, capitão do rei: Por que se apressa tanto o decreto da parte do rei? Então Arioque explicou o caso a Daniel.</verse>
		<verse number="16">E Daniel entrou; e pediu ao rei que lhe desse tempo, para que lhe pudesse dar a interpretação.</verse>
		<verse number="17">Então Daniel foi para a sua casa, e fez saber o caso a Hananias, Misael e Azarias, seus companheiros;</verse>
		<verse number="18">Para que pedissem misericórdia ao Deus do céu, sobre este mistério, a fim de que Daniel e seus companheiros não perecessem, juntamente com o restante dos sábios da Babilônia.</verse>
		<verse number="19">Então foi revelado o mistério a Daniel numa visão de noite; então Daniel louvou o Deus do céu.</verse>
		<verse number="20">Falou Daniel, dizendo: Seja bendito o nome de Deus de eternidade a eternidade, porque dele são a sabedoria e a força;</verse>
		<verse number="21">E ele muda os tempos e as estações; ele remove os reis e estabelece os reis; ele dá sabedoria aos sábios e conhecimento aos entendidos.</verse>
		<verse number="22">Ele revela o profundo e o escondido; conhece o que está em trevas, e com ele mora a luz.</verse>
		<verse number="23">Ó Deus de meus pais, eu te dou graças e te louvo, porque me deste sabedoria e força; e agora me fizeste saber o que te pedimos, porque nos fizeste saber este assunto do rei.</verse>
		<verse number="24">Por isso Daniel foi ter com Arioque, ao qual o rei tinha constituído para matar os sábios de babilônia; entrou, e disse-lhe assim: Não mates os sábios de babilônia; introduze-me na presença do rei, e declararei ao rei a interpretação.</verse>
		<verse number="25">Então Arioque depressa introduziu a Daniel na presença do rei, e disse-lhe assim: Achei um homem dentre os cativos de Judá, o qual fará saber ao rei a interpretação.</verse>
		<verse number="26">Respondeu o rei, e disse a Daniel (cujo nome era Beltessazar): Podes tu fazer-me saber o sonho que tive e a sua interpretação?</verse>
		<verse number="27">Respondeu Daniel na presença do rei, dizendo: O segredo que o rei requer, nem sábios, nem astrólogos, nem magos, nem adivinhos o podem declarar ao rei;</verse>
		<verse number="28">Mas há um Deus no céu, o qual revela os mistérios; ele, pois, fez saber ao rei Nabucodonosor o que há de acontecer nos últimos dias; o teu sonho e as visões da tua cabeça que tiveste na tua cama são estes:</verse>
		<verse number="29">Estando tu, ó rei, na tua cama, subiram os teus pensamentos, acerca do que há de ser depois disto. Aquele, pois, que revela os mistérios te fez saber o que há de ser.</verse>
		<verse number="30">E a mim me foi revelado esse mistério, não porque haja em mim mais sabedoria que em todos os viventes, mas para que a interpretação se fizesse saber ao rei, e para que entendesses os pensamentos do teu coração.</verse>
		<verse number="31">Tu, ó rei, estavas vendo, e eis aqui uma grande estátua; esta estátua, que era imensa, cujo esplendor era excelente, e estava em pé diante de ti; e a sua aparência era terrível.</verse>
		<verse number="32">A cabeça daquela estátua era de ouro fino; o seu peito e os seus braços de prata; o seu ventre e as suas coxas de cobre;</verse>
		<verse number="33">As pernas de ferro; os seus pés em parte de ferro e em parte de barro.</verse>
		<verse number="34">Estavas vendo isto, quando uma pedra foi cortada, sem auxílio de mão, a qual feriu a estátua nos pés de ferro e de barro, e os esmiuçou.</verse>
		<verse number="35">Então foi juntamente esmiuçado o ferro, o barro, o bronze, a prata e o ouro, os quais se fizeram como pragana das eiras do estio, e o vento os levou, e não se achou lugar algum para eles; mas a pedra, que feriu a estátua, se tornou grande monte, e encheu toda a terra.</verse>
		<verse number="36">Este é o sonho; também a sua interpretação diremos na presença do rei.</verse>
		<verse number="37">Tu, ó rei, és rei de reis; a quem o Deus do céu tem dado o reino, o poder, a força, e a glória.</verse>
		<verse number="38">E onde quer que habitem os filhos de homens, na tua mão entregou os animais do campo, e as aves do céu, e fez que reinasse sobre todos eles; tu és a cabeça de ouro.</verse>
		<verse number="39">E depois de ti se levantará outro reino, inferior ao teu; e um terceiro reino, de bronze, o qual dominará sobre toda a terra.</verse>
		<verse number="40">E o quarto reino será forte como ferro; pois, como o ferro, esmiúça e quebra tudo; como o ferro que quebra todas as coisas, assim ele esmiuçará e fará em pedaços.</verse>
		<verse number="41">E, quanto ao que viste dos pés e dos dedos, em parte de barro de oleiro, e em parte de ferro, isso será um reino dividido; contudo haverá nele alguma coisa da firmeza do ferro, pois viste o ferro misturado com barro de lodo.</verse>
		<verse number="42">E como os dedos dos pés eram em parte de ferro e em parte de barro, assim por uma parte o reino será forte, e por outra será frágil.</verse>
		<verse number="43">Quanto ao que viste do ferro misturado com barro de lodo, misturar-se-ão com semente humana, mas não se ligarão um ao outro, assim como o ferro não se mistura com o barro.</verse>
		<verse number="44">Mas, nos dias desses reis, o Deus do céu levantará um reino que não será jamais destruído; e este reino não passará a outro povo; esmiuçará e consumirá todos esses reinos, mas ele mesmo subsistirá para sempre,</verse>
		<verse number="45">Da maneira que viste que do monte foi cortada uma pedra, sem auxílio de mãos, e ela esmiuçou o ferro, o bronze, o barro, a prata e o ouro; o grande Deus fez saber ao rei o que há de ser depois disto. Certo é o sonho, e fiel a sua interpretação.</verse>
		<verse number="46">Então o rei Nabucodonosor caiu sobre a sua face, e adorou a Daniel, e ordenou que lhe oferecessem uma oblação e perfumes suaves.</verse>
		<verse number="47">Respondeu o rei a Daniel, e disse: Certamente o vosso Deus é Deus dos deuses, e o Senhor dos reis e revelador de mistérios, pois pudeste revelar este mistério.</verse>
		<verse number="48">Então o rei engrandeceu a Daniel, e lhe deu muitas e grandes dádivas, e o pôs por governador de toda a província de babilônia, como também o fez chefe dos governadores sobre todos os sábios de babilônia.</verse>
		<verse number="49">E pediu Daniel ao rei, e constituiu ele sobre os negócios da província de babilônia a Sadraque, Mesaque e Abednego; mas Daniel permaneceu na porta do rei.</verse>
	</chapter>
	<chapter number="3">
		<verse number="1">O rei Nabucodonosor fez uma estátua de ouro, cuja altura era de sessenta côvados, e a sua largura de seis côvados; levantou-a no campo de Dura, na província de babilônia.</verse>
		<verse number="2">Então o rei Nabucodonosor mandou reunir os príncipes, os prefeitos, os governadores, os conselheiros, os tesoureiros, os juízes, os capitàes, e todos os oficiais das províncias, para que viessem à consagração da estátua que o rei Nabucodonosor tinha levantado.</verse>
		<verse number="3">Então se reuniram os príncipes, os prefeitos e governadores, os capitàes, os juízes, os tesoureiros, os conselheiros, e todos os oficiais das províncias, à consagração da estátua que o rei Nabucodonosor tinha levantado; e estavam em pé diante da imagem que Nabucodonosor tinha levantado.</verse>
		<verse number="4">E o arauto apregoava em alta voz: Ordena-se a vós, ó povos, nações e línguas:</verse>
		<verse number="5">Quando ouvirdes o som da buzina, da flauta, da harpa, da sambuca, do saltério, da gaita de foles, e de toda a espécie de música, prostrar-vos-eis, e adorareis a estátua de ouro que o rei Nabucodonosor tem levantado.</verse>
		<verse number="6">E qualquer que não se prostrar e não a adorar, será na mesma hora lançado dentro da fornalha de fogo ardente.</verse>
		<verse number="7">Portanto, no mesmo instante em que todos os povos ouviram o som da buzina, da flauta, da harpa, da sambuca, do saltério e de toda a espécie de música, prostraram-se todos os povos, nações e línguas, e adoraram a estátua de ouro que o rei Nabucodonosor tinha levantado.</verse>
		<verse number="8">Por isso, no mesmo instante chegaram perto alguns caldeus, e acusaram os judeus.</verse>
		<verse number="9">E responderam, dizendo ao rei Nabucodonosor: Ó rei, vive eternamente!</verse>
		<verse number="10">Tu, ó rei, fizeste um decreto, pelo qual todo homem que ouvisse o som da buzina, da flauta, da harpa, da sambuca, do saltério, e da gaita de foles, e de toda a espécie de música, se prostrasse e adorasse a estátua de ouro;</verse>
		<verse number="11">E, qualquer que não se prostrasse e adorasse, seria lançado dentro da fornalha de fogo ardente.</verse>
		<verse number="12">Há uns homens judeus, os quais constituíste sobre os negócios da província de babilônia: Sadraque, Mesaque e Abednego; estes homens, ó rei, não fizeram caso de ti; a teus deuses não servem, nem adoram a estátua de ouro que levantaste.</verse>
		<verse number="13">Então Nabucodonosor, com ira e furor, mandou trazer a Sadraque, Mesaque e Abednego. E trouxeram a estes homens perante o rei.</verse>
		<verse number="14">Falou Nabucodonosor, e lhes disse: É de propósito, ó Sadraque, Mesaque e Abednego, que vós não servis a meus deuses nem adorais a estátua de ouro que levantei?</verse>
		<verse number="15">Agora, pois, se estais prontos, quando ouvirdes o som da buzina, da flauta, da harpa, da sambuca, do saltério, da gaita de foles, e de toda a espécie de música, para vos prostrardes e adorardes a estátua que fiz, bom é; mas, se não a adorardes, sereis lançados, na mesma hora, dentro da fornalha de fogo ardente. E quem é o Deus que vos poderá livrar das minhas mãos?</verse>
		<verse number="16">Responderam Sadraque, Mesaque e Abednego, e disseram ao rei Nabucodonosor: Não necessitamos de te responder sobre este negócio.</verse>
		<verse number="17">Eis que o nosso Deus, a quem nós servimos, é que nos pode livrar; ele nos livrará da fornalha de fogo ardente, e da tua mão, ó rei.</verse>
		<verse number="18">E, se não, fica sabendo ó rei, que não serviremos a teus deuses nem adoraremos a estátua de ouro que levantaste.</verse>
		<verse number="19">Então Nabucodonosor se encheu de furor, e mudou-se o aspecto do seu semblante contra Sadraque, Mesaque e Abednego; falou, e ordenou que a fornalha se aquecesse sete vezes mais do que se costumava aquecer.</verse>
		<verse number="20">E ordenou aos homens mais poderosos, que estavam no seu exército, que atassem a Sadraque, Mesaque e Abednego, para lançá-los na fornalha de fogo ardente.</verse>
		<verse number="21">Então estes homens foram atados, vestidos com as suas capas, suas túnicas, e seus chapéus, e demais roupas, e foram lançados dentro da fornalha de fogo ardente.</verse>
		<verse number="22">E, porque a palavra do rei era urgente, e a fornalha estava sobremaneira quente, a chama do fogo matou aqueles homens que carregaram a Sadraque, Mesaque, e Abednego.</verse>
		<verse number="23">E estes três homens, Sadraque, Mesaque e Abednego, caíram atados dentro da fornalha de fogo ardente.</verse>
		<verse number="24">Então o rei Nabucodonosor se espantou, e se levantou depressa; falou, dizendo aos seus conselheiros: Não lançamos nós, dentro do fogo, três homens atados? Responderam e disseram ao rei: É verdade, ó rei.</verse>
		<verse number="25">Respondeu, dizendo: Eu, porém, vejo quatro homens soltos, que andam passeando dentro do fogo, sem sofrer nenhum dano; e o aspecto do quarto é semelhante ao Filho de Deus.</verse>
		<verse number="26">Então chegando-se Nabucodonosor à porta da fornalha de fogo ardente, falou, dizendo: Sadraque, Mesaque e Abednego, servos do Deus Altíssimo, saí e vinde! Então Sadraque, Mesaque e Abednego saíram do meio do fogo.</verse>
		<verse number="27">E reuniram-se os príncipes, os capitàes, os governadores e os conselheiros do rei e, contemplando estes homens, viram que o fogo não tinha tido poder algum sobre os seus corpos; nem um só cabelo da sua cabeça se tinha queimado, nem as suas capas se mudaram, nem cheiro de fogo tinha passado sobre eles.</verse>
		<verse number="28">Falou Nabucodonosor, dizendo: Bendito seja o Deus de Sadraque, Mesaque e Abednego, que enviou o seu anjo, e livrou os seus servos, que confiaram nele, pois violaram a palavra do rei, preferindo entregar os seus corpos, para que não servissem nem adorassem algum outro deus, senão o seu Deus.</verse>
		<verse number="29">Por mim, pois, é feito um decreto, pelo qual todo o povo, e nação e língua que disser blasfêmia contra o Deus de Sadraque, Mesaque e Abednego, seja despedaçado, e as suas casas sejam feitas um monturo; porquanto não há outro Deus que possa livrar como este.</verse>
		<verse number="30">Então o rei fez prosperar a Sadraque, Mesaque e Abednego, na província de babilônia.</verse>
	</chapter>
	<chapter number="4">
		<verse number="1">Nabucodonosor rei, a todos os povos, nações e línguas, que moram em toda a terra: Paz vos seja multiplicada.</verse>
		<verse number="2">Pareceu-me bem fazer conhecidos os sinais e maravilhas que Deus, o Altíssimo, tem feito para comigo.</verse>
		<verse number="3">Quão grandes são os seus sinais, e quão poderosas as suas maravilhas! O seu reino é um reino sempiterno, e o seu domínio de geração em geração.</verse>
		<verse number="4">Eu, Nabucodonosor, estava sossegado em minha casa, e próspero no meu palácio.</verse>
		<verse number="5">Tive um sonho, que me espantou; e estando eu na minha cama, as imaginações e as visões da minha cabeça me turbaram.</verse>
		<verse number="6">Por isso expedi um decreto, para que fossem introduzidos à minha presença todos os sábios de babilônia, para que me fizessem saber a interpretação do sonho.</verse>
		<verse number="7">Então entraram os magos, os astrólogos, os caldeus e os adivinhadores, e eu contei o sonho diante deles; mas não me fizeram saber a sua interpretação.</verse>
		<verse number="8">Mas por fim entrou na minha presença Daniel, cujo nome é Beltessazar, segundo o nome do meu deus, e no qual há o espírito dos deuses santos; e eu lhe contei o sonho, dizendo:</verse>
		<verse number="9">Beltessazar, mestre dos magos, pois eu sei que há em ti o espírito dos deuses santos, e nenhum mistério te é difícil, dize-me as visões do meu sonho que tive e a sua interpretação.</verse>
		<verse number="10">Eis, pois, as visões da minha cabeça, estando eu na minha cama: Eu estava assim olhando, e vi uma árvore no meio da terra, cuja altura era grande;</verse>
		<verse number="11">Crescia esta árvore, e se fazia forte, de maneira que a sua altura chegava até ao céu; e era vista até aos confins da terra.</verse>
		<verse number="12">A sua folhagem era formosa, e o seu fruto abundante, e havia nela sustento para todos; debaixo dela os animais do campo achavam sombra, e as aves do céu faziam morada nos seus ramos, e toda a carne se mantinha dela.</verse>
		<verse number="13">Estava vendo isso nas visões da minha cabeça, estando eu na minha cama; e eis que um vigia, um santo, descia do céu,</verse>
		<verse number="14">Clamando fortemente, e dizendo assim: Derrubai a árvore, e cortai-lhe os ramos, sacudi as suas folhas, espalhai o seu fruto; afugentem-se os animais de debaixo dela, e as aves dos seus ramos.</verse>
		<verse number="15">Mas deixai na terra o tronco com as suas raízes, atada com cadeias de ferro e de bronze, na erva do campo; e seja molhado do orvalho do céu, e seja a sua porção com os animais na erva da terra;</verse>
		<verse number="16">Seja mudado o seu coração, para que não seja mais coração de homem, e lhe seja dado coração de animal; e passem sobre ele sete tempos.</verse>
		<verse number="17">Esta sentença é por decreto dos vigias, e esta ordem por mandado dos santos, a fim de que conheçam os viventes que o Altíssimo tem domínio sobre o reino dos homens, e o dá a quem quer, e até ao mais humilde dos homens constitui sobre ele.</verse>
		<verse number="18">Este sonho eu, rei Nabucodonosor vi. Tu, pois, Beltessazar, dize a interpretação, porque todos os sábios do meu reino não puderam fazer-me saber a sua interpretação, mas tu podes; pois há em ti o espírito dos deuses santos.</verse>
		<verse number="19">Então Daniel, cujo nome era Beltessazar, esteve atônito por uma hora, e os seus pensamentos o turbavam; falou, pois, o rei, dizendo: Beltessazar, não te espante o sonho, nem a sua interpretação. Respondeu Beltessazar, dizendo: Senhor meu, seja o sonho contra os que te têm ódio, e a sua interpretação aos teus inimigos.</verse>
		<verse number="20">A árvore que viste, que cresceu, e se fez forte, cuja altura chegava até ao céu, e que foi vista por toda a terra;</verse>
		<verse number="21">Cujas folhas eram formosas, e o seu fruto abundante, e em que para todos havia sustento, debaixo da qual moravam os animais do campo, e em cujos ramos habitavam as aves do céu;</verse>
		<verse number="22">És tu, ó rei, que cresceste, e te fizeste forte; a tua grandeza cresceu, e chegou até ao céu, e o teu domínio até à extremidade da terra.</verse>
		<verse number="23">E quanto ao que viu o rei, um vigia, um santo, que descia do céu, e dizia: Cortai a árvore, e destruí-a, mas o tronco com as suas raízes deixai na terra, e atada com cadeias de ferro e de bronze, na erva do campo; e seja molhado do orvalho do céu, e a sua porção seja com os animais do campo, até que passem sobre ele sete tempos;</verse>
		<verse number="24">Esta é a interpretação, ó rei; e este é o decreto do Altíssimo, que virá sobre o rei, meu senhor:</verse>
		<verse number="25">Serás tirado dentre os homens, e a tua morada será com os animais do campo, e te farão comer erva como os bois, e serás molhado do orvalho do céu; e passar-se-ão sete tempos por cima de ti; até que conheças que o Altíssimo tem domínio sobre o reino dos homens, e o dá a quem quer.</verse>
		<verse number="26">E quanto ao que foi falado, que deixassem o tronco com as raízes da árvore, o teu reino voltará para ti, depois que tiveres conhecido que o céu reina.</verse>
		<verse number="27">Portanto, ó rei, aceita o meu conselho, e põe fim aos teus pecados, praticando a justiça, e às tuas iniqüidades, usando de misericórdia com os pobres, pois, talvez se prolongue a tua tranqüilidade.</verse>
		<verse number="28">Todas estas coisas vieram sobre o rei Nabucodonosor.</verse>
		<verse number="29">Ao fim de doze meses, quando passeava no palácio real de babilônia,</verse>
		<verse number="30">Falou o rei, dizendo: Não é esta a grande babilônia que eu edifiquei para a casa real, com a força do meu poder, e para glória da minha magnificência?</verse>
		<verse number="31">Ainda estava a palavra na boca do rei, quando caiu uma voz do céu: A ti se diz, ó rei Nabucodonosor: Passou de ti o reino.</verse>
		<verse number="32">E serás tirado dentre os homens, e a tua morada será com os animais do campo; far-te-ão comer erva como os bois, e passar-se-ão sete tempos sobre ti, até que conheças que o Altíssimo domina sobre o reino dos homens, e o dá a quem quer.</verse>
		<verse number="33">Na mesma hora se cumpriu a palavra sobre Nabucodonosor, e foi tirado dentre os homens, e comia erva como os bois, e o seu corpo foi molhado do orvalho do céu, até que lhe cresceu pêlo, como as penas da águia, e as suas unhas como as das aves.</verse>
		<verse number="34">Mas ao fim daqueles dias eu, Nabucodonosor, levantei os meus olhos ao céu, e tornou-me a vir o entendimento, e eu bendisse o Altíssimo, e louvei e glorifiquei ao que vive para sempre, cujo domínio é um domínio sempiterno, e cujo reino é de geração em geração.</verse>
		<verse number="35">E todos os moradores da terra são reputados em nada, e segundo a sua vontade ele opera com o exército do céu e os moradores da terra; não há quem possa estorvar a sua mão, e lhe diga: Que fazes?</verse>
		<verse number="36">No mesmo tempo tornou a mim o meu entendimento, e para a dignidade do meu reino tornou-me a vir a minha majestade e o meu resplendor; e buscaram-me os meus conselheiros e os meus senhores; e fui restabelecido no meu reino, e a minha glória foi aumentada.</verse>
		<verse number="37">Agora, pois, eu, Nabucodonosor, louvo, exalço e glorifico ao Rei do céu; porque todas as suas obras são verdade, e os seus caminhos juízo, e pode humilhar aos que andam na soberba.</verse>
	</chapter>
	<chapter number="5">
		<verse number="1">O rei Belsazar deu um grande banquete a mil dos seus senhores, e bebeu vinho na presença dos mil.</verse>
		<verse number="2">Havendo Belsazar provado o vinho, mandou trazer os vasos de ouro e de prata, que Nabucodonosor, seu pai, tinha tirado do templo que estava em Jerusalém, para que bebessem neles o rei, os seus príncipes, as suas mulheres e concubinas.</verse>
		<verse number="3">Então trouxeram os vasos de ouro, que foram tirados do templo da casa de Deus, que estava em Jerusalém, e beberam neles o rei, os seus príncipes, as suas mulheres e concubinas.</verse>
		<verse number="4">Beberam o vinho, e deram louvores aos deuses de ouro, de prata, de bronze, de ferro, de madeira, e de pedra.</verse>
		<verse number="5">Na mesma hora apareceram uns dedos de mão de homem, e escreviam, defronte do castiçal, na caiadura da parede do palácio real; e o rei via a parte da mão que estava escrevendo.</verse>
		<verse number="6">Mudou-se então o semblante do rei, e os seus pensamentos o turbaram; as juntas dos seus lombos se relaxaram, e os seus joelhos batiam um no outro.</verse>
		<verse number="7">E gritou o rei com força, que se introduzissem os astrólogos, os caldeus e os adivinhadores; e falou o rei, dizendo aos sábios de babilônia: Qualquer que ler este escrito, e me declarar a sua interpretação, será vestido de púrpura, e trará uma cadeia de ouro ao pescoço e, no reino, será o terceiro governante.</verse>
		<verse number="8">Então entraram todos os sábios do rei; mas não puderam ler o escrito, nem fazer saber ao rei a sua interpretação.</verse>
		<verse number="9">Então o rei Belsazar perturbou-se muito, e mudou-se-lhe o semblante; e os seus senhores estavam sobressaltados.</verse>
		<verse number="10">A rainha, por causa das palavras do rei e dos seus senhores, entrou na casa do banquete, e respondeu, dizendo: Ó rei, vive para sempre! Não te perturbem os teus pensamentos, nem se mude o teu semblante.</verse>
		<verse number="11">Há no teu reino um homem, no qual há o espírito dos deuses santos; e nos dias de teu pai se achou nele luz, e inteligência, e sabedoria, como a sabedoria dos deuses; e teu pai, o rei Nabucodonosor, sim, teu pai, o rei, o constituiu mestre dos magos, dos astrólogos, dos caldeus e dos adivinhadores;</verse>
		<verse number="12">Porquanto se achou neste Daniel um espírito excelente, e conhecimento, e entendimento, interpretando sonhos e explicando enigmas, e resolvendo dúvidas, ao qual o rei pôs o nome de Beltessazar. Chame-se, pois, agora Daniel, e ele dará a interpretação.</verse>
		<verse number="13">Então Daniel foi introduzido à presença do rei. Falou o rei, dizendo a Daniel: És tu aquele Daniel, um dos filhos dos cativos de Judá, que o rei, meu pai, trouxe de Judá?</verse>
		<verse number="14">Tenho ouvido dizer a teu respeito que o espírito dos deuses está em ti, e que em ti se acham a luz, e o entendimento e a excelente sabedoria.</verse>
		<verse number="15">Agora mesmo foram introduzidos à minha presença os sábios e os astrólogos, para lerem este escrito, e me fazerem saber a sua interpretação; mas não puderam dar a interpretação destas palavras.</verse>
		<verse number="16">Eu, porém, tenho ouvido dizer de ti que podes dar interpretação e resolver dúvidas. Agora, se puderes ler este escrito, e fazer-me saber a sua interpretação, serás vestido de púrpura, e terás cadeia de ouro ao pescoço e no reino serás o terceiro governante.</verse>
		<verse number="17">Então respondeu Daniel, e disse na presença do rei: As tuas dádivas fiquem contigo, e dá os teus prêmios a outro; contudo lerei ao rei o escrito, e far-lhe-ei saber a interpretação.</verse>
		<verse number="18">Ó rei! Deus, o Altíssimo, deu a Nabucodonosor, teu pai, o reino, e a grandeza, e a glória, e a majestade.</verse>
		<verse number="19">E por causa da grandeza, que lhe deu, todos os povos, nações e línguas tremiam e temiam diante dele; a quem queria matava, e a quem queria conservava em vida; e a quem queria engrandecia, e a quem queria abatia.</verse>
		<verse number="20">Mas quando o seu coração se exaltou, e o seu espírito se endureceu em soberba, foi derrubado do seu trono real, e passou dele a sua glória.</verse>
		<verse number="21">E foi tirado dentre os filhos dos homens, e o seu coração foi feito semelhante ao dos animais, e a sua morada foi com os jumentos monteses; fizeram-no comer a erva como os bois, e do orvalho do céu foi molhado o seu corpo, até que conheceu que Deus, o Altíssimo, tem domínio sobre o reino dos homens, e a quem quer constitui sobre ele.</verse>
		<verse number="22">E tu, Belsazar, que és seu filho, não humilhaste o teu coração, ainda que soubeste tudo isto.</verse>
		<verse number="23">E te levantaste contra o Senhor do céu, pois foram trazidos à tua presença os vasos da casa dele, e tu, os teus senhores, as tuas mulheres e as tuas concubinas, bebestes vinho neles; além disso, deste louvores aos deuses de prata, de ouro, de bronze, de ferro, de madeira e de pedra, que não vêem, não ouvem, nem sabem; mas a Deus, em cuja mão está a tua vida, e de quem são todos os teus caminhos, a ele não glorificaste.</verse>
		<verse number="24">Então dele foi enviada aquela parte da mão, que escreveu este escrito.</verse>
		<verse number="25">Este, pois, é o escrito que se escreveu: MENE, MENE, TEQUEL, UFARSIM.</verse>
		<verse number="26">Esta é a interpretação daquilo: MENE: Contou Deus o teu reino, e o acabou.</verse>
		<verse number="27">TEQUEL: Pesado foste na balança, e foste achado em falta.</verse>
		<verse number="28">PERES: Dividido foi o teu reino, e dado aos medos e aos persas.</verse>
		<verse number="29">Então mandou Belsazar que vestissem a Daniel de púrpura, e que lhe pusessem uma cadeia de ouro ao pescoço, e proclamassem a respeito dele que havia de ser o terceiro no governo do seu reino.</verse>
		<verse number="30">Naquela noite foi morto Belsazar, rei dos caldeus.</verse>
		<verse number="31">E Dario, o medo, ocupou o reino, sendo da idade de sessenta e dois anos.</verse>
	</chapter>
	<chapter number="6">
		<verse number="1">E pareceu bem a Dario constituir sobre o reino cento e vinte príncipes, que estivessem sobre todo o reino;</verse>
		<verse number="2">E sobre eles três presidentes, dos quais Daniel era um, aos quais estes príncipes dessem conta, para que o rei não sofresse dano.</verse>
		<verse number="3">Então o mesmo Daniel sobrepujou a estes presidentes e príncipes; porque nele havia um espírito excelente; e o rei pensava constituí-lo sobre todo o reino.</verse>
		<verse number="4">Então os presidentes e os príncipes procuravam achar ocasião contra Daniel a respeito do reino; mas não podiam achar ocasião ou culpa alguma; porque ele era fiel, e não se achava nele nenhum erro nem culpa.</verse>
		<verse number="5">Então estes homens disseram: Nunca acharemos ocasião alguma contra este Daniel, se não a acharmos contra ele na lei do seu Deus.</verse>
		<verse number="6">Então estes presidentes e príncipes foram juntos ao rei, e disseram-lhe assim: Ó rei Dario, vive para sempre!</verse>
		<verse number="7">Todos os presidentes do reino, os capitàes e príncipes, conselheiros e governadores, concordaram em promulgar um edito real e confirmar a proibição que qualquer que, por espaço de trinta dias, fizer uma petição a qualquer deus, ou a qualquer homem, e não a ti, ó rei, seja lançado na cova dos leões.</verse>
		<verse number="8">Agora, pois, ó rei, confirma a proibição, e assina o edito, para que não seja mudado, conforme a lei dos medos e dos persas, que não se pode revogar.</verse>
		<verse number="9">Por esta razão o rei Dario assinou o edito e a proibição.</verse>
		<verse number="10">Daniel, pois, quando soube que o edito estava assinado, entrou em sua casa (ora havia no seu quarto janelas abertas do lado de Jerusalém), e três vezes no dia se punha de joelhos, e orava, e dava graças diante do seu Deus, como também antes costumava fazer.</verse>
		<verse number="11">Então aqueles homens foram juntos, e acharam a Daniel orando e suplicando diante do seu Deus.</verse>
		<verse number="12">Então se apresentaram ao rei e, a respeito do edito real, disseram-lhe: Porventura não assinaste o edito, pelo qual todo o homem que fizesse uma petição a qualquer deus, ou a qualquer homem, por espaço de trinta dias, e não a ti, ó rei, fosse lançado na cova dos leões? Respondeu o rei, dizendo: Esta palavra é certa, conforme a lei dos medos e dos persas, que não se pode revogar.</verse>
		<verse number="13">Então responderam ao rei, dizendo-lhe: Daniel, que é dos filhos dos cativos de Judá, não tem feito caso de ti, ó rei, nem do edito que assinaste, antes três vezes por dia faz a sua oração.</verse>
		<verse number="14">Ouvindo então o rei essas palavras, ficou muito penalizado, e a favor de Daniel propôs dentro do seu coração livrá-lo; e até ao pôr do sol trabalhou para salvá-lo.</verse>
		<verse number="15">Então aqueles homens foram juntos ao rei, e disseram-lhe: Sabe, ó rei, que é lei dos medos e dos persas que nenhum edito ou decreto, que o rei estabeleça, se pode mudar.</verse>
		<verse number="16">Então o rei ordenou que trouxessem a Daniel, e lançaram-no na cova dos leões. E, falando o rei, disse a Daniel: O teu Deus, a quem tu continuamente serves, ele te livrará.</verse>
		<verse number="17">E foi trazida uma pedra e posta sobre a boca da cova; e o rei a selou com o seu anel e com o anel dos seus senhores, para que não se mudasse a sentença acerca de Daniel.</verse>
		<verse number="18">Então o rei se dirigiu para o seu palácio, e passou a noite em jejum, e não deixou trazer à sua presença instrumentos de música; e fugiu dele o sono.</verse>
		<verse number="19">Pela manhã, ao romper do dia, levantou-se o rei, e foi com pressa à cova dos leões.</verse>
		<verse number="20">E, chegando-se à cova, chamou por Daniel com voz triste; e disse o rei a Daniel: Daniel, servo do Deus vivo, dar-se-ia o caso que o teu Deus, a quem tu continuamente serves, tenha podido livrar-te dos leões?</verse>
		<verse number="21">Então Daniel falou ao rei: Ó rei, vive para sempre!</verse>
		<verse number="22">O meu Deus enviou o seu anjo, e fechou a boca dos leões, para que não me fizessem dano, porque foi achada em mim inocência diante dele; e também contra ti, ó rei, não tenho cometido delito algum.</verse>
		<verse number="23">Então o rei muito se alegrou em si mesmo, e mandou tirar a Daniel da cova. Assim foi tirado Daniel da cova, e nenhum dano se achou nele, porque crera no seu Deus.</verse>
		<verse number="24">E ordenou o rei, e foram trazidos aqueles homens que tinham acusado a Daniel, e foram lançados na cova dos leões, eles, seus filhos e suas mulheres; e ainda não tinham chegado ao fundo da cova quando os leões se apoderaram deles, e lhes esmigalharam todos os ossos.</verse>
		<verse number="25">Então o rei Dario escreveu a todos os povos, nações e línguas que moram em toda a terra: A paz vos seja multiplicada.</verse>
		<verse number="26">Da minha parte é feito um decreto, pelo qual em todo o domínio do meu reino os homens tremam e temam perante o Deus de Daniel; porque ele é o Deus vivo e que permanece para sempre, e o seu reino não se pode destruir, e o seu domínio durará até o fim.</verse>
		<verse number="27">Ele salva, livra, e opera sinais e maravilhas no céu e na terra; ele salvou e livrou Daniel do poder dos leões.</verse>
		<verse number="28">Este Daniel, pois, prosperou no reinado de Dario, e no reinado de Ciro, o persa.</verse>
	</chapter>
	<chapter number="7">
		<verse number="1">No primeiro ano de Belsazar, rei de babilônia, teve Daniel um sonho e visões da sua cabeça quando estava na sua cama; escreveu logo o sonho, e relatou a suma das coisas.</verse>
		<verse number="2">Falou Daniel, e disse: Eu estava olhando na minha visão da noite, e eis que os quatro ventos do céu agitavam o mar grande.</verse>
		<verse number="3">E quatro animais grandes, diferentes uns dos outros, subiam do mar.</verse>
		<verse number="4">O primeiro era como leão, e tinha asas de águia; enquanto eu olhava, foram-lhe arrancadas as asas, e foi levantado da terra, e posto em pé como um homem, e foi-lhe dado um coração de homem.</verse>
		<verse number="5">Continuei olhando, e eis aqui o segundo animal, semelhante a um urso, o qual se levantou de um lado, tendo na boca três costelas entre os seus dentes; e foi-lhe dito assim: Levanta-te, devora muita carne.</verse>
		<verse number="6">Depois disto, eu continuei olhando, e eis aqui outro, semelhante a um leopardo, e tinha quatro asas de ave nas suas costas; tinha também este animal quatro cabeças, e foi-lhe dado domínio.</verse>
		<verse number="7">Depois disto eu continuei olhando nas visões da noite, e eis aqui o quarto animal, terrível e espantoso, e muito forte, o qual tinha dentes grandes de ferro; ele devorava e fazia em pedaços, e pisava aos pés o que sobejava; era diferente de todos os animais que apareceram antes dele, e tinha dez chifres.</verse>
		<verse number="8">Estando eu a considerar os chifres, eis que, entre eles subiu outro chifre pequeno, diante do qual três dos primeiros chifres foram arrancados; e eis que neste chifre havia olhos, como os de homem, e uma boca que falava grandes coisas.</verse>
		<verse number="9">Eu continuei olhando, até que foram postos uns tronos, e um ancião de dias se assentou; a sua veste era branca como a neve, e o cabelo da sua cabeça como a pura lã; e seu trono era de chamas de fogo, e as suas rodas de fogo ardente.</verse>
		<verse number="10">Um rio de fogo manava e saía de diante dele; milhares de milhares o serviam, e milhões de milhões assistiam diante dele; assentou-se o juízo, e abriram-se os livros.</verse>
		<verse number="11">Então estive olhando, por causa da voz das grandes palavras que o chifre proferia; estive olhando até que o animal foi morto, e o seu corpo desfeito, e entregue para ser queimado pelo fogo;</verse>
		<verse number="12">E, quanto aos outros animais, foi-lhes tirado o domínio; todavia foi-lhes prolongada a vida até certo espaço de tempo.</verse>
		<verse number="13">Eu estava olhando nas minhas visões da noite, e eis que vinha nas nuvens do céu um como o filho do homem; e dirigiu-se ao ancião de dias, e o fizeram chegar até ele.</verse>
		<verse number="14">E foi-lhe dado o domínio, e a honra, e o reino, para que todos os povos, nações e línguas o servissem; o seu domínio é um domínio eterno, que não passará, e o seu reino tal, que não será destruído.</verse>
		<verse number="15">Quanto a mim, Daniel, o meu espírito foi abatido dentro do corpo, e as visões da minha cabeça me perturbaram.</verse>
		<verse number="16">Cheguei-me a um dos que estavam perto, e pedi-lhe a verdade acerca de tudo isto. E ele me disse, e fez-me saber a interpretação das coisas.</verse>
		<verse number="17">Estes grandes animais, que são quatro, são quatro reis, que se levantarão da terra.</verse>
		<verse number="18">Mas os santos do Altíssimo receberão o reino, e o possuirão para todo o sempre, e de eternidade em eternidade.</verse>
		<verse number="19">Então tive desejo de conhecer a verdade a respeito do quarto animal, que era diferente de todos os outros, muito terrível, cujos dentes eram de ferro e as suas unhas de bronze; que devorava, fazia em pedaços e pisava aos pés o que sobrava;</verse>
		<verse number="20">E também a respeito dos dez chifres que tinha na cabeça, e do outro que subiu, e diante do qual caíram três, isto é, daquele que tinha olhos, e uma boca que falava grandes coisas, e cujo parecer era mais robusto do que o dos seus companheiros.</verse>
		<verse number="21">Eu olhava, e eis que este chifre fazia guerra contra os santos, e prevaleceu contra eles.</verse>
		<verse number="22">Até que veio o ancião de dias, e fez justiça aos santos do Altíssimo; e chegou o tempo em que os santos possuíram o reino.</verse>
		<verse number="23">Disse assim: O quarto animal será o quarto reino na terra, o qual será diferente de todos os reinos; e devorará toda a terra, e a pisará aos pés, e a fará em pedaços.</verse>
		<verse number="24">E, quanto aos dez chifres, daquele mesmo reino se levantarão dez reis; e depois deles se levantará outro, o qual será diferente dos primeiros, e abaterá a três reis.</verse>
		<verse number="25">E proferirá palavras contra o Altíssimo, e destruirá os santos do Altíssimo, e cuidará em mudar os tempos e a lei; e eles serão entregues na sua mão, por um tempo, e tempos, e a metade de um tempo.</verse>
		<verse number="26">Mas o juízo será estabelecido, e eles tirarão o seu domínio, para o destruir e para o desfazer até ao fim.</verse>
		<verse number="27">E o reino, e o domínio, e a majestade dos reinos debaixo de todo o céu serão dados ao povo dos santos do Altíssimo; o seu reino será um reino eterno, e todos os domínios o servirão, e lhe obedecerão.</verse>
		<verse number="28">Aqui terminou o assunto. Quanto a mim, Daniel, os meus pensamentos muito me perturbaram, e mudou-se em mim o meu semblante; mas guardei o assunto no meu coração.</verse>
	</chapter>
	<chapter number="8">
		<verse number="1">No ano terceiro do reinado do rei Belsazar apareceu-me uma visão, a mim, Daniel, depois daquela que me apareceu no princípio.</verse>
		<verse number="2">E vi na visão; e sucedeu que, quando vi, eu estava na cidadela de Susã, na província de Elão; vi, pois, na visão, que eu estava junto ao rio Ulai.</verse>
		<verse number="3">E levantei os meus olhos, e vi, e eis que um carneiro estava diante do rio, o qual tinha dois chifres; e os dois chifres eram altos, mas um era mais alto do que o outro; e o mais alto subiu por último.</verse>
		<verse number="4">Vi que o carneiro dava marradas para o ocidente, e para o norte e para o sul; e nenhum dos animais lhe podia resistir; nem havia quem pudesse livrar-se da sua mão; e ele fazia conforme a sua vontade, e se engrandecia.</verse>
		<verse number="5">E, estando eu considerando, eis que um bode vinha do ocidente sobre toda a terra, mas sem tocar no chão; e aquele bode tinha um chifre insigne entre os olhos.</verse>
		<verse number="6">E dirigiu-se ao carneiro que tinha os dois chifres, ao qual eu tinha visto em pé diante do rio, e correu contra ele no ímpeto da sua força.</verse>
		<verse number="7">E vi-o chegar perto do carneiro, enfurecido contra ele, e ferindo-o quebrou-lhe os dois chifres, pois não havia força no carneiro para lhe resistir, e o bode o lançou por terra, e o pisou aos pés; não houve quem pudesse livrar o carneiro da sua mão.</verse>
		<verse number="8">E o bode se engrandeceu sobremaneira; mas, estando na sua maior força, aquele grande chifre foi quebrado; e no seu lugar subiram outros quatro também insignes, para os quatro ventos do céu.</verse>
		<verse number="9">E de um deles saiu um chifre muito pequeno, o qual cresceu muito para o sul, e para o oriente, e para a terra formosa.</verse>
		<verse number="10">E se engrandeceu até contra o exército do céu; e a alguns do exército, e das estrelas, lançou por terra, e os pisou.</verse>
		<verse number="11">E se engrandeceu até contra o príncipe do exército; e por ele foi tirado o sacrifício contínuo, e o lugar do seu santuário foi lançado por terra.</verse>
		<verse number="12">E um exército foi dado contra o sacrifício contínuo, por causa da transgressão; e lançou a verdade por terra, e o fez, e prosperou.</verse>
		<verse number="13">Depois ouvi um santo que falava; e disse outro santo àquele que falava: Até quando durará a visão do sacrifício contínuo, e da transgressão assoladora, para que sejam entregues o santuário e o exército, a fim de serem pisados?</verse>
		<verse number="14">E ele me disse: Até duas mil e trezentas tardes e manhãs; e o santuário será purificado.</verse>
		<verse number="15">E aconteceu que, havendo eu, Daniel, tido a visão, procurei o significado, e eis que se apresen- tou diante de mim como que uma semelhança de homem.</verse>
		<verse number="16">E ouvi uma voz de homem entre as margens do Ulai, a qual gritou, e disse: Gabriel, dá a entender a este a visão.</verse>
		<verse number="17">E veio perto de onde eu estava; e, vindo ele, me amedrontei, e caí sobre o meu rosto; mas ele me disse: Entende, filho do homem, porque esta visão acontecerá no fim do tempo.</verse>
		<verse number="18">E, estando ele falando comigo, caí adormecido com o rosto em terra; ele, porém, me tocou, e me fez estar em pé.</verse>
		<verse number="19">E disse: Eis que te farei saber o que há de acontecer no último tempo da ira; pois isso pertence ao tempo determinado do fim.</verse>
		<verse number="20">Aquele carneiro que viste com dois chifres são os reis da Média e da Pérsia,</verse>
		<verse number="21">Mas o bode peludo é o rei da Grécia; e o grande chifre que tinha entre os olhos é o primeiro rei;</verse>
		<verse number="22">O ter sido quebrado, levantando-se quatro em lugar dele, significa que quatro reinos se levantarão da mesma nação, mas não com a força dele.</verse>
		<verse number="23">Mas, no fim do seu reinado, quando acabarem os prevaricadores, se levantará um rei, feroz de semblante, e será entendido em adivinhações.</verse>
		<verse number="24">E se fortalecerá o seu poder, mas não pela sua própria força; e destruirá maravilhosamente, e prosperará, e fará o que lhe aprouver; e destruirá os poderosos e o povo santo.</verse>
		<verse number="25">E pelo seu entendimento também fará prosperar o engano na sua mão; e no seu coração se engrandecerá, e destruirá a muitos que vivem em segurança; e se levantará contra o Príncipe dos príncipes, mas sem mão será quebrado.</verse>
		<verse number="26">E a visão da tarde e da manhã que foi falada, é verdadeira. Tu, porém, cerra a visão, porque se refere a dias muito distantes.</verse>
		<verse number="27">E eu, Daniel, enfraqueci, e estive enfermo alguns dias; então levantei-me e tratei do negócio do rei. E espantei-me acerca da visão, e não havia quem a entendesse.</verse>
	</chapter>
	<chapter number="9">
		<verse number="1">No ano primeiro de Dario, filho de Assuero, da linhagem dos medos, o qual foi constituído rei sobre o reino dos caldeus,</verse>
		<verse number="2">No primeiro ano do seu reinado, eu, Daniel, entendi pelos livros que o número dos anos, de que falara o Senhor ao profeta Jeremias, em que haviam de cumprir-se as desolações de Jerusalém, era de setenta anos.</verse>
		<verse number="3">E eu dirigi o meu rosto ao Senhor Deus, para o buscar com oração e súplicas, com jejum, e saco e cinza.</verse>
		<verse number="4">E orei ao Senhor meu Deus, e confessei, e disse: Ah! Senhor! Deus grande e tremendo, que guardas a aliança e a misericórdia para com os que te amam e guardam os teus mandamentos;</verse>
		<verse number="5">Pecamos, e cometemos iniqüidades, e procedemos impiamente, e fomos rebeldes, apartando-nos dos teus mandamentos e dos teus juízos;</verse>
		<verse number="6">E não demos ouvidos aos teus servos, os profetas, que em teu nome falaram aos nossos reis, aos nossos príncipes, e a nossos pais, como também a todo o povo da terra.</verse>
		<verse number="7">A ti, ó Senhor, pertence a justiça, mas a nós a confusão de rosto, como hoje se vê; aos homens de Judá, e aos moradores de Jerusalém, e a todo o Israel, aos de perto e aos de longe, em todas as terras por onde os tens lançado, por causa das suas rebeliões que cometeram contra ti.</verse>
		<verse number="8">Ó Senhor, a nós pertence a confusão de rosto, aos nossos reis, aos nossos príncipes, e a nossos pais, porque pecamos contra ti.</verse>
		<verse number="9">Ao Senhor, nosso Deus, pertencem a misericórdia, e o perdão; pois nos rebelamos contra ele,</verse>
		<verse number="10">E não obedecemos à voz do Senhor, nosso Deus, para andarmos nas suas leis, que nos deu por intermédio de seus servos, os profetas.</verse>
		<verse number="11">Sim, todo o Israel transgrediu a tua lei, desviando-se para não obedecer à tua voz; por isso a maldição e o juramento, que estão escritos na lei de Moisés, servo de Deus, se derramaram sobre nós; porque pecamos contra ele.</verse>
		<verse number="12">E ele confirmou a sua palavra, que falou contra nós, e contra os nossos juízes que nos julgavam, trazendo sobre nós um grande mal; porquanto debaixo de todo o céu nunca se fez como se tem feito em Jerusalém.</verse>
		<verse number="13">Como está escrito na lei de Moisés, todo este mal nos sobreveio; apesar disso, não suplicamos à face do Senhor nosso Deus, para nos convertermos das nossas iniqüidades, e para nos aplicarmos à tua verdade.</verse>
		<verse number="14">Por isso o Senhor vigiou sobre o mal, e o trouxe sobre nós; porque justo é o Senhor, nosso Deus, em todas as suas obras, que fez, pois não obedecemos à sua voz.</verse>
		<verse number="15">Agora, pois, ó Senhor, nosso Deus, que tiraste o teu povo da terra do Egito com mão poderosa, e ganhaste para ti nome, como hoje se vê; temos pecado, temos procedido impiamente.</verse>
		<verse number="16">Ó Senhor, segundo todas as tuas justiças, aparte-se a tua ira e o teu furor da tua cidade de Jerusalém, do teu santo monte; porque por causa dos nossos pecados, e por causa das iniqüidades de nossos pais, tornou-se Jerusalém e o teu povo um opróbrio para todos os que estão em redor de nós.</verse>
		<verse number="17">Agora, pois, ó Deus nosso, ouve a oração do teu servo, e as suas súplicas, e sobre o teu santuário assolado faze resplandecer o teu rosto, por amor do Senhor.</verse>
		<verse number="18">Inclina, ó Deus meu, os teus ouvidos, e ouve; abre os teus olhos, e olha para a nossa desolação, e para a cidade que é chamada pelo teu nome, porque não lançamos as nossas súplicas perante a tua face fiados em nossas justiças, mas em tuas muitas misericórdias.</verse>
		<verse number="19">Ó Senhor, ouve; ó Senhor, perdoa; ó Senhor, atende-nos e age sem tardar; por amor de ti mesmo, ó Deus meu; porque a tua cidade e o teu povo são chamados pelo teu nome.</verse>
		<verse number="20">Estando eu ainda falando e orando, e confessando o meu pecado, e o pecado do meu povo Israel, e lançando a minha súplica perante a face do Senhor, meu Deus, pelo monte santo do meu Deus,</verse>
		<verse number="21">Estando eu, digo, ainda falando na oração, o homem Gabriel, que eu tinha visto na minha visão ao princípio, veio, voando rapidamente, e tocou-me, à hora do sacrifício da tarde.</verse>
		<verse number="22">Ele me instruiu, e falou comigo, dizendo: Daniel, agora saí para fazer-te entender o sentido.</verse>
		<verse number="23">No princípio das tuas súplicas, saiu a ordem, e eu vim, para to declarar, porque és mui amado; considera, pois, a palavra, e entende a visão.</verse>
		<verse number="24">Setenta semanas estão determinadas sobre o teu povo, e sobre a tua santa cidade, para cessar a transgressão, e para dar fim aos pecados, e para expiar a iniqüidade, e trazer a justiça eterna, e selar a visão e a profecia, e para ungir o Santíssimo.</verse>
		<verse number="25">Sabe e entende: desde a saída da ordem para restaurar, e para edificar a Jerusalém, até ao Messias, o Príncipe, haverá sete semanas, e sessenta e duas semanas; as ruas e o muro se reedificarão, mas em tempos angustiosos.</verse>
		<verse number="26">E depois das sessenta e duas semanas será cortado o Messias, mas não para si mesmo; e o povo do príncipe, que há de vir, destruirá a cidade e o santuário, e o seu fim será com uma inundação; e até ao fim haverá guerra; estão determinadas as assolações.</verse>
		<verse number="27">E ele firmará aliança com muitos por uma semana; e na metade da semana fará cessar o sacrifício e a oblação; e sobre a asa das abominações virá o assolador, e isso até à consumação; e o que está determinado será derramado sobre o assolador.</verse>
	</chapter>
	<chapter number="10">
		<verse number="1">No terceiro ano de Ciro, rei da Pérsia, foi revelada uma palavra a Daniel, cujo nome era Beltessazar; a palavra era verdadeira e envolvia grande conflito; e ele entendeu esta palavra, e tinha entendimento da visão.</verse>
		<verse number="2">Naqueles dias eu, Daniel, estive triste por três semanas.</verse>
		<verse number="3">Alimento desejável não comi, nem carne nem vinho entraram na minha boca, nem me ungi com ungüento, até que se cumpriram as três semanas.</verse>
		<verse number="4">E no dia vinte e quatro do primeiro mês eu estava à borda do grande rio Hidequel;</verse>
		<verse number="5">E levantei os meus olhos, e olhei, e eis um homem vestido de linho, e os seus lombos cingidos com ouro fino de Ufaz;</verse>
		<verse number="6">E o seu corpo era como berilo, e o seu rosto parecia um relâmpago, e os seus olhos como tochas de fogo, e os seus braços e os seus pés brilhavam como bronze polido; e a voz das suas palavras era como a voz de uma multidão.</verse>
		<verse number="7">E só eu, Daniel, tive aquela visão. Os homens que estavam comigo não a viram; contudo caiu sobre eles um grande temor, e fugiram, escondendo-se.</verse>
		<verse number="8">Fiquei, pois, eu só, a contemplar esta grande visão, e não ficou força em mim; transmudou-se o meu semblante em corrupção, e não tive força alguma.</verse>
		<verse number="9">Contudo ouvi a voz das suas palavras; e, ouvindo o som das suas palavras, eu caí sobre o meu rosto num profundo sono, com o meu rosto em terra.</verse>
		<verse number="10">E eis que certa mão me tocou, e fez com que me movesse sobre os meus joelhos e sobre as palmas das minhas mãos.</verse>
		<verse number="11">E me disse: Daniel, homem muito amado, entende as palavras que vou te dizer, e levanta-te sobre os teus pés, porque a ti sou enviado. E, falando ele comigo esta palavra, levantei-me tremendo.</verse>
		<verse number="12">Então me disse: Não temas, Daniel, porque desde o primeiro dia em que aplicaste o teu coração a compreender e a humilhar-te perante o teu Deus, são ouvidas as tuas palavras; e eu vim por causa das tuas palavras.</verse>
		<verse number="13">Mas o príncipe do reino da Pérsia me resistiu vinte e um dias, e eis que Miguel, um dos primeiros príncipes, veio para ajudar-me, e eu fiquei ali com os reis da Pérsia.</verse>
		<verse number="14">Agora vim, para fazer-te entender o que há de acontecer ao teu povo nos derradeiros dias; porque a visão é ainda para muitos dias.</verse>
		<verse number="15">E, falando ele comigo estas palavras, abaixei o meu rosto para a terra, e emudeci.</verse>
		<verse number="16">E eis que alguém, semelhante aos filhos dos homens, tocou-me os lábios; então abri a minha boca, e falei, dizendo àquele que estava em pé diante de mim: senhor meu, por causa da visão sobrevieram-me dores, e não me ficou força alguma.</verse>
		<verse number="17">Como, pois, pode o servo do meu senhor falar com o meu senhor? Porque, quanto a mim, desde agora não resta força em mim, e nem fôlego ficou em mim.</verse>
		<verse number="18">E aquele, que tinha aparência de um homem, tocou-me outra vez, e fortaleceu-me.</verse>
		<verse number="19">E disse: Não temas, homem muito amado, paz seja contigo; anima-te, sim, anima-te. E, falando ele comigo, fiquei fortalecido, e disse: Fala, meu senhor, porque me fortaleceste.</verse>
		<verse number="20">E ele disse: Sabes por que eu vim a ti? Agora, pois, tornarei a pelejar contra o príncipe dos persas; e, saindo eu, eis que virá o príncipe da Grécia.</verse>
		<verse number="21">Mas eu te declararei o que está registrado na escritura da verdade; e ninguém há que me anime contra aqueles, senão Miguel, vosso príncipe.</verse>
	</chapter>
	<chapter number="11">
		<verse number="1">Eu, pois, no primeiro ano de Dario, o medo, levantei-me para animá-lo e fortalecê-lo.</verse>
		<verse number="2">E agora te declararei a verdade: Eis que ainda três reis estarão na Pérsia, e o quarto acumulará grandes riquezas, mais do que todos; e, tornando-se forte, por suas riquezas, suscitará a todos contra o reino da Grécia.</verse>
		<verse number="3">Depois se levantará um rei valente, que reinará com grande domínio, e fará o que lhe aprouver.</verse>
		<verse number="4">Mas, estando ele em pé, o seu reino será quebrado, e será repartido para os quatro ventos do céu; mas não para a sua posteridade, nem tampouco segundo o seu domínio com que reinou, porque o seu reino será arrancado, e passará a outros que não eles.</verse>
		<verse number="5">E será forte o rei do sul; mas um dos seus príncipes será mais forte do que ele, e reinará poderosamente; seu domínio será grande.</verse>
		<verse number="6">Mas, ao fim de alguns anos, eles se aliarão; e a filha do rei do sul virá ao rei do norte para fazer um tratado; mas ela não reterá a força do seu braço; nem ele persistirá, nem o seu braço, porque ela será entregue, e os que a tiverem trazido, e seu pai, e o que a fortalecia naqueles tempos.</verse>
		<verse number="7">Mas de um renovo das raízes dela um se levantará em seu lugar, e virá com o exército, e entrará na fortaleza do rei do norte, e operará contra eles, e prevalecerá.</verse>
		<verse number="8">Também os seus deuses com as suas imagens de fundição, com os seus objetos preciosos de prata e ouro, levará cativos para o Egito; e por alguns anos ele persistirá contra o rei do norte.</verse>
		<verse number="9">E entrará no reino o rei do sul, e tornará para a sua terra.</verse>
		<verse number="10">Mas seus filhos intervirão e reunirão uma multidão de grandes forças; e virá apressadamente e inundará, e passará adiante; e, voltando levará a guerra até a sua fortaleza.</verse>
		<verse number="11">Então o rei do sul se exasperará, e sairá, e pelejará contra ele, contra o rei do norte; este porá em campo grande multidão, e aquela multidão será entregue na sua mão.</verse>
		<verse number="12">A multidão será tirada e o seu coração se elevará; mas ainda que derrubará muitos milhares, contudo não prevalecerá.</verse>
		<verse number="13">Porque o rei do norte tornará, e porá em campo uma multidão maior do que a primeira, e ao fim dos tempos, isto é, de anos, virá à pressa com grande exército e com muitas riquezas.</verse>
		<verse number="14">E, naqueles tempos, muitos se levantarão contra o rei do sul; e os violentos dentre o teu povo se levantarão para cumprir a visão, mas eles cairão.</verse>
		<verse number="15">E o rei do norte virá, e levantará baluartes, e tomará a cidade forte; e os braços do sul não poderão resistir, nem o seu povo escolhido, pois não haverá força para resistir.</verse>
		<verse number="16">O que, pois, há de vir contra ele fará segundo a sua vontade, e ninguém poderá resistir diante dele; e estará na terra gloriosa, e por sua mão haverá destruição.</verse>
		<verse number="17">E dirigirá o seu rosto, para vir com a potência de todo o seu reino, e com ele os retos, assim ele fará; e lhe dará uma filha das mulheres, para corrompê-la; ela, porém, não subsistirá, nem será para ele.</verse>
		<verse number="18">Depois virará o seu rosto para as ilhas, e tomará muitas; mas um príncipe fará cessar o seu opróbrio contra ele, e ainda fará recair sobre ele o seu opróbrio.</verse>
		<verse number="19">Virará então o seu rosto para as fortalezas da sua própria terra, mas tropeçará, e cairá, e não será achado.</verse>
		<verse number="20">E em seu lugar se levantará quem fará passar um arrecadador pela glória do reino; mas em poucos dias será quebrantado, e isto sem ira e sem batalha.</verse>
		<verse number="21">Depois se levantará em seu lugar um homem vil, ao qual não tinham dado a dignidade real; mas ele virá caladamente, e tomará o reino com engano.</verse>
		<verse number="22">E com os braços de uma inundação serão varridos de diante dele; e serão quebrantados, como também o príncipe da aliança.</verse>
		<verse number="23">E, depois do concerto com ele, usará de engano; e subirá, e se tornará forte com pouca gente.</verse>
		<verse number="24">Virá também caladamente aos lugares mais férteis da província, e fará o que nunca fizeram seus pais, nem os pais de seus pais; repartirá entre eles a presa e os despojos, e os bens, e formará os seus projetos contra as fortalezas, mas por certo tempo.</verse>
		<verse number="25">E suscitará a sua força e a sua coragem contra o rei do sul com um grande exército; e o rei do sul se envolverá na guerra com um grande e mui poderoso exército; mas não subsistirá, porque maquinarão projetos contra ele.</verse>
		<verse number="26">E os que comerem os seus alimentos o destruirão; e o exército dele será arrasado, e cairão muitos mortos.</verse>
		<verse number="27">Também estes dois reis terão o coração atento para fazerem o mal, e a uma mesma mesa falarão a mentira; mas isso não prosperará, porque ainda verá o fim no tempo determinado.</verse>
		<verse number="28">Então tornará para a sua terra com muitos bens, e o seu coração será contra a santa aliança; e fará o que lhe aprouver, e tornará para a sua terra.</verse>
		<verse number="29">No tempo determinado tornará a vir em direção do sul; mas não será na última vez como foi na primeira.</verse>
		<verse number="30">Porque virão contra ele navios de Quitim, que lhe causarão tristeza; e voltará, e se indignará contra a santa aliança, e fará o que lhe aprouver; voltará e atenderá aos que tiverem abandonado a santa aliança.</verse>
		<verse number="31">E braços serão colocados sobre ele, que profanarão o santuário e a fortaleza, e tirarão o sacrifício contínuo, estabelecendo abominação desoladora.</verse>
		<verse number="32">E aos violadores da aliança ele com lisonjas perverterá, mas o povo que conhece ao seu Deus se tornará forte e fará proezas.</verse>
		<verse number="33">E os entendidos entre o povo ensinarão a muitos; todavia cairão pela espada, e pelo fogo, e pelo cativeiro, e pelo roubo, por muitos dias.</verse>
		<verse number="34">E, caindo eles, serão ajudados com pequeno socorro; mas muitos se ajuntarão a eles com lisonjas.</verse>
		<verse number="35">E alguns dos entendidos cairão, para serem provados, purificados, e embranquecidos, até ao fim do tempo, porque será ainda para o tempo determinado.</verse>
		<verse number="36">E este rei fará conforme a sua vontade, e levantar-se-á, e engrandecer-se-á sobre todo deus; e contra o Deus dos deuses falará coisas espantosas, e será próspero, até que a ira se complete; porque aquilo que está determinado será feito.</verse>
		<verse number="37">E não terá respeito ao Deus de seus pais, nem terá respeito ao amor das mulheres, nem a deus algum, porque sobre tudo se engrandecerá.</verse>
		<verse number="38">Mas em seu lugar honrará a um deus das forças; e a um deus a quem seus pais não conheceram honrará com ouro, e com prata, e com pedras preciosas, e com coisas agradáveis.</verse>
		<verse number="39">Com o auxílio de um deus estranho agirá contra as poderosas fortalezas; aos que o reconhecerem multiplicará a honra, e os fará reinar sobre muitos, e repartirá a terra por preço.</verse>
		<verse number="40">E, no fim do tempo, o rei do sul lutará com ele, e o rei do norte se levantará contra ele com carros, e com cavaleiros, e com muitos navios; e entrará nas suas terras e as inundará, e passará.</verse>
		<verse number="41">E entrará na terra gloriosa, e muitos países cairão, mas da sua mão escaparão estes: Edom e Moabe, e os chefes dos filhos de Amom.</verse>
		<verse number="42">E estenderá a sua mão contra os países, e a terra do Egito não escapará.</verse>
		<verse number="43">E apoderar-se-á dos tesouros de ouro e de prata e de todas as coisas preciosas do Egito; e os líbios e os etíopes o seguirão.</verse>
		<verse number="44">Mas os rumores do oriente e do norte o espantarão; e sairá com grande furor, para destruir e extirpar a muitos.</verse>
		<verse number="45">E armará as tendas do seu palácio entre o mar grande e o monte santo e glorioso; mas chegará ao seu fim, e não haverá quem o socorra.</verse>
	</chapter>
	<chapter number="12">
		<verse number="1">E naquele tempo se levantará Miguel, o grande príncipe, que se levanta a favor dos filhos do teu povo, e haverá um tempo de angústia, qual nunca houve, desde que houve nação até àquele tempo; mas naquele tempo livrar-se-á o teu povo, todo aquele que for achado escrito no livro.</verse>
		<verse number="2">E muitos dos que dormem no pó da terra ressuscitarão, uns para vida eterna, e outros para vergonha e desprezo eterno.</verse>
		<verse number="3">Os que forem sábios, pois, resplandecerão como o fulgor do firmamento; e os que a muitos ensinam a justiça, como as estrelas sempre e eternamente.</verse>
		<verse number="4">E tu, Daniel, encerra estas palavras e sela este livro, até ao fim do tempo; muitos correrão de uma parte para outra, e o conhecimento se multiplicará.</verse>
		<verse number="5">Então eu, Daniel, olhei, e eis que estavam em pé outros dois, um deste lado, à beira do rio, e o outro do outro lado, à beira do rio.</verse>
		<verse number="6">E ele disse ao homem vestido de linho, que estava sobre as águas do rio: Quando será o fim destas maravilhas?</verse>
		<verse number="7">E ouvi o homem vestido de linho, que estava sobre as águas do rio, o qual levantou ao céu a sua mão direita e a sua mão esquerda, e jurou por aquele que vive eternamente que isso seria para um tempo, tempos e metade do tempo, e quando tiverem acabado de espalhar o poder do povo santo, todas estas coisas serão cumpridas.</verse>
		<verse number="8">Eu, pois, ouvi, mas não entendi; por isso eu disse: Senhor meu, qual será o fim destas coisas?</verse>
		<verse number="9">E ele disse: Vai, Daniel, porque estas palavras estão fechadas e seladas até ao tempo do fim.</verse>
		<verse number="10">Muitos serão purificados, e embranquecidos, e provados; mas os ímpios procederão impiamente, e nenhum dos ímpios entenderá, mas os sábios entenderão.</verse>
		<verse number="11">E desde o tempo em que o sacrifício contínuo for tirado, e posta a abominação desoladora, haverá mil duzentos e noventa dias.</verse>
		<verse number="12">Bem-aventurado o que espera e chega até mil trezentos e trinta e cinco dias.</verse>
		<verse number="13">Tu, porém, vai até ao fim; porque descansarás, e te levantarás na tua herança, no fim dos dias.</verse>
	</chapter>
</book>