﻿<?xml version="1.0" encoding="UTF-8"?>
<book name="Esdras" abbrev="ed" chapters="10">
	<chapter number="1">
		<verse number="1">No primeiro ano de Ciro, rei da Pérsia (para que se cumprisse a palavra do SENHOR, pela boca de Jeremias), despertou o SENHOR o espírito de Ciro, rei da Pérsia, o qual fez passar pregão por todo o seu reino, como também por escrito, dizendo:</verse>
		<verse number="2">Assim diz Ciro, rei da Pérsia: O Senhor Deus dos céus me deu todos os reinos da terra, e me encarregou de lhe edificar uma casa em Jerusalém, que está em Judá.</verse>
		<verse number="3">Quem há entre vós, de todo o seu povo, seja seu Deus com ele, e suba a Jerusalém, que está em Judá, e edifique a casa do Senhor Deus de Israel (ele é o Deus) que está em Jerusalém.</verse>
		<verse number="4">E todo aquele que ficar atrás em algum lugar em que andar peregrinando, os homens do seu lugar o ajudarão com prata, com ouro, com bens, e com gados, além das dádivas voluntárias para a casa de Deus, que está em Jerusalém.</verse>
		<verse number="5">Então se levantaram os chefes dos pais de Judá e Benjamim, e os sacerdotes e os levitas, com todos aqueles cujo espírito Deus despertou, para subirem a edificar a casa do Senhor, que está em Jerusalém.</verse>
		<verse number="6">E todos os que habitavam nos arredores lhes firmaram as mãos com vasos de prata, com ouro, com bens e com gado, e com coisas preciosas; além de tudo o que voluntariamente se deu.</verse>
		<verse number="7">Também o rei Ciro tirou os utensílios da casa do Senhor, que Nabucodonosor tinha trazido de Jerusalém, e que tinha posto na casa de seus deuses.</verse>
		<verse number="8">Estes tirou Ciro, rei da Pérsia, pela mão de Mitredate, o tesoureiro, que os entregou contados a Sesbazar, príncipe de Judá.</verse>
		<verse number="9">E este é o número deles: trinta travessas de ouro, mil travessas de prata, vinte e nove facas,</verse>
		<verse number="10">Trinta bacias de ouro, mais outras quatrocentas e dez bacias de prata, e mil outros utensílios.</verse>
		<verse number="11">Todos os utensílios de ouro e de prata foram cinco mil e quatrocentos; todos estes levou Sesbazar, quando os do cativeiro subiram de babilônia para Jerusalém.</verse>
	</chapter>
	<chapter number="2">
		<verse number="1">Estes são os filhos da província, que subiram do cativeiro, dentre os exilados, que Nabucodonosor, rei de babilônia, tinha transportado a babilônia, e tornaram a Jerusalém e a Judá, cada um para a sua cidade;</verse>
		<verse number="2">Os quais vieram com Zorobabel, Jesua, Neemias, Seraías, Reelaías, Mardoqueu, Bilsã, Mizpar, Bigvai, Reum e Baaná. O número dos homens do povo de Israel:</verse>
		<verse number="3">Os filhos de Parós, dois mil cento e setenta e dois.</verse>
		<verse number="4">Os filhos de Sefatias, trezentos e setenta e dois.</verse>
		<verse number="5">Os filhos de Ará, setecentos e setenta e cinco.</verse>
		<verse number="6">Os filhos de Paate-Moabe, dos filhos de Jesuá-Joabe, dois mil oitocentos e doze.</verse>
		<verse number="7">Os filhos de Elão, mil duzentos e cinqüenta e quatro.</verse>
		<verse number="8">Os filhos de Zatu, novecentos e quarenta e cinco.</verse>
		<verse number="9">Os filhos de Zacai, setecentos e sessenta.</verse>
		<verse number="10">Os filhos de Bani, seiscentos e quarenta e dois.</verse>
		<verse number="11">Os filhos de Bebai, seiscentos e vinte e três.</verse>
		<verse number="12">Os filhos de Azgade, mil duzentos e vinte e dois.</verse>
		<verse number="13">Os filhos de Adonicão, seiscentos e sessenta e seis.</verse>
		<verse number="14">Os filhos de Bigvai, dois mil e cinqüenta e seis.</verse>
		<verse number="15">Os filhos de Adim, quatrocentos e cinqüenta e quatro.</verse>
		<verse number="16">Os filhos de Ater, de Ezequias, noventa e oito.</verse>
		<verse number="17">Os filhos de Bezai, trezentos e vinte e três.</verse>
		<verse number="18">Os filhos de Jora, cento e doze.</verse>
		<verse number="19">Os filhos de Hasum, duzentos e vinte e três.</verse>
		<verse number="20">Os filhos de Gibar, noventa e cinco.</verse>
		<verse number="21">Os filhos de Belém, cento e vinte e três.</verse>
		<verse number="22">Os homens de Netofá, cinqüenta e seis.</verse>
		<verse number="23">Os homens de Anatote, cento e vinte e oito.</verse>
		<verse number="24">Os filhos de Azmavete, quarenta e dois.</verse>
		<verse number="25">Os filhos de Quiriate-Arim, Quefira e Beerote, setecentos e quarenta e três.</verse>
		<verse number="26">Os filhos de Ramá, e de Geba, seiscentos e vinte e um.</verse>
		<verse number="27">Os homens de Micmás, cento e vinte e dois.</verse>
		<verse number="28">Os homens de Betel e de Ai, duzentos e vinte e três.</verse>
		<verse number="29">Os filhos de Nebo, cinqüenta e dois.</verse>
		<verse number="30">Os filhos de Magbis, cento e cinqüenta e seis.</verse>
		<verse number="31">Os filhos do outro Elão, mil duzentos e cinqüenta e quatro.</verse>
		<verse number="32">Os filhos de Harim, trezentos e vinte.</verse>
		<verse number="33">Os filhos de Lode, de Hadide e de Ono, setecentos e vinte e cinco.</verse>
		<verse number="34">Os filhos de Jericó, trezentos e quarenta e cinco.</verse>
		<verse number="35">Os filhos de Senaá, três mil seiscentos e trinta.</verse>
		<verse number="36">Os sacerdotes: os filhos de Jedaías, da casa de Jesuá, novecentos e setenta e três.</verse>
		<verse number="37">Os filhos de Imer, mil e cinqüenta e dois.</verse>
		<verse number="38">Os filhos de Pasur, mil duzentos e quarenta e sete.</verse>
		<verse number="39">Os filhos de Harim, mil e dezessete.</verse>
		<verse number="40">Os levitas: os filhos de Jesuá e Cadmiel, dos filhos de Hodavias, setenta e quatro.</verse>
		<verse number="41">Os cantores: os filhos de Asafe, cento e vinte e oito.</verse>
		<verse number="42">Os filhos dos porteiros: os filhos de Salum, os filhos de Ater, os filhos de Talmom, os filhos de Acube, os filhos de Hatita, os filhos de Sobai; ao todo, cento e trinta e nove.</verse>
		<verse number="43">Os netinins: os filhos de Zia, os filhos de Hasufa, os filhos de Tabaote,</verse>
		<verse number="44">Os filhos de Querós, os filhos de Siá, os filhos de Padom,</verse>
		<verse number="45">Os filhos de Lebaná, os filhos de Hagaba, os filhos de Acube,</verse>
		<verse number="46">Os filhos de Hagabe, os filhos de Sanlai, os filhos de Hanã,</verse>
		<verse number="47">Os filhos de Gidel, os filhos de Gaar, os filhos de Reaías,</verse>
		<verse number="48">Os filhos de Rezim, os filhos de Necoda, os filhos de Gazão,</verse>
		<verse number="49">Os filhos de Uzá, os filhos de Paseá, os filhos de Besai,</verse>
		<verse number="50">Os filhos de Asna, os filhos de Meunim, os filhos de Nefussim,</verse>
		<verse number="51">Os filhos de Bacbuque, os filhos de Hacufa, os filhos de Harur,</verse>
		<verse number="52">Os filhos de Bazlute, os filhos de Meída, os filhos de Harsa,</verse>
		<verse number="53">Os filhos de Barcos, os filhos de Sísera, os filhos de Tama.</verse>
		<verse number="54">Os filhos de Neziá, os filhos de Hatifa.</verse>
		<verse number="55">Os filhos dos servos de Salomão; os filhos de Sotai, os filhos de Soferete, os filhos de Peruda,</verse>
		<verse number="56">Os filhos de Jaalá, os filhos de Darcom, os filhos de Gidel,</verse>
		<verse number="57">Os filhos de Sefatias, os filhos de Hatil, os filhos de PoquereteHazebaim, os filhos de Ami.</verse>
		<verse number="58">Todos os netinins, e os filhos dos servos de Salomão, trezentos e noventa e dois.</verse>
		<verse number="59">Também estes subiram de Tel-Melá e Tel-Harsa, Querube, Adã e Imer; porém não puderam provar que as suas famílias e a sua linhagem eram de Israel:</verse>
		<verse number="60">Os filhos de Delaías, os filhos de Tobias, os filhos de Necoda, seiscentos e cinqüenta e dois.</verse>
		<verse number="61">E dos filhos dos sacerdotes: os filhos de Habaías, os filhos de Coz, os filhos de Barzilai, que tomou mulher das filhas de Barzilai, o gileadita, e que foi chamado do seu nome.</verse>
		<verse number="62">Estes procuraram o seu registro entre os que estavam arrolados nas genealogias, mas não se acharam nelas; assim, por imundos, foram excluídos do sacerdócio.</verse>
		<verse number="63">E o governador lhes disse que não comessem das coisas consagradas, até que houvesse sacerdote com Urim e com Tumim.</verse>
		<verse number="64">Toda esta congregação junta foi de quarenta e dois mil trezentos e sessenta,</verse>
		<verse number="65">Afora os seus servos e as suas servas, que foram sete mil trezentos e trinta e sete; também tinha duzentos cantores e cantoras.</verse>
		<verse number="66">Os seus cavalos, setecentos e trinta e seis; os seus mulos, duzentos e quarenta e cinco;</verse>
		<verse number="67">Os seus camelos, quatrocentos e trinta e cinco; os jumentos, seis mil setecentos e vinte.</verse>
		<verse number="68">E alguns dos chefes dos pais, vindo à casa do Senhor, que habita em Jerusalém, deram ofertas voluntárias para a casa de Deus, para a estabelecerem no seu lugar.</verse>
		<verse number="69">Conforme as suas posses, deram para o tesouro da obra, em ouro, sessenta e uma mil dracmas, e em prata cinco mil libras, e cem vestes sacerdotais.</verse>
		<verse number="70">E habitaram os sacerdotes e os levitas, e alguns do povo, tanto os cantores, como os porteiros, e os netinins, nas suas cidades; como também todo o Israel nas suas cidades.</verse>
	</chapter>
	<chapter number="3">
		<verse number="1">Chegando, pois, o sétimo mês, e estando os filhos de Israel já nas cidades, ajuntou-se o povo, como um só homem, em Jerusalém.</verse>
		<verse number="2">E levantou-se Jesuá, filho de Jozadaque, e seus irmãos, os sacerdotes, e Zorobabel, filho de Sealtiel, e seus irmãos, e edificaram o altar do Deus de Israel, para oferecerem sobre ele holocaustos, como está escrito na lei de Moisés, o homem de Deus.</verse>
		<verse number="3">E firmaram o altar sobre as suas bases, porque o terror estava sobre eles, por causa dos povos das terras; e ofereceram sobre ele holocaustos ao Senhor, holocaustos pela manhã e à tarde.</verse>
		<verse number="4">E celebraram a festa dos tabernáculos, como está escrito; ofereceram holocaustos cada dia, por ordem, conforme ao rito, cada coisa em seu dia.</verse>
		<verse number="5">E depois disto o holocausto contínuo, e os das luas novas e de todas as solenidades consagradas ao Senhor; como também de qualquer que oferecia oferta voluntária ao Senhor;</verse>
		<verse number="6">Desde o primeiro dia do sétimo mês começaram a oferecer holocaustos ao SENHOR; porém ainda não estavam postos os fundamentos do templo do SENHOR.</verse>
		<verse number="7">Deram, pois, o dinheiro aos pedreiros e carpinteiros, como também comida e bebida, e azeite aos sidônios, e aos tírios, para trazerem do Líbano madeira de cedro ao mar, para Jope, segundo a concessão que lhes tinha feito Ciro, rei da Pérsia.</verse>
		<verse number="8">E no segundo ano da sua vinda à casa de Deus em Jerusalém, no segundo mês, Zorobabel, filho de Sealtiel, e Jesuá, filho de Jozadaque, e os outros seus irmãos, os sacerdotes e os levitas, e todos os que vieram do cativeiro a Jerusalém, começaram a obra da casa do Senhor, e constituíram os levitas da idade de vinte anos para cima, para que a dirigissem.</verse>
		<verse number="9">Então se levantou Jesuá, seus filhos, e seus irmãos, Cadmiel e seus filhos, os filhos de Judá, como um só homem, para dirigirem os que faziam a obra na casa de Deus, bem como os filhos de Henadade, seus filhos e seus irmãos, os levitas.</verse>
		<verse number="10">Quando, pois, os edificadores lançaram os alicerces do templo do Senhor, então apresentaram-se os sacerdotes, já vestidos e com trombetas, e os levitas, filhos de Asafe, com címbalos, para louvarem ao Senhor conforme à instituição de Davi, rei de Israel.</verse>
		<verse number="11">E cantavam juntos por grupo, louvando e rendendo graças ao Senhor, dizendo: porque é bom; porque a sua benignidade dura para sempre sobre Israel. E todo o povo jubilou com altas vozes, quando louvaram ao Senhor, pela fundação da casa do Senhor.</verse>
		<verse number="12">Porém muitos dos sacerdotes, e levitas e chefes dos pais, já idosos, que viram a primeira casa, choraram em altas vozes quando à sua vista foram lançados os fundamentos desta casa; mas muitos levantaram as vozes com júbilo e com alegria.</verse>
		<verse number="13">De maneira que não discernia o povo as vozes do júbilo de alegria das vozes do choro do povo; porque o povo jubilava com tão altas vozes, que o som se ouvia de muito longe.</verse>
	</chapter>
	<chapter number="4">
		<verse number="1">Ouvindo, pois, os adversários de Judá e Benjamim que os que voltaram do cativeiro edificavam o templo ao SENHOR Deus de Israel,</verse>
		<verse number="2">Chegaram-se a Zorobabel e aos chefes dos pais, e disseram-lhes: Deixai-nos edificar convosco, porque, como vós, buscaremos a vosso Deus; como também já lhe sacrificamos desde os dias de Esar-Hadom, rei da Assíria, que nos fez subir aqui.</verse>
		<verse number="3">Porém Zorobabel, e Jesuá, e os outros chefes dos pais de Israel lhes disseram: Não convém que nós e vós edifiquemos casa a nosso Deus; mas nós sozinhos a edificaremos ao Senhor Deus de Israel, como nos ordenou o rei Ciro, rei da Pérsia.</verse>
		<verse number="4">Todavia o povo da terra debilitava as mãos do povo de Judá, e inquietava-os no edificar.</verse>
		<verse number="5">E alugaram contra eles conselheiros, para frustrarem o seu plano, todos os dias de Ciro, rei da Pérsia, até ao reinado de Dario, rei da Pérsia.</verse>
		<verse number="6">No reinado de Assuero, no princípio do seu reinado, escreveram uma acusação contra os habitantes de Judá e de Jerusalém.</verse>
		<verse number="7">E nos dias de Artaxerxes escreveram Bislão, Mitredate, Tabeel, e os outros seus companheiros, a Artaxerxes, rei da Pérsia; e a carta estava escrita em caracteres siríacos, e na língua siríaca.</verse>
		<verse number="8">Escreveram, pois, Reum, o chanceler, e Sinsai, o escrivão, uma carta contra Jerusalém, ao rei Artaxerxes, do teor seguinte:</verse>
		<verse number="9">Então escreveu Reum, o chanceler, e Sinsai, o escrivão, e os outros seus companheiros, os dinaítas, afarsaquitas, tarpelitas, afarsitas, arquevitas, babilônios, susanquitas, deavitas, elamitas,</verse>
		<verse number="10">E os outros povos, que o grande e afamado Asnapar transportou, e que fez habitar na cidade de Samaria, e nas demais províncias dalém do rio, em tal tempo.</verse>
		<verse number="11">Este, pois, é o teor da carta que mandaram ao rei Artaxerxes: Teus servos, os homens dalém do rio, em tal tempo.</verse>
		<verse number="12">Saiba o rei que os judeus, que subiram de ti, vieram a nós em Jerusalém, e reedificam aquela rebelde e malvada cidade, e vão restaurando os seus muros, e reparando os seus fundamentos.</verse>
		<verse number="13">Agora saiba o rei que, se aquela cidade se reedificar, e os muros se restaurarem, eles não pagarão os direitos, os tributos e os pedágios; e assim se danificará a fazenda dos reis.</verse>
		<verse number="14">Agora, pois, porquanto somos assalariados do palácio, e não nos convém ver a desonra do rei, por isso mandamos avisar ao rei,</verse>
		<verse number="15">Para que se busque no livro das crônicas de teus pais. E acharás no livro das crônicas, e saberás que aquela foi uma cidade rebelde, e danosa aos reis e províncias, e que nela houve rebelião em tempos antigos; por isso foi aquela cidade destruída.</verse>
		<verse number="16">Nós, pois, fazemos notório ao rei que, se aquela cidade se reedificar, e os seus muros se restaurarem, sucederá que não terás porção alguma deste lado do rio.</verse>
		<verse number="17">E o rei enviou esta resposta a Reum, o chanceler, e a Sinsai, o escrivão, e aos demais seus companheiros, que habitavam em Samaria; como também aos demais que estavam dalém do rio: Paz! em tal tempo.</verse>
		<verse number="18">A carta que nos enviastes foi explicitamente lida diante de mim.</verse>
		<verse number="19">E, ordenando-o eu, buscaram e acharam, que de tempos antigos aquela cidade se levantou contra os reis, e nela se têm feito rebelião e sedição.</verse>
		<verse number="20">Também houve reis poderosos sobre Jerusalém que dalém do rio dominaram em todo o lugar, e se lhes pagaram direitos, tributos e pedágios.</verse>
		<verse number="21">Agora, pois, dai ordem para impedirdes aqueles homens, a fim de que não se edifique aquela cidade, até que eu dê uma ordem.</verse>
		<verse number="22">E guardai-vos de serdes remissos nisto; por que cresceria o dano para prejuízo dos reis?</verse>
		<verse number="23">Então, depois que a cópia da carta do rei Artaxerxes foi lida perante Reum, e Sinsai, o escrivão, e seus companheiros, apressadamente foram eles a Jerusalém, aos judeus, e os impediram à força e com violência.</verse>
		<verse number="24">Então cessou a obra da casa de Deus, que estava em Jerusalém; e cessou até ao ano segundo do reinado de Dario, rei da Pérsia.</verse>
	</chapter>
	<chapter number="5">
		<verse number="1">E os profetas Ageu e Zacarias, filho de Ido, profetizaram aos judeus que estavam em Judá, e em Jerusalém; em nome do Deus de Israel lhes profetizaram.</verse>
		<verse number="2">Então se levantaram Zorobabel, filho de Sealtiel, e Jesuá, filho de Jozadaque, e começaram a edificar a casa de Deus, que está em Jerusalém; e com eles os profetas de Deus, que os ajudavam.</verse>
		<verse number="3">Naquele tempo vieram a eles Tatenai, governador dalém do rio, e Setar-Bozenai, e os seus companheiros, e disseram-lhes assim: Quem vos deu ordem para reedificardes esta casa, e restaurardes este muro?</verse>
		<verse number="4">Disseram-lhes, mais: E quais são os nomes dos homens que construíram este edifício?</verse>
		<verse number="5">Porém os olhos de Deus estavam sobre os anciãos dos judeus, e não os impediram, até que o negócio chegasse a Dario, e viesse resposta por carta sobre isso.</verse>
		<verse number="6">Cópia da carta que Tatenai, o governador dalém do rio, com Setar-Bozenai e os seus companheiros, os afarsaquitas, que estavam dalém do rio, enviaram ao rei Dario.</verse>
		<verse number="7">Enviaram-lhe uma carta, na qual estava escrito: Toda a paz ao rei Dario.</verse>
		<verse number="8">Seja notório ao rei, que nós fomos à província de Judá, à casa do grande Deus, a qual se edifica com grandes pedras, e a madeira já está sendo posta nas paredes; e esta obra vai sendo feita com diligência, e se adianta em suas mãos.</verse>
		<verse number="9">Então perguntamos aos anciãos, e assim lhes dissemos: Quem vos deu ordem para reedificardes esta casa, e restaurardes este muro?</verse>
		<verse number="10">Além disso, lhes perguntamos também pelos seus nomes, para tos declararmos; para que te pudéssemos escrever os nomes dos homens que entre eles são os chefes.</verse>
		<verse number="11">E esta foi a resposta que nos deram: Nós somos servos do Deus dos céus e da terra, e reedificamos a casa que há muitos anos foi edificada; porque um grande rei de Israel a edificou e a terminou.</verse>
		<verse number="12">Mas depois que nossos pais provocaram à ira o Deus dos céus, ele os entregou nas mãos de Nabucodonosor, rei de babilônia, o caldeu, o qual destruiu esta casa, e transportou o povo para babilônia.</verse>
		<verse number="13">Porém, no primeiro ano de Ciro, rei de babilônia, o rei Ciro deu ordem para que esta casa de Deus se reedificasse.</verse>
		<verse number="14">E até os utensílios de ouro e prata, da casa de Deus, que Nabucodonosor tomou do templo que estava em Jerusalém e os levou para o templo de babilônia, o rei Ciro os tirou do templo de babilônia, e foram dados a um homem cujo nome era Sesbazar, a quem nomeou governador.</verse>
		<verse number="15">E disse-lhe: Toma estes utensílios, vai e leva-os ao templo que está em Jerusalém, e faze reedificar a casa de Deus, no seu lugar.</verse>
		<verse number="16">Então veio este Sesbazar, e pôs os fundamentos da casa de Deus, que está em Jerusalém, e desde então para cá se está reedificando, e ainda não está acabada.</verse>
		<verse number="17">Agora, pois, se parece bem ao rei, busque-se na casa dos tesouros do rei, que está em babilônia, se é verdade que se deu uma ordem pelo rei Ciro para reedificar esta casa de Deus em Jerusalém; e sobre isto nos faça saber a vontade do rei.</verse>
	</chapter>
	<chapter number="6">
		<verse number="1">Então o rei Dario deu ordem, e buscaram nos arquivos, onde se guardavam os tesouros em babilônia.</verse>
		<verse number="2">E em Acmeta, no palácio, que está na província de Média, se achou um rolo, e nele estava escrito um memorial que dizia assim:</verse>
		<verse number="3">No primeiro ano do rei Ciro, este baixou o seguinte decreto: A casa de Deus, em Jerusalém, se reedificará para lugar em que se ofereçam sacrifícios, e seus fundamentos serão firmes; a sua altura de sessenta côvados, e a sua largura de sessenta côvados;</verse>
		<verse number="4">Com três carreiras de grandes pedras, e uma carreira de madeira nova; e a despesa se fará da casa do rei.</verse>
		<verse number="5">Além disso, os utensílios de ouro e de prata da casa de Deus, que Nabucodonosor transportou do templo que estava em Jerusalém, e levou para babilônia, serão restituídos, para que voltem ao seu lugar, ao templo que está em Jerusalém, e serão postos na casa de Deus.</verse>
		<verse number="6">Agora, pois, Tatenai, governador dalém do rio, Setar-Bozenai, e os seus companheiros, os afarsaquitas, que habitais dalém do rio, apartai-vos dali.</verse>
		<verse number="7">Deixai que se faça a obra desta casa de Deus; que o governador dos judeus e os seus anciãos reedifiquem esta casa de Deus no seu lugar.</verse>
		<verse number="8">Também por mim se decreta o que haveis de fazer com os anciãos dos judeus, para a reedificação desta casa de Deus, a saber: que da fazenda do rei, dos tributos dalém do rio se pague prontamente a despesa a estes homens, para que não interrompam a obra.</verse>
		<verse number="9">E o que for necessário, como bezerros, carneiros, e cordeiros, para holocaustos ao Deus dos céus, trigo, sal, vinho e azeite, segundo o rito dos sacerdotes que estão em Jerusalém, dê-se-lhes, de dia em dia, para que não haja falta.</verse>
		<verse number="10">Para que ofereçam sacrifícios de cheiro suave ao Deus dos céus, e orem pela vida do rei e de seus filhos.</verse>
		<verse number="11">Também por mim se decreta que todo o homem que mudar este decreto, se arrancará um madeiro da sua casa, e, levantado, o pendurarão nele, e da sua casa se fará por isso um monturo.</verse>
		<verse number="12">O Deus, pois, que fez habitar ali o seu nome derrube a todos os reis e povos que estenderem a sua mão para mudar o decreto e para destruir esta casa de Deus, que está em Jerusalém. Eu, Dario, baixei o decreto; com diligência se faça.</verse>
		<verse number="13">Então Tatenai, o governador dalém do rio, Setar-Bozenai e os seus companheiros, assim fizeram diligentemente, conforme ao que decretara o rei Dario.</verse>
		<verse number="14">E os anciãos dos judeus iam edificando e prosperando pela profecia do profeta Ageu, e de Zacarias, filho de Ido. E edificaram e terminaram a obra conforme ao mandado do Deus de Israel, e conforme ao decreto de Ciro e Dario, e de Artaxerxes, rei da Pérsia.</verse>
		<verse number="15">E acabou-se esta casa no terceiro dia do mês de Adar, no sexto ano do reinado do rei Dario.</verse>
		<verse number="16">E os filhos de Israel, os sacerdotes, os levitas, e o restante dos filhos do cativeiro, fizeram a dedicação desta casa de Deus com alegria.</verse>
		<verse number="17">E ofereceram para a dedicação desta casa de Deus cem novilhos, duzentos carneiros, quatrocentos cordeiros, e doze cabritos por expiação do pecado de todo o Israel; segundo o número das tribos de Israel.</verse>
		<verse number="18">E puseram os sacerdotes nas suas turmas e os levitas nas suas divisões, para o ministério de Deus, em Jerusalém, conforme ao que está escrito no livro de Moisés.</verse>
		<verse number="19">E os filhos do cativeiro celebraram a páscoa no dia catorze do primeiro mês.</verse>
		<verse number="20">Porque os sacerdotes e levitas se purificaram como se fossem um só homem, todos estavam limpos; e mataram o cordeiro da páscoa para todos os filhos do cativeiro, e para seus irmãos, os sacerdotes, e para si mesmos.</verse>
		<verse number="21">Assim comeram a páscoa os filhos de Israel que tinham voltado do cativeiro, com todos os que com eles se apartaram da imundícia dos gentios da terra, para buscarem o Senhor Deus de Israel;</verse>
		<verse number="22">E celebraram a festa dos pães ázimos por sete dias com alegria; porque o Senhor os tinha alegrado, e tinha mudado o coração do rei da Assíria a favor deles, para lhes fortalecer as mãos na obra da casa de Deus, o Deus de Israel.</verse>
	</chapter>
	<chapter number="7">
		<verse number="1">E passadas estas coisas no reinado de Artaxerxes, rei da Pérsia, Esdras, filho de Seraías, filho de Azarias, filho de Hilquias,</verse>
		<verse number="2">Filho de Salum, filho de Zadoque, filho de Aitube,</verse>
		<verse number="3">Filho de Amarias, filho de Azarias, filho de Meraiote,</verse>
		<verse number="4">Filho de Zeraquias, filho de Uzi, filho de Buqui,</verse>
		<verse number="5">Filho de Abisua, filho de Finéias, filho de Eleazar, filho de Arão, o sumo sacerdote;</verse>
		<verse number="6">Este Esdras subiu de babilônia; e era escriba hábil na lei de Moisés, que o SENHOR Deus de Israel tinha dado; e, segundo a mão do SENHOR seu Deus, que estava sobre ele, o rei lhe deu tudo quanto lhe pedira.</verse>
		<verse number="7">Também subiram a Jerusalém alguns dos filhos de Israel, dos sacerdotes, dos levitas, dos cantores, dos porteiros e dos servidores do templo, no sétimo ano do rei Artaxerxes.</verse>
		<verse number="8">E no quinto mês chegou a Jerusalém, no sétimo ano deste rei.</verse>
		<verse number="9">Pois no primeiro dia do primeiro mês foi o princípio da partida de babilônia; e no primeiro dia do quinto mês chegou a Jerusalém, segundo a boa mão do seu Deus sobre ele.</verse>
		<verse number="10">Porque Esdras tinha preparado o seu coração para buscar a lei do Senhor e para cumpri-la e para ensinar em Israel os seus estatutos e os seus juízos.</verse>
		<verse number="11">Esta é, pois, a cópia da carta que o rei Artaxerxes deu ao sacerdote Esdras, o escriba das palavras dos mandamentos do Senhor, e dos seus estatutos sobre Israel:</verse>
		<verse number="12">Artaxerxes, rei dos reis, ao sacerdote Esdras, escriba da lei do Deus do céu, paz perfeita, em tal tempo.</verse>
		<verse number="13">Por mim se decreta que no meu reino todo aquele do povo de Israel, e dos seus sacerdotes e levitas, que quiser ir contigo a Jerusalém, vá.</verse>
		<verse number="14">Porquanto és enviado da parte do rei e dos seus sete conselheiros para fazeres inquirição a respeito de Judá e de Jerusalém, conforme à lei do teu Deus, que está na tua mão;</verse>
		<verse number="15">E para levares a prata e o ouro que o rei e os seus conselheiros voluntariamente deram ao Deus de Israel, cuja habitação está em Jerusalém;</verse>
		<verse number="16">E toda a prata e o ouro que achares em toda a província de babilônia, com as ofertas voluntárias do povo e dos sacerdotes, que voluntariamente oferecerem, para a casa de seu Deus, que está em Jerusalém.</verse>
		<verse number="17">Portanto diligentemente comprarás com este dinheiro novilhos, carneiros, cordeiros, com as suas ofertas de alimentos, e as suas libações, e as oferecerás sobre o altar da casa de vosso Deus, que está em Jerusalém.</verse>
		<verse number="18">Também o que a ti e a teus irmãos bem parecer fazerdes do restante da prata e do ouro, o fareis conforme a vontade do vosso Deus.</verse>
		<verse number="19">E os utensílios que te foram dados para o serviço da casa de teu Deus, restitui-os perante o Deus de Jerusalém.</verse>
		<verse number="20">E tudo mais que for necessário para a casa de teu Deus, que te convenha dar, dá-lo-ás da casa dos tesouros do rei.</verse>
		<verse number="21">E por mim mesmo, o rei Artaxerxes, se decreta a todos os tesoureiros que estão dalém do rio que tudo quanto vos pedir o sacerdote Esdras, escriba da lei do Deus dos céus, prontamente se faça.</verse>
		<verse number="22">Até cem talentos de prata, e até cem coros de trigo, e até cem batos de vinho, e até cem batos de azeite; e sal à vontade.</verse>
		<verse number="23">Tudo quanto se ordenar, segundo o mandado do Deus do céu, prontamente se faça para a casa do Deus dos céus; pois, para que haveria grande ira sobre o reino do rei e de seus filhos?</verse>
		<verse number="24">Também vos fazemos saber acerca de todos os sacerdotes e levitas, cantores, porteiros, servidores do templo e ministros desta casa de Deus, que não será lícito impor-lhes, nem tributo, nem contribuição, nem renda.</verse>
		<verse number="25">E tu, Esdras, conforme a sabedoria do teu Deus, que possues, nomeia magistrados e juízes, que julguem a todo o povo que está dalém do rio, a todos os que sabem as leis do teu Deus; e ao que não as sabe, lhe ensinarás.</verse>
		<verse number="26">E todo aquele que não observar a lei do teu Deus e a lei do rei, seja julgado prontamente; quer seja morte, quer desterro, quer multa sobre os seus bens, quer prisão.</verse>
		<verse number="27">Bendito seja o Senhor Deus de nossos pais, que tal inspirou ao coração do rei, para ornar a casa do Senhor, que está em Jerusalém.</verse>
		<verse number="28">E que estendeu para mim a sua benignidade perante o rei e os seus conselheiros e todos os príncipes poderosos do rei. Assim me animei, segundo a mão do Senhor meu Deus sobre mim, e ajuntei dentre Israel alguns chefes para subirem comigo.</verse>
	</chapter>
	<chapter number="8">
		<verse number="1">Estes, pois, são os chefes das casas paternas e esta a genealogia dos que subiram comigo de babilônia no reinado do rei Artaxerxes:</verse>
		<verse number="2">Dos filhos de Finéias, Gérson; dos filhos de Itamar, Daniel; dos filhos de Davi, Hatus;</verse>
		<verse number="3">Dos filhos de Secanias, e dos filhos de Parós, Zacarias, e com ele, segundo a genealogia, se contaram até cento e cinqüenta homens.</verse>
		<verse number="4">Dos filhos de Paate-Moabe, Elioenai, filho de Zacarias, e com ele duzentos homens.</verse>
		<verse number="5">Dos filhos de Secanias, o filho de Jeaziel, e com ele trezentos homens.</verse>
		<verse number="6">E dos filhos de Adim, Ebede, filho de Jônatas, e com ele cinqüenta homens.</verse>
		<verse number="7">E dos filhos de Elão, Jesaías, filho de Atalias, e com ele setenta homens.</verse>
		<verse number="8">E dos filhos de Sefatias, Zebadias, filho de Micael, e com ele oitenta homens.</verse>
		<verse number="9">Dos filhos de Joabe, Obadias, filho de Jeiel, e com ele duzentos e dezoito homens.</verse>
		<verse number="10">E dos filhos de Selomite, o filho de Josifias, e com ele cento e sessenta homens.</verse>
		<verse number="11">E dos filhos de Bebai, Zacarias, o filho de Bebai, e com ele vinte e oito homens.</verse>
		<verse number="12">E dos filhos de Azgade, Joanã, o filho de Hacatã, e com ele cento e dez homens.</verse>
		<verse number="13">E dos últimos filhos de Adonicão, cujos nomes eram estes: Elifelete, Jeiel e Semaías, e com eles sessenta homens.</verse>
		<verse number="14">E dos filhos de Bigvai, Utai e Zabude, e com eles setenta homens.</verse>
		<verse number="15">E ajuntei-os perto do rio que vai a Aava, e ficamos ali acampados três dias. Então atentei para o povo e para os sacerdotes, e não achei ali nenhum dos filhos de Levi.</verse>
		<verse number="16">Enviei, pois, Eliezer, Ariel, Semaías, Elnatã, Jaribe, Elnatã, Natã, Zacarias e Mesulão, os chefes; como também a Joiaribe, e a Elnatã, que eram entendidos.</verse>
		<verse number="17">E enviei-os com mandado a Ido, chefe em Casifia; e falei a eles o que deveriam dizer a Ido e aos seus irmãos, servidores do templo, em Casifia, que nos trouxessem ministros para a casa do nosso Deus.</verse>
		<verse number="18">E trouxeram-nos, segundo a boa mão de Deus sobre nós, um homem entendido, dos filhos de Mali, filho de Levi, filho de Israel, a saber: Serebias, com os seus filhos e irmãos, dezoito;</verse>
		<verse number="19">E a Hasabias, e com ele Jesaías, dos filhos de Merari, com seus irmãos e os filhos deles, vinte;</verse>
		<verse number="20">E dos servidores do templo que Davi e os príncipes deram para o ministério dos levitas, duzentos e vinte servidores do templo; que foram todos mencionados por seus nomes.</verse>
		<verse number="21">Então apregoei ali um jejum junto ao rio Aava, para nos humilharmos diante da face de nosso Deus, para lhe pedirmos caminho seguro para nós, para nossos filhos e para todos os nossos bens.</verse>
		<verse number="22">Porque tive vergonha de pedir ao rei exército e cavaleiros para nos defenderem do inimigo pelo caminho; porquanto tínhamos falado ao rei, dizendo: A mão do nosso Deus é sobre todos os que o buscam, para o bem deles; mas o seu poder e a sua ira contra todos os que o deixam.</verse>
		<verse number="23">Nós, pois, jejuamos, e pedimos isto ao nosso Deus, e moveu-se pelas nossas orações.</verse>
		<verse number="24">Então separei doze dos chefes dos sacerdotes: Serebias, Hasabias, e com eles dez dos seus irmãos.</verse>
		<verse number="25">E pesei-lhes a prata, o ouro e os vasos; que eram a oferta para a casa de nosso Deus, que ofereceram o rei, os seus conselheiros, os seus príncipes e todo o Israel que ali se achou.</verse>
		<verse number="26">E pesei em suas mãos seiscentos e cinqüenta talentos de prata, e em vasos de prata cem talentos, e cem talentos de ouro,</verse>
		<verse number="27">E vinte bacias de ouro, de mil dracmas, e dois vasos de bom metal lustroso, tão precioso como ouro.</verse>
		<verse number="28">E disse-lhes: Vós sois santos ao Senhor, e são santos estes utensílios, como também esta prata e este ouro, oferta voluntária, oferecida ao Senhor Deus de vossos pais.</verse>
		<verse number="29">Vigiai, pois, e guardai-os até que os peseis na presença dos chefes dos sacerdotes e dos levitas, e dos chefes dos pais de Israel, em Jerusalém, nas câmaras da casa do Senhor.</verse>
		<verse number="30">Então os sacerdotes e os levitas receberam o peso da prata, do ouro e dos utensílios, para os trazerem a Jerusalém, à casa de nosso Deus.</verse>
		<verse number="31">E partimos do rio Aava, no dia doze do primeiro mês, para irmos a Jerusalém; e a mão do nosso Deus estava sobre nós, e livrou-nos da mão dos inimigos, e dos que nos armavam ciladas pelo caminho.</verse>
		<verse number="32">E chegamos a Jerusalém, e repousamos ali três dias.</verse>
		<verse number="33">E no quarto dia se pesou a prata, o ouro e os utensílios, na casa do nosso Deus, por mão de Meremote, filho do sacerdote Urias; e com ele Eleazar, filho de Finéias, e com eles Jozabade, filho de Jesuá, e Noadias, filho de Binui, levitas.</verse>
		<verse number="34">Tudo foi contado e pesado; e todo o peso foi registrado na mesma ocasião.</verse>
		<verse number="35">E os exilados, que vieram do cativeiro, ofereceram holocaustos ao Deus de Israel: doze novilhos por todo o Israel, noventa e seis carneiros, setenta e sete cordeiros, e doze bodes em sacrifício pelo pecado; tudo em holocausto ao Senhor.</verse>
		<verse number="36">Então deram as ordens do rei aos seus sátrapas, e aos governadores dalém do rio; e estes ajudaram o povo e a casa de Deus.</verse>
	</chapter>
	<chapter number="9">
		<verse number="1">Acabadas, pois, estas coisas, chegaram-se a mim os príncipes, dizendo: O povo de Israel, os sacerdotes e os levitas, não se têm separado dos povos destas terras, seguindo as abominações dos cananeus, dos heteus, dos perizeus, dos jebuseus, dos amonitas, dos moabitas, dos egípcios, e dos amorreus.</verse>
		<verse number="2">Porque tomaram das suas filhas para si e para seus filhos, e assim se misturou a linhagem santa com os povos dessas terras; e até os príncipes e magistrados foram os primeiros nesta transgressão.</verse>
		<verse number="3">E, ouvindo eu tal coisa, rasguei as minhas vestes e o meu manto, e arranquei os cabelos da minha cabeça e da minha barba, e sentei-me atônito.</verse>
		<verse number="4">Então se ajuntaram a mim todos os que tremiam das palavras do Deus de Israel por causa da transgressão dos do cativeiro; porém eu permaneci sentado atônito até ao sacrifício da tarde.</verse>
		<verse number="5">E perto do sacrifício da tarde me levantei da minha aflição, havendo já rasgado as minhas vestes e o meu manto, e me pus de joelhos, e estendi as minhas mãos para o Senhor meu Deus;</verse>
		<verse number="6">E disse: Meu Deus! Estou confuso e envergonhado, para levantar a ti a minha face, meu Deus; porque as nossas iniqüidades se multiplicaram sobre a nossa cabeça, e a nossa culpa tem crescido até aos céus.</verse>
		<verse number="7">Desde os dias de nossos pais até ao dia de hoje estamos em grande culpa, e por causa das nossas iniqüidades somos entregues, nós e nossos reis e os nossos sacerdotes, na mão dos reis das terras, à espada, ao cativeiro, e ao roubo, e à confusão do rosto, como hoje se vê.</verse>
		<verse number="8">E agora, por um pequeno momento, se manifestou a graça da parte do Senhor, nosso Deus, para nos deixar alguns que escapem, e para dar-nos uma estaca no seu santo lugar; para nos iluminar os olhos, ó Deus nosso, e para nos dar um pouco de vida na nossa servidão.</verse>
		<verse number="9">Porque somos servos; porém na nossa servidão não nos desamparou o nosso Deus; antes estendeu sobre nós a sua benignidade perante os reis da Pérsia, para que nos desse vida, para levantarmos a casa do nosso Deus, e para restaurarmos as suas assolações; e para que nos desse uma parede de proteção em Judá e em Jerusalém.</verse>
		<verse number="10">Agora, pois, ó nosso Deus, que diremos depois disto? Pois deixamos os teus mandamentos,</verse>
		<verse number="11">Os quais mandaste pelo ministério de teus servos, os profetas, dizendo: A terra em que entrais para a possuir, terra imunda é pelas imundícias dos povos das terras, pelas suas abominações com que, na sua corrupção a encheram, de uma extremidade à outra.</verse>
		<verse number="12">Agora, pois, vossas filhas não dareis a seus filhos, e suas filhas não tomareis para vossos filhos, e nunca procurareis a sua paz e o seu bem; para que sejais fortes, e comais o bem da terra, e a deixeis por herança a vossos filhos para sempre.</verse>
		<verse number="13">E depois de tudo o que nos tem sucedido por causa das nossas más obras, e da nossa grande culpa, porquanto tu, ó nosso Deus, impediste que fôssemos destruídos, por causa da nossa iniqüidade, e ainda nos deste um remanescente como este;</verse>
		<verse number="14">Tornaremos, pois, agora a violar os teus mandamentos e a aparentar-nos com os povos destas abominações? Não te indignarias tu assim contra nós até de todo nos consumir, até que não ficasse remanescente nem quem escapasse?</verse>
		<verse number="15">Ah! Senhor Deus de Israel, justo és, pois ficamos qual um remanescente que escapou, como hoje se vê; eis que estamos diante de ti, na nossa culpa, porque ninguém há que possa estar na tua presença, por causa disto.</verse>
	</chapter>
	<chapter number="10">
		<verse number="1">E enquanto Esdras orava, e fazia confissão, chorando e prostrando-se diante da casa de Deus, ajuntou-se a ele, de Israel, uma grande congregação de homens, mulheres e crianças; pois o povo chorava com grande choro.</verse>
		<verse number="2">Então Secanias, filho de Jeiel, um dos filhos de Elão, tomou a palavra e disse a Esdras: Nós temos transgredido contra o nosso Deus, e casamos com mulheres estrangeiras dentre os povos da terra, mas, no tocante a isto, ainda há esperança para Israel.</verse>
		<verse number="3">Agora, pois, façamos aliança com o nosso Deus de que despediremos todas as mulheres, e os que delas são nascidos, conforme ao conselho do meu senhor, e dos que tremem ao mandado do nosso Deus; e faça-se conforme a lei.</verse>
		<verse number="4">Levanta-te, pois, porque te pertence este negócio, e nós seremos contigo; esforça-te, e age.</verse>
		<verse number="5">Então Esdras se levantou, e ajuramentou os chefes dos sacerdotes e dos levitas, e a todo o Israel, de que fariam conforme a esta palavra; e eles juraram.</verse>
		<verse number="6">E Esdras se levantou de diante da casa de Deus, e entrou na câmara de Joanã, filho de Eliasibe; e, chegando lá, não comeu pão, e nem bebeu água; porque lamentava pela transgressão dos do cativeiro.</verse>
		<verse number="7">E fizeram passar pregão por Judá e Jerusalém, a todos os que vieram do cativeiro, para que se ajuntassem em Jerusalém.</verse>
		<verse number="8">E que todo aquele que em três dias não viesse, segundo o conselho dos príncipes e dos anciãos, toda a sua fazenda se poria em interdito, e ele seria separado da congregação dos do cativeiro.</verse>
		<verse number="9">Então todos os homens de Judá e Benjamim em três dias se ajuntaram em Jerusalém; era o nono mês, aos vinte dias do mês; e todo o povo se assentou na praça da casa de Deus, tremendo por este negócio e por causa das grandes chuvas.</verse>
		<verse number="10">Então se levantou Esdras, o sacerdote, e disse-lhes: Vós tendes transgredido, e casastes com mulheres estrangeiras, aumentando a culpa de Israel.</verse>
		<verse number="11">Agora, pois, fazei confissão ao Senhor Deus de vossos pais, e fazei a sua vontade; e apartai-vos dos povos das terras, e das mulheres estrangeiras.</verse>
		<verse number="12">E respondeu toda a congregação, e disse em altas vozes: Assim seja, conforme às tuas palavras nos convém fazer.</verse>
		<verse number="13">Porém o povo é muito, e também é tempo de grandes chuvas, e não se pode estar aqui fora; nem é obra de um dia nem de dois, porque somos muitos os que transgredimos neste negócio.</verse>
		<verse number="14">Ora, ponham-se os nossos líderes, por toda a congregação sobre este negócio; e todos os que em nossas cidades casaram com mulheres estrangeiras venham em tempos apontados, e com eles os anciãos de cada cidade, e os seus juízes, até que desviemos de nós o ardor da ira do nosso Deus, por esta causa.</verse>
		<verse number="15">Porém, somente Jônatas, filho de Asael, e Jaseías, filho de Ticva, se opuseram a isto; e Mesulão, e Sabetai, levita, os ajudaram.</verse>
		<verse number="16">E assim o fizeram os que voltaram do cativeiro; e o sacerdote Esdras e os homens, chefes dos pais, segundo a casa de seus pais, e todos pelos seus nomes, foram apontados; e assentaram-se no primeiro dia do décimo mês, para inquirirem neste negócio.</verse>
		<verse number="17">E no primeiro dia do primeiro mês acabaram de tratar com todos os homens que casaram com mulheres estrangeiras.</verse>
		<verse number="18">E acharam-se dos filhos dos sacerdotes que casaram com mulheres estrangeiras: Dos filhos de Jesuá, filho de Jozadaque, e seus irmãos, Maaséias, e Eliezer, e Jaribe, e Gedalias.</verse>
		<verse number="19">E deram as suas mãos prometendo que despediriam suas mulheres; e, achando-se culpados, ofereceram um carneiro do rebanho pelo seu delito.</verse>
		<verse number="20">E dos filhos de Imer: Hanani e Zebadias.</verse>
		<verse number="21">E dos filhos de Harim: Maaséias, Elias, Semaías, Jeiel e Uzias.</verse>
		<verse number="22">E dos filhos de Pasur: Elioenai, Maaséias, Ismael, Netanel, Jozabade e Eleasa.</verse>
		<verse number="23">E dos levitas: Jozabade, Simei, Quelaías (este é Quelita), Petaías, Judá e Eliezer.</verse>
		<verse number="24">E dos cantores: Eliasibe; e dos porteiros: Salum, Telém e Uri.</verse>
		<verse number="25">E de Israel, dos filhos de Parós: Ramias, Jezias, Malquias, Miamim, Eleazar, Malquias e Benaia.</verse>
		<verse number="26">E dos filhos de Elão: Matanias, Zacarias, Jeiel, Abdi, Jeremote e Elias.</verse>
		<verse number="27">E dos filhos de Zatu: Elioenai, Eliasibe, Matanias, Jeremote, Zabade e Aziza.</verse>
		<verse number="28">E dos filhos de Bebai: Joanã, Hananias, Zabai e Atlai.</verse>
		<verse number="29">E dos filhos de Bani: Mesulão, Maluque, Adaías, Jasube, Seal, Jeremote.</verse>
		<verse number="30">E dos filhos de Paate-Moabe: Adna, Quelal, Benaia, Maséias, Matanias, Bezalel, Binui e Manassés.</verse>
		<verse number="31">E dos filhos de Harim: Eliezer, Josias, Malquias, Semaías, Simeão,</verse>
		<verse number="32">Benjamim, Maluque, Semarias.</verse>
		<verse number="33">Dos filhos de Hasum: Matenai, Matatá, Zabade, Elifelete, Jeremai, Manassés e Simei.</verse>
		<verse number="34">Dos filhos de Bani: Maadai, Anrão, e Uel,</verse>
		<verse number="35">Benaia, Bedias, Queluí,</verse>
		<verse number="36">Vanias, Meremote, Eliasibe,</verse>
		<verse number="37">Matanias, Matnai e Jaasai,</verse>
		<verse number="38">E Bani, Binui, Simei,</verse>
		<verse number="39">E Selemias, Natã e Adaías,</verse>
		<verse number="40">Macnadbai, Sasai, Sarai,</verse>
		<verse number="41">Azareel, Selemias, Semarias,</verse>
		<verse number="42">Salum, Amarias e José.</verse>
		<verse number="43">Dos filhos de Nebo: Jeiel, Matitias, Zabade, Zebina, Jadai, Joel e Benaia.</verse>
		<verse number="44">Todos estes tomaram mulheres estrangeiras; e alguns deles tinham mulheres de quem tiveram filhos.</verse>
	</chapter>
</book>