﻿<?xml version="1.0" encoding="UTF-8"?>
<book name="2ª João" abbrev="2jo" chapters="1">
	<chapter number="1">
		<verse number="1">O ancião à senhora eleita, e a seus filhos, aos quais amo na verdade, e não somente eu, mas também todos os que têm conhecido a verdade,</verse>
		<verse number="2">Por amor da verdade que está em nós, e para sempre estará conosco:</verse>
		<verse number="3">Graça, misericórdia e paz, da parte de Deus Pai e da do Senhor Jesus Cristo, o Filho do Pai, seja convosco na verdade e amor.</verse>
		<verse number="4">Muito me alegro por achar que alguns de teus filhos andam na verdade, assim como temos recebido o mandamento do Pai.</verse>
		<verse number="5">E agora, senhora, rogo-te, não como escrevendo-te um novo mandamento, mas aquele mesmo que desde o princípio tivemos: que nos amemos uns aos outros.</verse>
		<verse number="6">E o amor é este: que andemos segundo os seus mandamentos. Este é o mandamento, como já desde o princípio ouvistes, que andeis nele.</verse>
		<verse number="7">Porque já muitos enganadores entraram no mundo, os quais não confessam que Jesus Cristo veio em carne. Este tal é o enganador e o anticristo.</verse>
		<verse number="8">Olhai por vós mesmos, para que não percamos o que temos ganho, antes recebamos o inteiro galardão.</verse>
		<verse number="9">Todo aquele que prevarica, e não persevera na doutrina de Cristo, não tem a Deus. Quem persevera na doutrina de Cristo, esse tem tanto ao Pai como ao Filho.</verse>
		<verse number="10">Se alguém vem ter convosco, e não traz esta doutrina, não o recebais em casa, nem tampouco o saudeis.</verse>
		<verse number="11">Porque quem o saúda tem parte nas suas más obras.</verse>
		<verse number="12">Tendo muito que escrever-vos, não quis fazê-lo com papel e tinta; mas espero ir ter convosco e falar face a face, para que o nosso gozo seja cumprido.</verse>
		<verse number="13">Saúdam-te os filhos de tua irmã, a eleita. Amém.</verse>
	</chapter>
</book>