<?xml version="1.0"?>
<!DOCTYPE hibernate-mapping PUBLIC
	"-//Hibernate/Hibernate Mapping DTD 3.0//EN"
	"http://hibernate.sourceforge.net/hibernate-mapping-3.0.dtd">
	<hibernate-mapping package="uk.co.sleonard.unison.datahandling.DAO">
	<class name="Location" table="LOCATION">
		<meta attribute="class-description">
			The real world location of an IP address
		</meta>
		<cache usage="read-write"/>
		<id name="id" type="int" column="LOCATION_ID"
			unsaved-value="0">
			<meta attribute="scope-set">protected</meta>
			<generator class="native" />
		</id>

		<property name="City" type="string" not-null="false"
			column="CITY" />

		<property name="Country" type="string" not-null="false"
			column="COUNTRY" />

		<property name="CountryCode" type="string" not-null="false"
			column="COUNTRYCODE" />

		<property name="Guessed" type="boolean" not-null="false"
			column="GUESSED" />
		<list name="posters" lazy="false" inverse="true"
			table="LOCATION_USENETUSER">
			<key column="LOCATION_ID" />
			<index column="USENETUSER_ID" />
			<one-to-many
				class="uk.co.sleonard.unison.datahandling.DAO.UsenetUser" />
		</list>

		<list name="IpAddresses" lazy="false" inverse="true"
			table="LOCATION_IP">
			<key column="LOCATION_ID" />
			<index column="IP_ID" />
			<one-to-many
				class="uk.co.sleonard.unison.datahandling.DAO.IpAddress" />
		</list>
	</class>
	<query
		name="uk.co.sleonard.unison.datahandling.DAO.Location.findByKey">
		<![CDATA[ from uk.co.sleonard.unison.datahandling.DAO.Location as l 
	          where l.City = :key
	          ]]>
	</query>
</hibernate-mapping>
