<?xml version="1.0"?>
<!DOCTYPE hibernate-mapping PUBLIC
	"-//Hibernate/Hibernate Mapping DTD 3.0//EN"
	"http://hibernate.sourceforge.net/hibernate-mapping-3.0.dtd">
<hibernate-mapping package="uk.co.sleonard.unison.datahandling.DAO">
	<class name="Message" table="MESSAGE">
		<meta attribute="class-description">Represents a message</meta>
		<cache usage="read-write" />
		<id name="id" type="int" column="MESSAGE_ID"
			unsaved-value="0">
			<meta attribute="scope-set">protected</meta>
			<generator class="native" />
		</id>
		<property name="DateCreated" type="date" not-null="true"
			column="DateCreated" />

		<property name="UsenetMessageID" type="string" not-null="true"
			column="UsenetMessageID" />

		<property name="Subject" type="string" not-null="true"
			column="subject" />
		<many-to-one name="poster" column="USENETUSER_ID"
			class="uk.co.sleonard.unison.datahandling.DAO.UsenetUser"
			lazy="false" not-null="false" />
		<many-to-one name="topic" column="TOPIC_ID"
			class="uk.co.sleonard.unison.datahandling.DAO.Topic" not-null="false" />
		<set name="newsgroups" table="NEWSGROUP_MESSAGE"
			cascade="all">
			<key column="MESSAGE_ID" />
			<many-to-many
				class="uk.co.sleonard.unison.datahandling.DAO.NewsGroup"
				column="NEWSGROUP_ID" />
		</set>
		<property name="referencedMessages" type="string" not-null="false"
			column="referencedMessages" />
		<property name="MessageBody" type="binary" not-null="false"
			column="MessageBody" />

	</class>
	<query
		name="uk.co.sleonard.unison.datahandling.DAO.Message.findByKey">
		<![CDATA[ from uk.co.sleonard.unison.datahandling.DAO.Message as t
	          where t.UsenetMessageID = :key
	          ]]>
	</query>
</hibernate-mapping>