<?xml version="1.0"?>
<!DOCTYPE hibernate-mapping PUBLIC
	"-//Hibernate/Hibernate Mapping DTD 3.0//EN"
	"http://hibernate.sourceforge.net/hibernate-mapping-3.0.dtd">
<hibernate-mapping package="uk.co.sleonard.unison.datahandling.DAO">
	<class name="Topic" table="TOPIC">
		<meta attribute="class-description">
			Represents a message thread
		</meta>
		<cache usage="read-write" />
		<id name="id" type="int" column="TOPIC_ID" unsaved-value="0">
			<meta attribute="scope-set">protected</meta>
			<generator class="native" />
		</id>

		<property name="subject" type="string" not-null="true"
			column="subject" />

		<set name="newsgroups" table="NEWSGROUP_TOPIC" cascade="all">
			<key column="TOPIC_ID" />
			<many-to-many
				class="uk.co.sleonard.unison.datahandling.DAO.NewsGroup"
				column="NEWSGROUP_ID" lazy="false" />
		</set>

		<!--
			<cache usage="nonstrict-read-write" />
		-->
	</class>
	<query
		name="uk.co.sleonard.unison.datahandling.DAO.Topic.findByKey">
		<![CDATA[ from uk.co.sleonard.unison.datahandling.DAO.Topic as tt
	          where tt.subject = :key
	          ]]>
	</query>
</hibernate-mapping>