<?xml version="1.0"?>
<!DOCTYPE hibernate-mapping PUBLIC
	"-//Hibernate/Hibernate Mapping DTD 3.0//EN"
	"http://hibernate.sourceforge.net/hibernate-mapping-3.0.dtd">
<hibernate-mapping package="uk.co.sleonard.unison.datahandling.DAO">
	<class name="UsenetUser" table="USENETUSER">
		<meta attribute="class-description">
			Represents a poster to a news group
		</meta>
		<cache usage="read-write"/>
		<id name="id" type="int" column="USENETUSER_ID"
			unsaved-value="0">
			<meta attribute="scope-set">protected</meta>
			<generator class="native" />
		</id>
		<property name="name" type="string" not-null="true"
			column="name" />
		<property name="email" type="string" not-null="true"
			column="email" />
		<property name="ipaddress" type="string" not-null="true"
			column="ipaddress" />
		<property name="gender" type="string" not-null="false"
			column="gender" />
		<many-to-one name="location" column="LOCATION_ID"
			class="uk.co.sleonard.unison.datahandling.DAO.Location"
			not-null="false" />
	</class>
	<query
		name="uk.co.sleonard.unison.datahandling.DAO.UsenetUser.findByKey">
		<![CDATA[ from uk.co.sleonard.unison.datahandling.DAO.UsenetUser as g
	          where g.email = :key
	          ]]>
	</query>
</hibernate-mapping>