name,link
katygregg,https://github.com/katygregg
erstearns,https://github.com/erstearns
eyesofbambi,https://github.com/eyesofbambi
mdsumner,https://github.com/mdsumner
rsbivand,https://github.com/rsbivand
marcosci,https://github.com/marcosci
pat-s,https://github.com/pat-s
gisma,https://github.com/gisma
ateucher,https://github.com/ateucher
annakrystalli,https://github.com/annakrystalli
gavinsimpson,https://github.com/gavinsimpson
Himanshuteli,https://github.com/Himanshuteli
yutannihilation,https://github.com/yutannihilation
katiejolly,https://github.com/katiejolly
layik,https://github.com/layik
mvl22,https://github.com/mvl22
nickbearman,https://github.com/nickbearman
richfitz,https://github.com/richfitz
SymbolixAU,https://github.com/SymbolixAU
wdearden,https://github.com/wdearden
yihui,https://github.com/yihui
chihinl,https://github.com/chihinl
gregor-d,https://github.com/gregor-d
p-kono,https://github.com/p-kono
pokyah,https://github.com/pokyah
schuetzingit,https://github.com/schuetzingit
tim-salabim,https://github.com/tim-salabim
