package,published,title,depends_count,suggests_count,tidyverse_happy,has_vignette_build,has_tests,reverse_count,dl_last_month,ci,test_coverage,forks,stars,watchers,last_commit,last_issue_closed,contributors
cartography,2018-09-18,Thematic Cartography,1,4,FALSE,TRUE,FALSE,0,2113,Travis,NONE,25,199,21,0.9666666666666667,0.5666666666666667,12
ggplot2,2018-07-03,Create Elegant Data Visualisations Using the Grammar of Graphics,1,19,TRUE,TRUE,TRUE,1398,726683,"Travis, Appveyor",CodeCov,1276,3412,327,0.16666666666666666,0,158
googleway,2018-09-17,Accesses Google Maps APIs to Retrieve Data and Plot Maps,1,3,TRUE,TRUE,TRUE,1,2377,Travis,CodeCov,24,116,10,0.6333333333333333,0.6333333333333333,3
ggspatial,2018-07-12,Spatial Data Framework for ggplot2,2,10,TRUE,TRUE,TRUE,0,647,Travis,CodeCov,7,128,12,0.4,3.466666666666667,2
leaflet,2018-08-27,"Create Interactive Web Maps with the JavaScript 'Leaflet'
Library",1,10,TRUE,FALSE,TRUE,40,37987,Travis,NONE,329,496,99,1.4333333333333333,0.16666666666666666,21
mapview,2018-09-16,Interactive Viewing of Spatial Data in R,2,6,FALSE,FALSE,TRUE,4,15118,Travis,CodeCov,40,184,36,0.6666666666666666,0,10
plotly,2018-07-20,Create Interactive Web Graphics via 'plotly.js',2,22,TRUE,FALSE,TRUE,80,89696,Travis,NONE,487,1357,120,0.16666666666666666,NA,23
rasterVis,2018-06-02,Visualization Methods for Raster Data,4,4,FALSE,FALSE,FALSE,11,7237,Travis,NONE,12,41,6,NA,5.566666666666666,13
tmap,2018-08-09,Thematic Maps,2,11,FALSE,TRUE,TRUE,1,11214,"Travis, Appveyor",CodeCov,45,270,23,0.13333333333333333,0.03333333333333333,15
