package,published,title,depends_count,suggests_count,tidyverse_happy,has_vignette_build,has_tests,reverse_count,dl_last_month,ci,test_coverage,forks,stars,watchers,last_commit,last_issue_closed,contributors
cartogram,2018-06-21,Create Cartograms with R,NA,2,FALSE,FALSE,FALSE,0,2922,Travis,NONE,8,66,5,4.133333333333334,2,1
geogrid,2018-08-19,Turn Geospatial Polygons into Regular or Hexagonal Grids,NA,3,FALSE,FALSE,TRUE,1,631,Travis,CodeCov,20,264,17,0.8333333333333334,1.8,6
geofacet,2018-03-29,'ggplot2' Faceting Utilities for Geographical Data,1,6,TRUE,TRUE,TRUE,0,582,NA,NA,NA,NA,NA,NA,NA,NA
globe,2017-05-12,"Plot 2D and 3D Views of the Earth, Including Major Coastline",3,NA,NA,FALSE,FALSE,0,296,NA,NA,NA,NA,NA,NA,NA,NA
linemap,2017-09-15,Line Maps,1,NA,FALSE,FALSE,FALSE,0,298,NA,NA,NA,NA,NA,NA,NA,NA
