[{"task": "cross_validate", "score": 0.238661911788004, "learner_name": "LinearRegression", "model_params": "{\"copy_X\": true, \"normalize\": false, \"fit_intercept\": true}", "timestamp": "22 Jun 2014 18:14:05", "min_feature_count": 1, "feature_scaling": "both", "grid_score": 0.0, "grid_search": false, "fold": 1, "experiment_name": "Wine", "version": "0.24.0", "test_set_name": "cv", "result_table": "", "train_set_name": "train", "featureset": "[\"features.csv\"]", "pearson": 0.49086854057329821, "descriptive": {"actual": {"std": 0.89953711082104371, "max": 8.0, "avg": 5.9040816326530612, "min": 3.0}, "predicted": {"std": 0.4622955842366876, "max": 7.1047728899927876, "avg": 5.8663614977987297, "min": 4.5948117674717341}}, "grid_objective": "r2", "accuracy": ""}, {"task": "cross_validate", "score": 0.2757399039787406, "learner_name": "LinearRegression", "model_params": "{\"copy_X\": true, \"normalize\": false, \"fit_intercept\": true}", "timestamp": "22 Jun 2014 18:14:05", "min_feature_count": 1, "feature_scaling": "both", "grid_score": 0.0, "grid_search": false, "fold": 2, "experiment_name": "Wine", "version": "0.24.0", "test_set_name": "cv", "result_table": "", "train_set_name": "train", "featureset": "[\"features.csv\"]", "pearson": 0.52696817131570561, "descriptive": {"actual": {"std": 0.90285308335803571, "max": 8.0, "avg": 5.8530612244897959, "min": 3.0}, "predicted": {"std": 0.46811974752931612, "max": 7.2557094370200819, "avg": 5.8922460876806344, "min": 4.2047528016903826}}, "grid_objective": "r2", "accuracy": ""}, {"task": "cross_validate", "score": 0.2502074494035571, "learner_name": "LinearRegression", "model_params": "{\"copy_X\": true, \"normalize\": false, \"fit_intercept\": true}", "timestamp": "22 Jun 2014 18:14:05", "min_feature_count": 1, "feature_scaling": "both", "grid_score": 0.0, "grid_search": false, "fold": 3, "experiment_name": "Wine", "version": "0.24.0", "test_set_name": "cv", "result_table": "", "train_set_name": "train", "featureset": "[\"features.csv\"]", "pearson": 0.50436955375380643, "descriptive": {"actual": {"std": 0.90306756598718851, "max": 9.0, "avg": 5.83469387755102, "min": 3.0}, "predicted": {"std": 0.49481306780038609, "max": 7.1995289981071586, "avg": 5.877853917652013, "min": 3.7521089388132847}}, "grid_objective": "r2", "accuracy": ""}, {"task": "cross_validate", "score": 0.2568209604984506, "learner_name": "LinearRegression", "model_params": "{\"copy_X\": true, \"normalize\": false, \"fit_intercept\": true}", "timestamp": "22 Jun 2014 18:14:05", "min_feature_count": 1, "feature_scaling": "both", "grid_score": 0.0, "grid_search": false, "fold": 4, "experiment_name": "Wine", "version": "0.24.0", "test_set_name": "cv", "result_table": "", "train_set_name": "train", "featureset": "[\"features.csv\"]", "pearson": 0.51225875562271672, "descriptive": {"actual": {"std": 0.87047216072117073, "max": 8.0, "avg": 5.9408163265306122, "min": 3.0}, "predicted": {"std": 0.44577827309535378, "max": 7.0118919462181957, "avg": 5.8757456920476319, "min": 3.9019421189669026}}, "grid_objective": "r2", "accuracy": ""}, {"task": "cross_validate", "score": 0.23486734763112138, "learner_name": "LinearRegression", "model_params": "{\"copy_X\": true, \"normalize\": false, \"fit_intercept\": true}", "timestamp": "22 Jun 2014 18:14:05", "min_feature_count": 1, "feature_scaling": "both", "grid_score": 0.0, "grid_search": false, "fold": 5, "experiment_name": "Wine", "version": "0.24.0", "test_set_name": "cv", "result_table": "", "train_set_name": "train", "featureset": "[\"features.csv\"]", "pearson": 0.48962408905905902, "descriptive": {"actual": {"std": 0.8347312999943971, "max": 9.0, "avg": 5.8530612244897959, "min": 3.0}, "predicted": {"std": 0.45670182566669637, "max": 7.1706568118518703, "avg": 5.8860105987745648, "min": 4.2585933776046527}}, "grid_objective": "r2", "accuracy": ""}, {"task": "cross_validate", "score": 0.27048448255254887, "learner_name": "LinearRegression", "model_params": "{\"copy_X\": true, \"normalize\": false, \"fit_intercept\": true}", "timestamp": "22 Jun 2014 18:14:05", "min_feature_count": 1, "feature_scaling": "both", "grid_score": 0.0, "grid_search": false, "fold": 6, "experiment_name": "Wine", "version": "0.24.0", "test_set_name": "cv", "result_table": "", "train_set_name": "train", "featureset": "[\"features.csv\"]", "pearson": 0.52208485235939717, "descriptive": {"actual": {"std": 0.91709889725078608, "max": 8.0, "avg": 5.8510204081632651, "min": 3.0}, "predicted": {"std": 0.51449255268123029, "max": 7.013783120225848, "avg": 5.8729870947851541, "min": 1.4292765125189018}}, "grid_objective": "r2", "accuracy": ""}, {"task": "cross_validate", "score": 0.29440629068567714, "learner_name": "LinearRegression", "model_params": "{\"copy_X\": true, \"normalize\": false, \"fit_intercept\": true}", "timestamp": "22 Jun 2014 18:14:05", "min_feature_count": 1, "feature_scaling": "both", "grid_score": 0.0, "grid_search": false, "fold": 7, "experiment_name": "Wine", "version": "0.24.0", "test_set_name": "cv", "result_table": "", "train_set_name": "train", "featureset": "[\"features.csv\"]", "pearson": 0.54292955132695475, "descriptive": {"actual": {"std": 0.88939328092990899, "max": 9.0, "avg": 5.8285714285714283, "min": 3.0}, "predicted": {"std": 0.47585380042043973, "max": 7.1901768794333556, "avg": 5.8440743096249372, "min": 4.5505384635166521}}, "grid_objective": "r2", "accuracy": ""}, {"task": "cross_validate", "score": 0.23034115694032342, "learner_name": "LinearRegression", "model_params": "{\"copy_X\": true, \"normalize\": false, \"fit_intercept\": true}", "timestamp": "22 Jun 2014 18:14:05", "min_feature_count": 1, "feature_scaling": "both", "grid_score": 0.0, "grid_search": false, "fold": 8, "experiment_name": "Wine", "version": "0.24.0", "test_set_name": "cv", "result_table": "", "train_set_name": "train", "featureset": "[\"features.csv\"]", "pearson": 0.48560257699226111, "descriptive": {"actual": {"std": 0.85773788870160339, "max": 8.0, "avg": 5.9285714285714288, "min": 3.0}, "predicted": {"std": 0.45993147665003381, "max": 7.0456506036851039, "avg": 5.8823239941600054, "min": 4.6146264930245531}}, "grid_objective": "r2", "accuracy": ""}, {"task": "cross_validate", "score": 0.35452130420684003, "learner_name": "LinearRegression", "model_params": "{\"copy_X\": true, \"normalize\": false, \"fit_intercept\": true}", "timestamp": "22 Jun 2014 18:14:05", "min_feature_count": 1, "feature_scaling": "both", "grid_score": 0.0, "grid_search": false, "fold": 9, "experiment_name": "Wine", "version": "0.24.0", "test_set_name": "cv", "result_table": "", "train_set_name": "train", "featureset": "[\"features.csv\"]", "pearson": 0.60245150323526364, "descriptive": {"actual": {"std": 0.89987450852241091, "max": 8.0, "avg": 5.8568507157464209, "min": 3.0}, "predicted": {"std": 0.47472968027271029, "max": 7.1020412495852607, "avg": 5.9046070262387396, "min": 4.2317953188937913}}, "grid_objective": "r2", "accuracy": ""}, {"task": "cross_validate", "score": 0.31417571676382205, "learner_name": "LinearRegression", "model_params": "{\"copy_X\": true, \"normalize\": false, \"fit_intercept\": true}", "timestamp": "22 Jun 2014 18:14:05", "min_feature_count": 1, "feature_scaling": "both", "grid_score": 0.0, "grid_search": false, "fold": 10, "experiment_name": "Wine", "version": "0.24.0", "test_set_name": "cv", "result_table": "", "train_set_name": "train", "featureset": "[\"features.csv\"]", "pearson": 0.56429026130670357, "descriptive": {"actual": {"std": 0.86808310497807972, "max": 9.0, "avg": 5.9284253578732109, "min": 3.0}, "predicted": {"std": 0.47219160632020085, "max": 6.895743845329231, "avg": 5.8746745873136987, "min": 4.1182694103435242}}, "grid_objective": "r2", "accuracy": ""}, {"task": "cross_validate", "score": 0.27202265244490853, "learner_name": "LinearRegression", "timestamp": "22 Jun 2014 18:14:05", "min_feature_count": 1, "feature_scaling": "both", "grid_search": false, "fold": "average", "experiment_name": "Wine", "version": "0.24.0", "test_set_name": "cv", "train_set_name": "train", "featureset": "[\"features.csv\"]", "pearson": 0.5241447855545166, "grid_objective": "r2"}]