[{"task": "cross_validate", "score": 0.49561332129893509, "learner_name": "GradientBoostingRegressor", "model_params": "{\"loss\": \"ls\", \"verbose\": 0, \"subsample\": 1.0, \"learning_rate\": 0.1, \"min_samples_leaf\": 1, \"n_estimators\": 500, \"min_samples_split\": 2, \"init\": null, \"random_state\": 123456789, \"max_features\": null, \"alpha\": 0.9, \"max_depth\": 3}", "timestamp": "22 Jun 2014 18:14:10", "min_feature_count": 1, "feature_scaling": "both", "grid_score": 0.0, "grid_search": false, "fold": 1, "experiment_name": "Wine", "version": "0.24.0", "test_set_name": "cv", "result_table": "", "train_set_name": "train", "featureset": "[\"features.csv\"]", "pearson": 0.70543731400728804, "descriptive": {"actual": {"std": 0.89953711082104371, "max": 8.0, "avg": 5.9040816326530612, "min": 3.0}, "predicted": {"std": 0.63203789840000091, "max": 7.5823993690548512, "avg": 5.8636466884749883, "min": 4.1420555958775989}}, "grid_objective": "r2", "accuracy": ""}, {"task": "cross_validate", "score": 0.43053072362561107, "learner_name": "GradientBoostingRegressor", "model_params": "{\"loss\": \"ls\", \"verbose\": 0, \"subsample\": 1.0, \"learning_rate\": 0.1, \"min_samples_leaf\": 1, \"n_estimators\": 500, \"min_samples_split\": 2, \"init\": null, \"random_state\": 123456789, \"max_features\": null, \"alpha\": 0.9, \"max_depth\": 3}", "timestamp": "22 Jun 2014 18:14:10", "min_feature_count": 1, "feature_scaling": "both", "grid_score": 0.0, "grid_search": false, "fold": 2, "experiment_name": "Wine", "version": "0.24.0", "test_set_name": "cv", "result_table": "", "train_set_name": "train", "featureset": "[\"features.csv\"]", "pearson": 0.65778516361131789, "descriptive": {"actual": {"std": 0.90285308335803571, "max": 8.0, "avg": 5.8530612244897959, "min": 3.0}, "predicted": {"std": 0.61385092869286662, "max": 7.3981948597391725, "avg": 5.889862618308344, "min": 2.8173910843270873}}, "grid_objective": "r2", "accuracy": ""}, {"task": "cross_validate", "score": 0.39819049774037785, "learner_name": "GradientBoostingRegressor", "model_params": "{\"loss\": \"ls\", \"verbose\": 0, \"subsample\": 1.0, \"learning_rate\": 0.1, \"min_samples_leaf\": 1, \"n_estimators\": 500, \"min_samples_split\": 2, \"init\": null, \"random_state\": 123456789, \"max_features\": null, \"alpha\": 0.9, \"max_depth\": 3}", "timestamp": "22 Jun 2014 18:14:10", "min_feature_count": 1, "feature_scaling": "both", "grid_score": 0.0, "grid_search": false, "fold": 3, "experiment_name": "Wine", "version": "0.24.0", "test_set_name": "cv", "result_table": "", "train_set_name": "train", "featureset": "[\"features.csv\"]", "pearson": 0.63221720103658474, "descriptive": {"actual": {"std": 0.90306756598718851, "max": 9.0, "avg": 5.83469387755102, "min": 3.0}, "predicted": {"std": 0.59951281914789389, "max": 7.6456828399086527, "avg": 5.8550210777383036, "min": 3.8061052268889131}}, "grid_objective": "r2", "accuracy": ""}, {"task": "cross_validate", "score": 0.4203491281528754, "learner_name": "GradientBoostingRegressor", "model_params": "{\"loss\": \"ls\", \"verbose\": 0, \"subsample\": 1.0, \"learning_rate\": 0.1, \"min_samples_leaf\": 1, \"n_estimators\": 500, \"min_samples_split\": 2, \"init\": null, \"random_state\": 123456789, \"max_features\": null, \"alpha\": 0.9, \"max_depth\": 3}", "timestamp": "22 Jun 2014 18:14:10", "min_feature_count": 1, "feature_scaling": "both", "grid_score": 0.0, "grid_search": false, "fold": 4, "experiment_name": "Wine", "version": "0.24.0", "test_set_name": "cv", "result_table": "", "train_set_name": "train", "featureset": "[\"features.csv\"]", "pearson": 0.65036809186335087, "descriptive": {"actual": {"std": 0.87047216072117073, "max": 8.0, "avg": 5.9408163265306122, "min": 3.0}, "predicted": {"std": 0.59953346136057017, "max": 7.7169383125368389, "avg": 5.9112109333876877, "min": 3.517050523722594}}, "grid_objective": "r2", "accuracy": ""}, {"task": "cross_validate", "score": 0.43170941274055707, "learner_name": "GradientBoostingRegressor", "model_params": "{\"loss\": \"ls\", \"verbose\": 0, \"subsample\": 1.0, \"learning_rate\": 0.1, \"min_samples_leaf\": 1, \"n_estimators\": 500, \"min_samples_split\": 2, \"init\": null, \"random_state\": 123456789, \"max_features\": null, \"alpha\": 0.9, \"max_depth\": 3}", "timestamp": "22 Jun 2014 18:14:10", "min_feature_count": 1, "feature_scaling": "both", "grid_score": 0.0, "grid_search": false, "fold": 5, "experiment_name": "Wine", "version": "0.24.0", "test_set_name": "cv", "result_table": "", "train_set_name": "train", "featureset": "[\"features.csv\"]", "pearson": 0.65856942217774073, "descriptive": {"actual": {"std": 0.8347312999943971, "max": 9.0, "avg": 5.8530612244897959, "min": 3.0}, "predicted": {"std": 0.5688409914286382, "max": 7.7350561962212501, "avg": 5.8851741771565056, "min": 4.3014354593702979}}, "grid_objective": "r2", "accuracy": ""}, {"task": "cross_validate", "score": 0.44456275230935449, "learner_name": "GradientBoostingRegressor", "model_params": "{\"loss\": \"ls\", \"verbose\": 0, \"subsample\": 1.0, \"learning_rate\": 0.1, \"min_samples_leaf\": 1, \"n_estimators\": 500, \"min_samples_split\": 2, \"init\": null, \"random_state\": 123456789, \"max_features\": null, \"alpha\": 0.9, \"max_depth\": 3}", "timestamp": "22 Jun 2014 18:14:10", "min_feature_count": 1, "feature_scaling": "both", "grid_score": 0.0, "grid_search": false, "fold": 6, "experiment_name": "Wine", "version": "0.24.0", "test_set_name": "cv", "result_table": "", "train_set_name": "train", "featureset": "[\"features.csv\"]", "pearson": 0.66741475205740419, "descriptive": {"actual": {"std": 0.91709889725078608, "max": 8.0, "avg": 5.8510204081632651, "min": 3.0}, "predicted": {"std": 0.60180033637034269, "max": 7.639917527452349, "avg": 5.8762019010149409, "min": 4.2888339653932288}}, "grid_objective": "r2", "accuracy": ""}, {"task": "cross_validate", "score": 0.48937059658144466, "learner_name": "GradientBoostingRegressor", "model_params": "{\"loss\": \"ls\", \"verbose\": 0, \"subsample\": 1.0, \"learning_rate\": 0.1, \"min_samples_leaf\": 1, \"n_estimators\": 500, \"min_samples_split\": 2, \"init\": null, \"random_state\": 123456789, \"max_features\": null, \"alpha\": 0.9, \"max_depth\": 3}", "timestamp": "22 Jun 2014 18:14:10", "min_feature_count": 1, "feature_scaling": "both", "grid_score": 0.0, "grid_search": false, "fold": 7, "experiment_name": "Wine", "version": "0.24.0", "test_set_name": "cv", "result_table": "", "train_set_name": "train", "featureset": "[\"features.csv\"]", "pearson": 0.69989604345373302, "descriptive": {"actual": {"std": 0.88939328092990899, "max": 9.0, "avg": 5.8285714285714283, "min": 3.0}, "predicted": {"std": 0.62883685000075273, "max": 7.7385472742573684, "avg": 5.8470749845700798, "min": 3.9709207468372707}}, "grid_objective": "r2", "accuracy": ""}, {"task": "cross_validate", "score": 0.4120641119327203, "learner_name": "GradientBoostingRegressor", "model_params": "{\"loss\": \"ls\", \"verbose\": 0, \"subsample\": 1.0, \"learning_rate\": 0.1, \"min_samples_leaf\": 1, \"n_estimators\": 500, \"min_samples_split\": 2, \"init\": null, \"random_state\": 123456789, \"max_features\": null, \"alpha\": 0.9, \"max_depth\": 3}", "timestamp": "22 Jun 2014 18:14:10", "min_feature_count": 1, "feature_scaling": "both", "grid_score": 0.0, "grid_search": false, "fold": 8, "experiment_name": "Wine", "version": "0.24.0", "test_set_name": "cv", "result_table": "", "train_set_name": "train", "featureset": "[\"features.csv\"]", "pearson": 0.64309884727988387, "descriptive": {"actual": {"std": 0.85773788870160339, "max": 8.0, "avg": 5.9285714285714288, "min": 3.0}, "predicted": {"std": 0.58472992234521615, "max": 7.6833488075370395, "avg": 5.9246346155127192, "min": 4.5384766119354349}}, "grid_objective": "r2", "accuracy": ""}, {"task": "cross_validate", "score": 0.43805878055761838, "learner_name": "GradientBoostingRegressor", "model_params": "{\"loss\": \"ls\", \"verbose\": 0, \"subsample\": 1.0, \"learning_rate\": 0.1, \"min_samples_leaf\": 1, \"n_estimators\": 500, \"min_samples_split\": 2, \"init\": null, \"random_state\": 123456789, \"max_features\": null, \"alpha\": 0.9, \"max_depth\": 3}", "timestamp": "22 Jun 2014 18:14:10", "min_feature_count": 1, "feature_scaling": "both", "grid_score": 0.0, "grid_search": false, "fold": 9, "experiment_name": "Wine", "version": "0.24.0", "test_set_name": "cv", "result_table": "", "train_set_name": "train", "featureset": "[\"features.csv\"]", "pearson": 0.66385942538358211, "descriptive": {"actual": {"std": 0.89987450852241091, "max": 8.0, "avg": 5.8568507157464209, "min": 3.0}, "predicted": {"std": 0.58853770181023146, "max": 7.7901070773759251, "avg": 5.9023258243980177, "min": 4.3223742831719356}}, "grid_objective": "r2", "accuracy": ""}, {"task": "cross_validate", "score": 0.40011887261321566, "learner_name": "GradientBoostingRegressor", "model_params": "{\"loss\": \"ls\", \"verbose\": 0, \"subsample\": 1.0, \"learning_rate\": 0.1, \"min_samples_leaf\": 1, \"n_estimators\": 500, \"min_samples_split\": 2, \"init\": null, \"random_state\": 123456789, \"max_features\": null, \"alpha\": 0.9, \"max_depth\": 3}", "timestamp": "22 Jun 2014 18:14:10", "min_feature_count": 1, "feature_scaling": "both", "grid_score": 0.0, "grid_search": false, "fold": 10, "experiment_name": "Wine", "version": "0.24.0", "test_set_name": "cv", "result_table": "", "train_set_name": "train", "featureset": "[\"features.csv\"]", "pearson": 0.64093234515542896, "descriptive": {"actual": {"std": 0.86808310497807972, "max": 9.0, "avg": 5.9284253578732109, "min": 3.0}, "predicted": {"std": 0.60321713949040578, "max": 7.778992503097232, "avg": 5.8519324697364112, "min": 3.7350706391264481}}, "grid_objective": "r2", "accuracy": ""}, {"task": "cross_validate", "score": 0.436056819755271, "learner_name": "GradientBoostingRegressor", "timestamp": "22 Jun 2014 18:14:10", "min_feature_count": 1, "feature_scaling": "both", "grid_search": false, "fold": "average", "experiment_name": "Wine", "version": "0.24.0", "test_set_name": "cv", "train_set_name": "train", "featureset": "[\"features.csv\"]", "pearson": 0.6619578606026314, "grid_objective": "r2"}]