[{"task": "cross_validate", "score": 0.60162101368636001, "learner_name": "RandomForestRegressor", "model_params": "{\"oob_score\": false, \"n_jobs\": 1, \"verbose\": 0, \"min_density\": null, \"compute_importances\": null, \"bootstrap\": true, \"min_samples_leaf\": 1, \"n_estimators\": 500, \"min_samples_split\": 2, \"random_state\": 123456789, \"criterion\": \"mse\", \"max_features\": \"auto\", \"max_depth\": null}", "timestamp": "22 Jun 2014 18:17:17", "min_feature_count": 1, "feature_scaling": "both", "grid_score": 0.0, "grid_search": false, "fold": 1, "experiment_name": "Wine", "version": "0.24.0", "test_set_name": "cv", "result_table": "", "train_set_name": "train", "featureset": "[\"features.csv\"]", "pearson": 0.77763258306307548, "descriptive": {"actual": {"std": 0.89953711082104371, "max": 8.0, "avg": 5.9040816326530612, "min": 3.0}, "predicted": {"std": 0.64950420792962094, "max": 7.9660000000000002, "avg": 5.9031020408163233, "min": 4.3639999999999999}}, "grid_objective": "r2", "accuracy": ""}, {"task": "cross_validate", "score": 0.55785954750761224, "learner_name": "RandomForestRegressor", "model_params": "{\"oob_score\": false, \"n_jobs\": 1, \"verbose\": 0, \"min_density\": null, \"compute_importances\": null, \"bootstrap\": true, \"min_samples_leaf\": 1, \"n_estimators\": 500, \"min_samples_split\": 2, \"random_state\": 123456789, \"criterion\": \"mse\", \"max_features\": \"auto\", \"max_depth\": null}", "timestamp": "22 Jun 2014 18:17:17", "min_feature_count": 1, "feature_scaling": "both", "grid_score": 0.0, "grid_search": false, "fold": 2, "experiment_name": "Wine", "version": "0.24.0", "test_set_name": "cv", "result_table": "", "train_set_name": "train", "featureset": "[\"features.csv\"]", "pearson": 0.7520058870034787, "descriptive": {"actual": {"std": 0.90285308335803571, "max": 8.0, "avg": 5.8530612244897959, "min": 3.0}, "predicted": {"std": 0.62731827725214084, "max": 7.798, "avg": 5.9128326530612227, "min": 4.4400000000000004}}, "grid_objective": "r2", "accuracy": ""}, {"task": "cross_validate", "score": 0.49458954266657795, "learner_name": "RandomForestRegressor", "model_params": "{\"oob_score\": false, \"n_jobs\": 1, \"verbose\": 0, \"min_density\": null, \"compute_importances\": null, \"bootstrap\": true, \"min_samples_leaf\": 1, \"n_estimators\": 500, \"min_samples_split\": 2, \"random_state\": 123456789, \"criterion\": \"mse\", \"max_features\": \"auto\", \"max_depth\": null}", "timestamp": "22 Jun 2014 18:17:17", "min_feature_count": 1, "feature_scaling": "both", "grid_score": 0.0, "grid_search": false, "fold": 3, "experiment_name": "Wine", "version": "0.24.0", "test_set_name": "cv", "result_table": "", "train_set_name": "train", "featureset": "[\"features.csv\"]", "pearson": 0.7038612113166165, "descriptive": {"actual": {"std": 0.90306756598718851, "max": 9.0, "avg": 5.83469387755102, "min": 3.0}, "predicted": {"std": 0.61886101633109891, "max": 7.7460000000000004, "avg": 5.8546040816326563, "min": 4.29}}, "grid_objective": "r2", "accuracy": ""}, {"task": "cross_validate", "score": 0.53491190607324701, "learner_name": "RandomForestRegressor", "model_params": "{\"oob_score\": false, \"n_jobs\": 1, \"verbose\": 0, \"min_density\": null, \"compute_importances\": null, \"bootstrap\": true, \"min_samples_leaf\": 1, \"n_estimators\": 500, \"min_samples_split\": 2, \"random_state\": 123456789, \"criterion\": \"mse\", \"max_features\": \"auto\", \"max_depth\": null}", "timestamp": "22 Jun 2014 18:17:17", "min_feature_count": 1, "feature_scaling": "both", "grid_score": 0.0, "grid_search": false, "fold": 4, "experiment_name": "Wine", "version": "0.24.0", "test_set_name": "cv", "result_table": "", "train_set_name": "train", "featureset": "[\"features.csv\"]", "pearson": 0.73321782256470747, "descriptive": {"actual": {"std": 0.87047216072117073, "max": 8.0, "avg": 5.9408163265306122, "min": 3.0}, "predicted": {"std": 0.59624313900985582, "max": 8.0, "avg": 5.9241142857142881, "min": 4.3140000000000001}}, "grid_objective": "r2", "accuracy": ""}, {"task": "cross_validate", "score": 0.53650120433244042, "learner_name": "RandomForestRegressor", "model_params": "{\"oob_score\": false, \"n_jobs\": 1, \"verbose\": 0, \"min_density\": null, \"compute_importances\": null, \"bootstrap\": true, \"min_samples_leaf\": 1, \"n_estimators\": 500, \"min_samples_split\": 2, \"random_state\": 123456789, \"criterion\": \"mse\", \"max_features\": \"auto\", \"max_depth\": null}", "timestamp": "22 Jun 2014 18:17:17", "min_feature_count": 1, "feature_scaling": "both", "grid_score": 0.0, "grid_search": false, "fold": 5, "experiment_name": "Wine", "version": "0.24.0", "test_set_name": "cv", "result_table": "", "train_set_name": "train", "featureset": "[\"features.csv\"]", "pearson": 0.7346145456457388, "descriptive": {"actual": {"std": 0.8347312999943971, "max": 9.0, "avg": 5.8530612244897959, "min": 3.0}, "predicted": {"std": 0.58551483491670675, "max": 7.6180000000000003, "avg": 5.8909183673469352, "min": 4.258}}, "grid_objective": "r2", "accuracy": ""}, {"task": "cross_validate", "score": 0.57276498640692042, "learner_name": "RandomForestRegressor", "model_params": "{\"oob_score\": false, \"n_jobs\": 1, \"verbose\": 0, \"min_density\": null, \"compute_importances\": null, \"bootstrap\": true, \"min_samples_leaf\": 1, \"n_estimators\": 500, \"min_samples_split\": 2, \"random_state\": 123456789, \"criterion\": \"mse\", \"max_features\": \"auto\", \"max_depth\": null}", "timestamp": "22 Jun 2014 18:17:17", "min_feature_count": 1, "feature_scaling": "both", "grid_score": 0.0, "grid_search": false, "fold": 6, "experiment_name": "Wine", "version": "0.24.0", "test_set_name": "cv", "result_table": "", "train_set_name": "train", "featureset": "[\"features.csv\"]", "pearson": 0.75964526514861763, "descriptive": {"actual": {"std": 0.91709889725078608, "max": 8.0, "avg": 5.8510204081632651, "min": 3.0}, "predicted": {"std": 0.64064925092222313, "max": 7.6319999999999997, "avg": 5.8728122448979567, "min": 4.2679999999999998}}, "grid_objective": "r2", "accuracy": ""}, {"task": "cross_validate", "score": 0.58903339525283971, "learner_name": "RandomForestRegressor", "model_params": "{\"oob_score\": false, \"n_jobs\": 1, \"verbose\": 0, \"min_density\": null, \"compute_importances\": null, \"bootstrap\": true, \"min_samples_leaf\": 1, \"n_estimators\": 500, \"min_samples_split\": 2, \"random_state\": 123456789, \"criterion\": \"mse\", \"max_features\": \"auto\", \"max_depth\": null}", "timestamp": "22 Jun 2014 18:17:17", "min_feature_count": 1, "feature_scaling": "both", "grid_score": 0.0, "grid_search": false, "fold": 7, "experiment_name": "Wine", "version": "0.24.0", "test_set_name": "cv", "result_table": "", "train_set_name": "train", "featureset": "[\"features.csv\"]", "pearson": 0.7718632130021964, "descriptive": {"actual": {"std": 0.88939328092990899, "max": 9.0, "avg": 5.8285714285714283, "min": 3.0}, "predicted": {"std": 0.63279643505099192, "max": 7.9980000000000002, "avg": 5.878048979591842, "min": 4.2220000000000004}}, "grid_objective": "r2", "accuracy": ""}, {"task": "cross_validate", "score": 0.51574859361997183, "learner_name": "RandomForestRegressor", "model_params": "{\"oob_score\": false, \"n_jobs\": 1, \"verbose\": 0, \"min_density\": null, \"compute_importances\": null, \"bootstrap\": true, \"min_samples_leaf\": 1, \"n_estimators\": 500, \"min_samples_split\": 2, \"random_state\": 123456789, \"criterion\": \"mse\", \"max_features\": \"auto\", \"max_depth\": null}", "timestamp": "22 Jun 2014 18:17:17", "min_feature_count": 1, "feature_scaling": "both", "grid_score": 0.0, "grid_search": false, "fold": 8, "experiment_name": "Wine", "version": "0.24.0", "test_set_name": "cv", "result_table": "", "train_set_name": "train", "featureset": "[\"features.csv\"]", "pearson": 0.71859716501685145, "descriptive": {"actual": {"std": 0.85773788870160339, "max": 8.0, "avg": 5.9285714285714288, "min": 3.0}, "predicted": {"std": 0.59907225961890265, "max": 8.0, "avg": 5.9156571428571461, "min": 4.2999999999999998}}, "grid_objective": "r2", "accuracy": ""}, {"task": "cross_validate", "score": 0.55594649280601871, "learner_name": "RandomForestRegressor", "model_params": "{\"oob_score\": false, \"n_jobs\": 1, \"verbose\": 0, \"min_density\": null, \"compute_importances\": null, \"bootstrap\": true, \"min_samples_leaf\": 1, \"n_estimators\": 500, \"min_samples_split\": 2, \"random_state\": 123456789, \"criterion\": \"mse\", \"max_features\": \"auto\", \"max_depth\": null}", "timestamp": "22 Jun 2014 18:17:17", "min_feature_count": 1, "feature_scaling": "both", "grid_score": 0.0, "grid_search": false, "fold": 9, "experiment_name": "Wine", "version": "0.24.0", "test_set_name": "cv", "result_table": "", "train_set_name": "train", "featureset": "[\"features.csv\"]", "pearson": 0.74883160961885631, "descriptive": {"actual": {"std": 0.89987450852241091, "max": 8.0, "avg": 5.8568507157464209, "min": 3.0}, "predicted": {"std": 0.61887014335116297, "max": 7.9820000000000002, "avg": 5.8862699386503028, "min": 4.3360000000000003}}, "grid_objective": "r2", "accuracy": ""}, {"task": "cross_validate", "score": 0.51304825636813267, "learner_name": "RandomForestRegressor", "model_params": "{\"oob_score\": false, \"n_jobs\": 1, \"verbose\": 0, \"min_density\": null, \"compute_importances\": null, \"bootstrap\": true, \"min_samples_leaf\": 1, \"n_estimators\": 500, \"min_samples_split\": 2, \"random_state\": 123456789, \"criterion\": \"mse\", \"max_features\": \"auto\", \"max_depth\": null}", "timestamp": "22 Jun 2014 18:17:17", "min_feature_count": 1, "feature_scaling": "both", "grid_score": 0.0, "grid_search": false, "fold": 10, "experiment_name": "Wine", "version": "0.24.0", "test_set_name": "cv", "result_table": "", "train_set_name": "train", "featureset": "[\"features.csv\"]", "pearson": 0.71833591295329391, "descriptive": {"actual": {"std": 0.86808310497807972, "max": 9.0, "avg": 5.9284253578732109, "min": 3.0}, "predicted": {"std": 0.60125815054976828, "max": 7.5899999999999999, "avg": 5.8868179959100235, "min": 4.29}}, "grid_objective": "r2", "accuracy": ""}, {"task": "cross_validate", "score": 0.54720249387201203, "learner_name": "RandomForestRegressor", "timestamp": "22 Jun 2014 18:17:17", "min_feature_count": 1, "feature_scaling": "both", "grid_search": false, "fold": "average", "experiment_name": "Wine", "version": "0.24.0", "test_set_name": "cv", "train_set_name": "train", "featureset": "[\"features.csv\"]", "pearson": 0.7418605215333434, "grid_objective": "r2"}]