﻿<?xml version="1.0" encoding="UTF-8"?>
<book name="Filemom" abbrev="fm" chapters="1">
	<chapter number="1">
		<verse number="1">Paulo, prisioneiro de Cristo Jesus, e o irmão Timóteo, a você, Filemom, nosso amado cooperador,</verse>
		<verse number="2">à irmã Áfia, a Arquipo, nosso companheiro de lutas, e à igreja que se reúne com você em sua casa.</verse>
		<verse number="3">A vocês, graça e paz da parte de Deus nosso Pai e do Senhor Jesus Cristo.</verse>
		<verse number="4">Sempre dou graças a meu Deus, lembrando-me de você nas minhas orações,</verse>
		<verse number="5">porque ouço falar da sua fé no Senhor Jesus e do seu amor por todos os santos.</verse>
		<verse number="6">Oro para que a comunhão que procede da sua fé seja eficaz no pleno conhecimento de todo o bem que temos em Cristo.</verse>
		<verse number="7">Seu amor me tem dado grande alegria e consolação, porque você, irmão, tem reanimado o coração dos santos.</verse>
		<verse number="8">Por isso, mesmo tendo em Cristo plena liberdade para mandar que você cumpra o seu dever,</verse>
		<verse number="9">prefiro fazer um apelo com base no amor. Eu, Paulo, já velho, e agora também prisioneiro de Cristo Jesus,</verse>
		<verse number="10">apelo em favor de meu filho Onésimo, que gerei enquanto estava preso.</verse>
		<verse number="11">Ele antes lhe era inútil, mas agora é útil, tanto para você quanto para mim.</verse>
		<verse number="12">Mando-o de volta a você, como se fosse o meu próprio coração.</verse>
		<verse number="13">Gostaria de mantê-lo comigo para que me ajudasse em seu lugar enquanto estou preso por causa do evangelho.</verse>
		<verse number="14">Mas não quis fazer nada sem a sua permissão, para que qualquer favor que você fizer seja espontâneo, e não forçado.</verse>
		<verse number="15">Talvez ele tenha sido separado de você por algum tempo, para que você o tivesse de volta para sempre,</verse>
		<verse number="16">não mais como escravo, mas, acima de escravo, como irmão amado. Para mim ele é um irmão muito amado, e ainda mais para você, tanto como pessoa quanto como cristão.</verse>
		<verse number="17">Assim, se você me considera companheiro na fé, receba-o como se estivesse recebendo a mim.</verse>
		<verse number="18">Se ele o prejudicou em algo ou lhe deve alguma coisa, ponha na minha conta.</verse>
		<verse number="19">Eu, Paulo, escrevo de próprio punho: Eu pagarei — para não dizer que você me deve a sua própria pessoa.</verse>
		<verse number="20">Sim, irmão, eu gostaria de receber de você algum benefício por estarmos no Senhor. Reanime o meu coração em Cristo!</verse>
		<verse number="21">Escrevo-lhe certo de que você me obedecerá, sabendo que fará ainda mais do lhe que peço.</verse>
		<verse number="22">Além disso, prepare-me um aposento, porque, graças às suas orações, espero poder ser restituído a vocês.</verse>
		<verse number="23">Epafras, meu companheiro de prisão por causa de Cristo Jesus, envia-lhe saudações,</verse>
		<verse number="24">assim como também Marcos, Aristarco, Demas e Lucas, meus cooperadores.</verse>
		<verse number="25">A graça do Senhor Jesus Cristo seja com o espírito de todos vocês.</verse>
	</chapter>
</book>