﻿<?xml version="1.0" encoding="UTF-8"?>
<book name="2ª Tessalonicenses" abbrev="2ts" chapters="3">
	<chapter number="1">
		<verse number="1">Paulo, Silvano e Timóteo, à igreja dos tessalonicenses, em Deus nosso Pai e no Senhor Jesus Cristo:</verse>
		<verse number="2">A vocês, graça e paz da parte de Deus Pai e do Senhor Jesus Cristo.</verse>
		<verse number="3">Irmãos, devemos sempre dar graças a Deus por vocês; e isso é apropriado, porque a fé que vocês têm cresce cada vez mais, e muito aumenta o amor que todos vocês têm uns pelos outros.</verse>
		<verse number="4">Por esta causa nos gloriamos em vocês entre as igrejas de Deus pela perseverança e fé que mostram em todas as perseguições e tribulações que vocês estão suportando.</verse>
		<verse number="5">Elas dão prova do justo juízo de Deus, que deseja que vocês sejam considerados dignos do seu Reino, pelo qual vocês também estão sofrendo.</verse>
		<verse number="6">É justo da parte de Deus retribuir com tribulação aos que lhes causam tribulação,</verse>
		<verse number="7">e dar alívio a vocês, que estão sendo atribulados, e a nós também. Isso acontecerá quando o Senhor Jesus for revelado lá do céu, com os seus anjos poderosos, em meio a chamas flamejantes.</verse>
		<verse number="8">Ele punirá os que não conhecem a Deus e os que não obedecem ao evangelho de nosso Senhor Jesus.</verse>
		<verse number="9">Eles sofrerão a pena de destruição eterna, a separação da presença do Senhor e da majestade do seu poder.</verse>
		<verse number="10">Isso acontecerá no dia em que ele vier para ser glorificado em seus santos e admirado em todos os que creram, inclusive vocês que creram em nosso testemunho.</verse>
		<verse number="11">Conscientes disso, oramos constantemente por vocês, para que o nosso Deus os faça dignos da vocação e, com poder, cumpra todo bom propósito e toda obra que procede da fé.</verse>
		<verse number="12">Assim o nome de nosso Senhor Jesus será glorificado em vocês, e vocês nele, segundo a graça de nosso Deus e do Senhor Jesus Cristo.</verse>
	</chapter>
	<chapter number="2">
		<verse number="1">Irmãos, quanto à vinda de nosso Senhor Jesus Cristo e à nossa reencontro com ele, rogamos a vocês</verse>
		<verse number="2">que não se deixem abalar nem alarmar tão facilmente, quer por profecia, quer por palavra, quer por carta supostamente vinda de nós, como se o dia do Senhor já tivesse chegado.</verse>
		<verse number="3">Não deixem que ninguém os engane de modo algum. Antes daquele dia virá a apostasia e, então, será revelado o homem do pecado, o filho da perdição.</verse>
		<verse number="4">Este se opõe e se exalta acima de tudo o que se chama Deus ou é objeto de adoração, a ponto de se assentar no santuário de Deus, proclamando que ele mesmo é Deus.</verse>
		<verse number="5">Não se lembram de que quando eu ainda estava com vocês costumava lhes falar essas coisas?</verse>
		<verse number="6">E agora vocês sabem o que o está detendo, para que ele seja revelado no seu devido tempo.</verse>
		<verse number="7">A verdade é que o mistério da iniqüidade já está em ação, restando apenas que seja afastado aquele que agora o detém.</verse>
		<verse number="8">Então será revelado o perverso, a quem o Senhor Jesus matará com o sopro de sua boca e destruirá pela manifestação de sua vinda.</verse>
		<verse number="9">A vinda desse perverso é segundo a ação de Satanás, com todo o poder, com sinais e com maravilhas enganadoras.</verse>
		<verse number="10">Ele fará uso de todas as formas de engano da injustiça para os que estão perecendo, porquanto rejeitaram o amor à verdade que os poderia salvar.</verse>
		<verse number="11">Por essa razão Deus lhes envia um poder sedutor, a fim de que creiam na mentira,</verse>
		<verse number="12">e sejam condenados todos os que não creram na verdade, mas tiveram prazer na injustiça.</verse>
		<verse number="13">Mas nós, devemos sempre dar graças a Deus por vocês, irmãos amados pelo Senhor, porque desde o princípio Deus os escolheu para serem salvos mediante a obra santificadora do Espírito e a fé na verdade.</verse>
		<verse number="14">Ele os chamou para isso por meio de nosso evangelho, a fim de tomarem posse da glória de nosso Senhor Jesus Cristo.</verse>
		<verse number="15">Portanto, irmãos, permaneçam firmes e apeguem-se às tradições que lhes foram ensinadas, quer de viva voz, quer por carta nossa.</verse>
		<verse number="16">Que o próprio Senhor Jesus Cristo e Deus nosso Pai, que nos amou e nos deu eterna consolação e boa esperança pela graça,</verse>
		<verse number="17">dê ânimo aos seus corações e os fortaleça para fazerem sempre o bem, tanto em atos como em palavras.</verse>
	</chapter>
	<chapter number="3">
		<verse number="1">Finalmente, irmãos, orem por nós, para que a palavra do Senhor se propague rapidamente e receba a hora merecida, como aconteceu entre vocês.</verse>
		<verse number="2">Orem também para que sejamos libertos dos homens perversos e maus, pois a fé não é de todos.</verse>
		<verse number="3">Mas o Senhor é fiel; ele os fortalecerá e os guardará do Maligno.</verse>
		<verse number="4">Confiamos no Senhor que vocês estão fazendo e continuarão a fazer as coisas que lhes ordenamos.</verse>
		<verse number="5">O Senhor conduza os seus corações ao amor de Deus e à perseverança de Cristo.</verse>
		<verse number="6">Irmãos, em nome do nosso Senhor Jesus Cristo nós lhes ordenamos que se afastem de todo irmão que vive ociosamente e não conforme a tradição que receberam de nós.</verse>
		<verse number="7">Pois vocês mesmos sabem como devem seguir o nosso exemplo, porque não vivemos ociosamente quando estivemos entre vocês,</verse>
		<verse number="8">nem comemos coisa alguma à custa de ninguém. Pelo contrário, trabalhamos arduamente e com fadiga, dia e noite, para não sermos pesados a nenhum de vocês,</verse>
		<verse number="9">não por que não tivéssemos tal direito, mas para que nos tornássemos um modelo para ser imitado por vocês.</verse>
		<verse number="10">Quando ainda estávamos com vocês, nós lhes ordenamos isto: se alguém não quiser trabalhar, também não coma.</verse>
		<verse number="11">Pois ouvimos que alguns de vocês estão ociosos; não trabalham, mas andam se intrometendo na vida alheia.</verse>
		<verse number="12">A tais pessoas ordenamos e exortamos no Senhor Jesus Cristo que trabalhem tranqüilamente e comam o seu próprio pão.</verse>
		<verse number="13">Quanto a vocês, irmãos, nunca se cansem de fazer o bem.</verse>
		<verse number="14">Se alguém não obedecer à nossa palavra por esta carta, marquem-no e não se associem com ele, para que se sinta envergonhado;</verse>
		<verse number="15">contudo, não o considerem como inimigo, mas chamem a atenção dele como irmão.</verse>
		<verse number="16">O próprio Senhor da paz lhes dê a paz em todo o tempo e de todas as formas. O Senhor seja com todos vocês.</verse>
		<verse number="17">Eu, Paulo, escrevo esta saudação de próprio punho, a qual é um sinal em todas as minhas cartas. É dessa forma que escrevo.</verse>
		<verse number="18">A graça de nosso Senhor Jesus Cristo seja com todos vocês.</verse>
	</chapter>
</book>