﻿<?xml version="1.0" encoding="UTF-8"?>
<book name="1ª Pedro" abbrev="1pe" chapters="5">
	<chapter number="1">
		<verse number="1">Pedro, apóstolo de Jesus Cristo, aos eleitos de Deus, peregrinos dispersos no Ponto, na Galácia, na Capadócia, na província da Ásia e na Bitínia,</verse>
		<verse number="2">escolhidos de acordo com a pré-conhecimento de Deus Pai, pela obra santificadora do Espírito, para a obediência a Jesus Cristo e a aspersão do seu sangue: Graça e paz lhes sejam multiplicadas.</verse>
		<verse number="3">Bendito seja o Deus e Pai de nosso Senhor Jesus Cristo! Conforme a sua grande misericórdia, ele nos regenerou para uma esperança viva, por meio da ressurreição de Jesus Cristo dentre os mortos,</verse>
		<verse number="4">para uma herança que jamais poderá perecer, macular-se ou perder o seu valor. Herança guardada nos céus para vocês</verse>
		<verse number="5">que, mediante a fé, são protegidos pelo poder de Deus até chegar a salvação prestes a ser revelada no último tempo.</verse>
		<verse number="6">Nisso vocês exultam, ainda que agora, por um pouco de tempo, devam ser entristecidos por todo tipo de provação.</verse>
		<verse number="7">Assim acontece para que fique comprovado que a fé que vocês têm, muito mais valiosa do que o ouro que perece, mesmo que refinado pelo fogo, é genuína e resultará em louvor, glória e honra, quando Jesus Cristo for revelado.</verse>
		<verse number="8">Mesmo não o tendo visto, vocês o amam; e apesar de não o verem agora, crêem nele e exultam com alegria indizível e gloriosa,</verse>
		<verse number="9">pois vocês estão alcançando o alvo da sua fé, a salvação das suas almas.</verse>
		<verse number="10">Foi a respeito dessa salvação que os profetas que falaram da graça destinada a vocês investigaram e examinaram,</verse>
		<verse number="11">procurando saber o tempo e as circunstâncias para os quais apontava o Espírito de Cristo que neles estava, quando lhes predisse os sofrimentos de Cristo e as glórias que se seguiriam àqueles sofrimentos.</verse>
		<verse number="12">A eles foi revelado que estavam ministrando, não para si próprios, mas para vocês, quando falaram das coisas que agora lhes foram anunciadas por meio daqueles que lhes pregaram o evangelho pelo Espírito Santo enviado do céu; coisas que até os anjos anseiam observar.</verse>
		<verse number="13">Portanto, estejam com a mente preparada, prontos para a ação; sejam sóbrios e coloquem toda a esperança na graça que lhes será dada quando Jesus Cristo for revelado.</verse>
		<verse number="14">Como filhos obedientes, não se deixem amoldar pelos maus desejos de outrora, quando viviam na ignorância.</verse>
		<verse number="15">Mas, assim como é santo aquele que os chamou, sejam santos vocês também em tudo o que fizerem,</verse>
		<verse number="16">pois está escrito: &quot;Sejam santos, porque eu sou santo&quot;.</verse>
		<verse number="17">Uma vez que vocês chamam Pai aquele que julga imparcialmente as obras de cada um, portem-se com temor durante a jornada terrena de vocês.</verse>
		<verse number="18">Pois vocês sabem que não foi por meio de coisas perecíveis como prata ou ouro que vocês foram redimidos da sua maneira vazia de viver que lhes foi transmitida por seus antepassados,</verse>
		<verse number="19">mas pelo precioso sangue de Cristo, como de um cordeiro sem mancha e sem defeito,</verse>
		<verse number="20">conhecido antes da criação do mundo, revelado nestes últimos tempos em favor de vocês.</verse>
		<verse number="21">Por meio dele vocês crêem em Deus, que o ressuscitou dentre os mortos e o glorificou, de modo que a fé e a esperança de vocês estão em Deus.</verse>
		<verse number="22">Agora que vocês purificaram as suas vidas pela obediência à verdade, visando ao amor fraternal e sincero, amem sinceramente uns aos outros e de todo o coração.</verse>
		<verse number="23">Pois vocês foram regenerados, não de uma semente perecível, mas imperecível, por meio da palavra de Deus, viva e permanente.</verse>
		<verse number="24">Pois, &quot;toda a humanidade é como a relva, e toda a sua glória, como a flor da relva; a relva murcha e cai a sua flor,</verse>
		<verse number="25">mas a palavra do Senhor permanece para sempre&quot;. Essa é a palavra que lhes foi anunciada.</verse>
	</chapter>
	<chapter number="2">
		<verse number="1">Livrem-se, pois, de toda maldade e de todo engano, hipocrisia, inveja e toda espécie de maledicência.</verse>
		<verse number="2">Como crianças recém-nascidas, desejem de coração o leite espiritual puro, para que por meio dele cresçam para a salvação,</verse>
		<verse number="3">agora que provaram que o Senhor é bom.</verse>
		<verse number="4">À medida que se aproximam dele, a pedra viva — rejeitada pelos homens, mas escolhida por Deus e preciosa para ele —</verse>
		<verse number="5">vocês também estão sendo utilizados como pedras vivas na edificação de uma casa espiritual para serem sacerdócio santo, oferecendo sacrifícios espirituais aceitáveis a Deus, por meio de Jesus Cristo.</verse>
		<verse number="6">Pois assim é dito na Escritura: &quot;Eis que ponho em Sião uma pedra angular, escolhida e preciosa, e aquele que nela confia jamais será envergonhado&quot;.</verse>
		<verse number="7">Portanto, para vocês, os que crêem, esta pedra é preciosa; mas para os que não crêem, &quot;a pedra que os construtores rejeitaram tornou-se a pedra angular&quot;,</verse>
		<verse number="8">e, &quot;pedra de tropeço e rocha que faz cair&quot;. Os que não crêem tropeçam, porque desobedecem à mensagem; para o que também foram destinados.</verse>
		<verse number="9">Vocês, porém, são geração eleita, sacerdócio real, nação santa, povo exclusivo de Deus, para anunciar as grandezas daquele que os chamou das trevas para a sua maravilhosa luz.</verse>
		<verse number="10">Antes vocês nem sequer eram povo, mas agora são povo de Deus; não haviam recebido misericórdia, mas agora a receberam.</verse>
		<verse number="11">Amados, insisto em que, como estrangeiros e peregrinos no mundo, vocês se abstenham dos desejos carnais que guerreiam contra a alma.</verse>
		<verse number="12">Vivam entre os pagãos de maneira exemplar para que, naquilo em que eles os acusam de praticarem o mal, observem as boas obras que vocês praticam e glorifiquem a Deus no dia da sua intervenção.</verse>
		<verse number="13">Por causa do Senhor, sujeitem-se a toda autoridade constituída entre os homens; seja ao rei, como autoridade suprema,</verse>
		<verse number="14">seja aos governantes, como por ele enviados para punir os que praticam o mal e honrar os que praticam o bem.</verse>
		<verse number="15">Pois é da vontade de Deus que, praticando o bem, vocês silenciem a ignorância dos insensatos.</verse>
		<verse number="16">Vivam como pessoas livres, mas não usem a liberdade como desculpa para fazer o mal; vivam como servos de Deus.</verse>
		<verse number="17">Tratem a todos com o devido respeito: amem os irmãos, temam a Deus e honrem o rei.</verse>
		<verse number="18">Escravos, sujeitem-se a seus senhores com todo o respeito, não apenas aos bons e amáveis, mas também aos maus.</verse>
		<verse number="19">Porque é louvável que, por motivo de sua consciência para com Deus, alguém suporte aflições sofrendo injustamente.</verse>
		<verse number="20">Pois que vantagem há em suportar açoites recebidos por terem cometido o mal? Mas se vocês suportam o sofrimento por terem feito o bem, isso é louvável diante de Deus.</verse>
		<verse number="21">Para isso vocês foram chamados, pois também Cristo sofreu no lugar de vocês, deixando-lhes exemplo, para que sigam os seus passos.</verse>
		<verse number="22">&quot;Ele não cometeu pecado algum, e nenhum engano foi encontrado em sua boca&quot;.</verse>
		<verse number="23">Quando insultado, não revidava; quando sofria, não fazia ameaças, mas entregava-se àquele que julga com justiça.</verse>
		<verse number="24">Ele mesmo levou em seu corpo os nossos pecados sobre o madeiro, a fim de que morrêssemos para os pecados e vivêssemos para a justiça; por suas feridas vocês foram curados.</verse>
		<verse number="25">Pois vocês eram como ovelhas desgarradas, mas agora se converteram ao Pastor e Bispo de suas almas.</verse>
	</chapter>
	<chapter number="3">
		<verse number="1">Do mesmo modo, mulheres, sujeitem-se a seus maridos, a fim de que, se alguns deles não obedecem à palavra, sejam ganhos sem palavras, pelo procedimento de sua mulher,</verse>
		<verse number="2">observando a conduta honesta e respeitosa de vocês.</verse>
		<verse number="3">A beleza de vocês não deve estar nos enfeites exteriores, como cabelos trançados e jóias de ouro ou roupas finas.</verse>
		<verse number="4">Pelo contrário, esteja no ser interior, que não perece, beleza demonstrada num espírito dócil e tranqüilo, o que é de grande valor para Deus.</verse>
		<verse number="5">Pois era assim que também costumavam adornar-se as santas mulheres do passado, que colocavam a sua esperança em Deus. Elas se sujeitavam a seus maridos,</verse>
		<verse number="6">como Sara, que obedecia a Abraão e lhe chamava senhor. Dela vocês serão filhas, se praticarem o bem e não derem lugar ao medo.</verse>
		<verse number="7">Do mesmo modo vocês, maridos, sejam sábios no convívio com suas mulheres e tratem-nas com honra, como parte mais frágil e co-herdeiras do dom da graça da vida, de forma que não sejam interrompidas as suas orações.</verse>
		<verse number="8">Quanto ao mais, tenham todos o mesmo modo de pensar, sejam compassivos, amem-se fraternalmente, sejam misericordiosos e humildes.</verse>
		<verse number="9">Não retribuam mal com mal nem insulto com insulto; pelo contrário, bendigam; pois para isso vocês foram chamados, para receberem bênção por herança.</verse>
		<verse number="10">Pois, &quot;quem quiser amar a vida e ver dias felizes, guarde a sua língua do mal e os seus lábios da falsidade.</verse>
		<verse number="11">Afaste-se do mal e faça o bem; busque a paz com perseverança.</verse>
		<verse number="12">Porque os olhos do Senhor estão sobre os justos e os seus ouvidos estão atentos à sua oração, mas o rosto do Senhor volta-se contra os que praticam o mal&quot;.</verse>
		<verse number="13">Quem há de maltratá-los, se vocês forem zelosos na prática do bem?</verse>
		<verse number="14">Todavia, mesmo que venham a sofrer porque praticam a justiça, vocês serão felizes. &quot;Não temam aquilo que eles temem, não fiquem amedrontados. &quot;</verse>
		<verse number="15">Antes, santifiquem Cristo como Senhor no coração. Estejam sempre preparados para responder a qualquer que lhes pedir a razão da esperança que há em vocês.</verse>
		<verse number="16">Contudo, façam isso com mansidão e respeito, conservando boa consciência, de forma que os que falam maldosamente contra o bom procedimento de vocês, porque estão em Cristo, fiquem envergonhados de suas calúnias.</verse>
		<verse number="17">É melhor sofrer por fazer o bem, se for da vontade de Deus, do que por fazer o mal.</verse>
		<verse number="18">Pois também Cristo sofreu pelos pecados uma vez por todas, o justo pelos injustos, para conduzir-nos a Deus. Ele foi morto no corpo, mas vivificado pelo Espírito,</verse>
		<verse number="19">no qual também foi e pregou aos espíritos em prisão</verse>
		<verse number="20">que há muito tempo desobederam, quando Deus esperava pacientemente nos dias de Noé, enquanto a arca era construída. Nela apenas algumas pessoas, a saber, oito, foram salvas por meio da água,</verse>
		<verse number="21">e isso é representado pelo batismo que agora também salva vocês — não a remoção da sujeira do corpo, mas o compromisso de uma boa consciência diante de Deus — por meio da ressurreição de Jesus Cristo,</verse>
		<verse number="22">que subiu ao céu e está à direita de Deus; a ele estão sujeitos anjos, autoridades e poderes.</verse>
	</chapter>
	<chapter number="4">
		<verse number="1">Portanto, uma vez que Cristo sofreu corporalmente, armem-se também do mesmo pensamento, pois aquele que sofreu em seu corpo rompeu com o pecado,</verse>
		<verse number="2">para que, no tempo que lhe resta, não viva mais para satisfazer os maus desejos humanos, mas sim para fazer a vontade de Deus.</verse>
		<verse number="3">No passado vocês já gastaram tempo suficiente fazendo o que agrada aos pagãos. Naquele tempo vocês viviam em libertinagem, na sensualidade, nas bebedeiras, orgias e farras, e na idolatria repugnante.</verse>
		<verse number="4">Eles acham estranho que vocês não se lancem com eles na mesma torrente de imoralidade, e por isso os insultam.</verse>
		<verse number="5">Contudo, eles terão que prestar contas àquele que está pronto para julgar os vivos e os mortos.</verse>
		<verse number="6">Por isso mesmo o evangelho foi pregado também a mortos, para que eles, mesmo julgados no corpo segundo os homens, vivam pelo Espírito segundo Deus.</verse>
		<verse number="7">O fim de todas as coisas está próximo. Portanto, sejam criteriosos e sóbrios; dediquem-se à oração.</verse>
		<verse number="8">Sobretudo, amem-se sinceramente uns aos outros, porque o amor perdoa muitíssimos pecados.</verse>
		<verse number="9">Sejam mutuamente hospitaleiros, sem reclamação.</verse>
		<verse number="10">Cada um exerça o dom que recebeu para servir aos outros, administrando fielmente a graça de Deus em suas múltiplas formas.</verse>
		<verse number="11">Se alguém fala, faça-o como quem transmite a palavra de Deus. Se alguém serve, faça-o com a força que Deus provê, de forma que em todas as coisas Deus seja glorificado mediante Jesus Cristo, a quem sejam a glória e o poder para todo o sempre. Amém.</verse>
		<verse number="12">Amados, não se surpreendam com o fogo que surge entre vocês para os provar, como se algo estranho lhes estivesse acontecendo.</verse>
		<verse number="13">Mas alegrem-se à medida que participam dos sofrimentos de Cristo, para que também, quando a sua glória for revelada, vocês exultem com grande alegria.</verse>
		<verse number="14">Se vocês são insultados por causa do nome de Cristo, felizes são vocês, pois o Espírito da glória, o Espírito de Deus, repousa sobre vocês.</verse>
		<verse number="15">Se algum de vocês sofre, que não seja como assassino, ladrão, criminoso ou como quem se intromete em negócios alheios.</verse>
		<verse number="16">Contudo, se sofre como cristão, não se envergonhe, mas glorifique a Deus por meio desse nome.</verse>
		<verse number="17">Pois chegou a hora de começar o julgamento pela casa de Deus; e, se começa primeiro conosco, qual será o fim daqueles que não obedecem ao evangelho de Deus?</verse>
		<verse number="18">E, &quot;se ao justo é difícil ser salvo, que será do ímpio e pecador? &quot;</verse>
		<verse number="19">Por isso mesmo, aqueles que sofrem de acordo com a vontade de Deus devem confiar suas vidas ao seu fiel Criador e praticar o bem.</verse>
	</chapter>
	<chapter number="5">
		<verse number="1">Portanto, apelo para os presbíteros que há entre vocês, e o faço na qualidade de presbítero como eles e testemunha dos sofrimentos de Cristo, como alguém que participará da glória a ser revelada:</verse>
		<verse number="2">Pastoreiem o rebanho de Deus que está aos seus cuidados. Olhem por ele, não por obrigação, mas de livre vontade, como Deus quer. Não façam isso por ganância, mas com o desejo de servir.</verse>
		<verse number="3">Não ajam como dominadores dos que lhes foram confiados, mas como exemplos para o rebanho.</verse>
		<verse number="4">Quando se manifestar o Supremo Pastor, vocês receberão a imperecível coroa da glória.</verse>
		<verse number="5">Da mesma forma jovens, sujeitem-se aos mais velhos. Sejam todos humildes uns para com os outros, porque &quot;Deus se opõe aos orgulhosos, mas concede graça aos humildes&quot;.</verse>
		<verse number="6">Portanto, humilhem-se debaixo da poderosa mão de Deus, para que ele os exalte no tempo devido.</verse>
		<verse number="7">Lancem sobre ele toda a sua ansiedade, porque ele tem cuidado de vocês.</verse>
		<verse number="8">Sejam sóbrios e vigiem. O diabo, o inimigo de vocês, anda ao redor como leão, rugindo e procurando a quem possa devorar.</verse>
		<verse number="9">Resistam-lhe, permanecendo firmes na fé, sabendo que os irmãos que vocês têm em todo o mundo estão passando pelos mesmos sofrimentos.</verse>
		<verse number="10">O Deus de toda a graça, que os chamou para a sua glória eterna em Cristo Jesus, depois de terem sofrido durante pouco de tempo, os restaurará, os confirmará, lhes dará forças e os porá sobre firmes alicerces.</verse>
		<verse number="11">A ele seja o poder para todo o sempre. Amém.</verse>
		<verse number="12">Com a ajuda de Silvano, a quem considero irmão fiel, eu lhes escrevi resumidamente, encorajando-os e testemunhando que esta é a verdadeira graça de Deus. Mantenham-se firmes na graça de Deus.</verse>
		<verse number="13">Aquela que está em Babilônia, também eleita, envia-lhes saudações, e também Marcos, meu filho.</verse>
		<verse number="14">Saúdem uns aos outros com beijo de santo amor. Paz a todos vocês que estão em Cristo.</verse>
	</chapter>
</book>