﻿<?xml version="1.0" encoding="UTF-8"?>
<book name="Amós" abbrev="am" chapters="9">
	<chapter number="1">
		<verse number="1">Palavras que Amós, criador de ovelhas em Tecoa, recebeu em visões, a respeito de Israel dois anos antes do terremoto. Nesse tempo, Uzias era rei de Judá e Jeroboão, filho de Jeoás, era rei de Israel.</verse>
		<verse number="2">Ele disse: &quot;O SENHOR ruge de Sião e troveja de Jerusalém; secam-se as pastagens dos pastores, e murcha o topo do Carmelo&quot;.</verse>
		<verse number="3">Assim diz o SENHOR: &quot;Por três transgressões de Damasco e ainda mais por quatro, não anularei o castigo. Porque trilhou Gileade com trilhos de ferro pontudos,</verse>
		<verse number="4">porei fogo na casa de Hazael que consumirá as fortalezas de Ben-Hadade.</verse>
		<verse number="5">Derrubarei a porta de Damasco; destruirei o rei que está no vale de Áven e aquele que segura o cetro em Bete-Éden. O povo da Síria irá para o exílio em Quir&quot;, diz o SENHOR.</verse>
		<verse number="6">Assim diz o SENHOR: &quot;Por três transgressões de Gaza, e ainda mais por quatro, não anularei o castigo. Porque levou cativas comunidades inteiras e as vendeu a Edom,</verse>
		<verse number="7">porei fogo nos muros de Gaza, que consumirá as suas fortalezas.</verse>
		<verse number="8">Destruirei o rei de Asdode e aquele que segura o cetro em Ascalom. Erguerei a minha mão contra Ecrom, até que morra o último dos filisteus&quot;, diz o SENHOR Soberano.</verse>
		<verse number="9">Assim diz o SENHOR: &quot;Por três transgressões de Tiro, e ainda mais por quatro, não anularei o castigo. Porque vendeu comunidades inteiras de cativos a Edom, desprezando irmãos,</verse>
		<verse number="10">porei fogo nos muros de Tiro, que consumirá as suas fortalezas&quot;.</verse>
		<verse number="11">Assim diz o SENHOR: &quot;Por três transgressões de Edom, e ainda mais por quatro, não anularei o castigo. Porque com a espada perseguiu seu irmão, e reprimiu toda a compaixão, mutilando-o furiosamente e perpetuando para sempre a sua ira,</verse>
		<verse number="12">porei fogo em Temã, que consumirá as fortalezas de Bozra&quot;.</verse>
		<verse number="13">Assim diz o SENHOR: &quot;Por três transgressões de Amom, e ainda mais por quatro, não anularei o castigo. Porque rasgou ao meio as grávidas de Gileade a fim de ampliar as suas fronteiras,</verse>
		<verse number="14">porei fogo nos muros de Rabá, que consumirá as suas fortalezas em meio a gritos de guerra no dia do combate, em meio a ventos violentos num dia de tempestade.</verse>
		<verse number="15">O seu rei irá para o exílio, ele e toda a sua corte&quot;, diz o SENHOR.</verse>
	</chapter>
	<chapter number="2">
		<verse number="1">Assim diz o SENHOR: &quot;Por três transgressões de Moabe, e ainda mais por quatro, não anularei o castigo. Porque ele queimou até reduzir a cinzas os ossos do rei de Edom,</verse>
		<verse number="2">porei fogo em Moabe, que consumirá as fortalezas de Queriote. Moabe perecerá em grande tumulto, em meio a gritos de guerra e ao toque da trombeta.</verse>
		<verse number="3">Destruirei o seu governante e com ele matarei todas as autoridades&quot;, diz o SENHOR.</verse>
		<verse number="4">Assim diz o SENHOR: &quot;Por três transgressões de Judá, e ainda mais por quatro, não anularei o castigo. Porque rejeitou a lei do SENHOR e não obedeceu aos seus decretos, porque se deixou enganar por deuses falsos, deuses que os seus antepassados seguiram,</verse>
		<verse number="5">porei fogo em Judá, que consumirá as fortalezas de Jerusalém&quot;.  </verse>
		<verse number="6">Assim diz o SENHOR: &quot;Por três transgressões de Israel, e ainda mais por quatro, não anularei o castigo. Vendem por prata o justo, e por um par de sandálias o pobre.</verse>
		<verse number="7">Pisam sobre a cabeça dos necessitados como pisam no pó da terra, e negam justiça ao oprimido. Pai e filho possuem a mesma mulher e assim profanam o meu santo nome.</verse>
		<verse number="8">Inclinam-se ao lado de todo altar com roupas tomadas como penhor. No templo do seu deus bebem vinho recebido como multa.</verse>
		<verse number="9">&quot;Fui eu que destruí os amorreus diante deles, embora fossem altos como o cedro e fortes como o carvalho. Eu destruí os seus frutos em cima e as suas raízes embaixo&quot;.</verse>
		<verse number="10">&quot;Eu mesmo os tirei do Egito, e os conduzi por quarenta anos no deserto para lhes dar a terra dos amorreus.</verse>
		<verse number="11">Também escolhi alguns de seus filhos para serem profetas e alguns de seus jovens para serem nazireus. Não é verdade, povo de Israel? &quot;, declara o SENHOR.</verse>
		<verse number="12">&quot;Mas vocês fizeram os nazireus beber vinho e ordenaram aos profetas que não profetizassem&quot;.</verse>
		<verse number="13">&quot;Agora, então, eu os amassarei como uma carroça amassa a terra quando carregada de trigo.</verse>
		<verse number="14">O ágil não escapará, o forte não reunirá as suas forças, e o guerreiro não salvará a sua vida.</verse>
		<verse number="15">O arqueiro não manterá a sua posição, o que corre não se livrará, e o cavaleiro não salvará a própria vida.</verse>
		<verse number="16">Até mesmo os guerreiros mais corajosos fugirão nus naquele dia&quot;, declara o SENHOR.</verse>
	</chapter>
	<chapter number="3">
		<verse number="1">Ouçam esta palavra que o SENHOR falou contra vocês, ó israelitas; contra toda esta família que tirei do Egito:</verse>
		<verse number="2">&quot;Escolhi apenas vocês de todas as famílias da terra; por isso eu os castigarei por causa de todas as suas maldades&quot;.</verse>
		<verse number="3">Duas pessoas andarão juntas se não tiverem de acordo?</verse>
		<verse number="4">O leão ruge na floresta se não apanhou presa alguma? O leão novo ruge em sua toca se nada caçou?</verse>
		<verse number="5">Cai o pássaro num laço se não há nenhuma armadilha? Será que a armadilha do laço se desarma se nada foi apanhado?</verse>
		<verse number="6">Quando a trombeta toca na cidade, o povo não treme? Ocorre alguma desgraça na cidade, sem que o SENHOR a tenha mandado?</verse>
		<verse number="7">Certamente o SENHOR Soberano não faz coisa alguma sem revelar o seu plano aos seus servos, os profetas.</verse>
		<verse number="8">O leão rugiu, quem não temerá? O SENHOR Soberano falou, quem não profetizará?</verse>
		<verse number="9">Proclamem os palácios de Asdode e do Egito: &quot;Reúnam-se nos montes de Samaria para verem o grande tumulto que há ali e a opressão no meio do seu povo&quot;.</verse>
		<verse number="10">&quot;Eles não sabem como agir direito&quot;, declara o SENHOR, &quot;eles, que acumulam em seus palácios o que roubaram e saquearam&quot;.</verse>
		<verse number="11">Portanto, assim diz o SENHOR Soberano: &quot;Um inimigo está cercando o país. Ele derrubará as suas fortalezas e saqueará os seus palácios&quot;.</verse>
		<verse number="12">Assim diz o SENHOR: &quot;Assim como o pastor arranca da boca do leão só dois ossos da perna ou um pedaço da orelha, assim serão arrancados os israelitas de Samaria, com um canto de cama e um pedaço de sofá.</verse>
		<verse number="13">&quot;Ouçam isto e testemunhem contra a descendência de Jacó&quot;, declara o SENHOR Soberano, o Deus dos Exércitos.</verse>
		<verse number="14">&quot;No dia em que eu castigar Israel por causa dos seus pecados, destruirei os altares de Betel; as pontas do altar serão cortadas e cairão no chão.</verse>
		<verse number="15">Derrubarei a casa de inverno junto com a casa de verão; as casas enfeitadas de marfim serão destruídas, e as mansões desaparecerão&quot;, declara o SENHOR.</verse>
	</chapter>
	<chapter number="4">
		<verse number="1">Ouçam esta palavra, vocês, vacas de Basã que estão no monte de Samaria, vocês, que oprimem os pobres e esmagam os necessitados e dizem aos senhores deles: &quot;Tragam bebidas e vamos beber! &quot;</verse>
		<verse number="2">O SENHOR Soberano jurou pela sua santidade: &quot;Certamente vai chegar o tempo em que serão levados com ganchos, e os últimos de vocês com anzóis.</verse>
		<verse number="3">Cada um de vocês sairá pelas brechas no muro, e vocês serão atirados na direção do Hermom&quot;, declara o SENHOR.</verse>
		<verse number="4">&quot;Vão a Betel e ponham-se a pecar; vão a Gilgal e pequem ainda mais. Ofereçam os seus sacrifícios cada manhã, os seus dízimos no terceiro dia.</verse>
		<verse number="5">Queimem pão fermentado como oferta de gratidão e fiquem proclamando por aí suas ofertas voluntárias; anunciem-nas, israelitas, pois é isso o que gostam de fazer&quot;, declara o SENHOR Soberano.</verse>
		<verse number="6">&quot;Fui eu mesmo quem deu a vocês estômagos vazios em cada cidade e falta de alimentos em todo lugar, e ainda assim vocês não se voltaram para mim&quot;, declara o SENHOR.</verse>
		<verse number="7">&quot;Também fui eu que retive a chuva quando ainda faltavam três meses para a colheita. Mandei chuva a uma cidade, mas não a outra. Uma plantação teve chuva; outra não teve e secou.</verse>
		<verse number="8">Gente de duas ou três cidades ia cambaleando de uma cidade a outra em busca de água, sem matar a sede, e ainda assim vocês não se voltaram para mim&quot;, declara o SENHOR.</verse>
		<verse number="9">&quot;Muitas vezes castiguei os seus jardins e as suas vinhas, castiguei-os com pragas e ferrugem. Gafanhotos devoraram as suas figueiras e as suas oliveiras, e ainda assim vocês não se voltaram para mim&quot;, declara o SENHOR.</verse>
		<verse number="10">&quot;Enviei pragas contra vocês como fiz com o Egito. Matei os seus jovens à espada, deixei que capturassem os seus cavalos. Enchi os seus narizes com o mau cheiro dos mortos em seus acampamentos, e ainda assim vocês não se voltaram para mim&quot;, declara o SENHOR.</verse>
		<verse number="11">&quot;Destruí algumas de suas cidades, como destruí Sodoma e Gomorra. Ficaram como um tição tirado do fogo, e ainda assim vocês não se voltaram para mim&quot;, declara o SENHOR.</verse>
		<verse number="12">&quot;Por isso, ainda os castigarei, ó Israel, e, porque eu farei isto com você, prepare-se para encontrar-se com o seu Deus, ó Israel. &quot;</verse>
		<verse number="13">Aquele que forma os montes, cria o vento e revela os seus pensamentos ao homem, aquele que transforma a alvorada em trevas, e pisa sobre as montanhas da terra; o SENHOR, o Deus dos Exércitos, é o seu nome.</verse>
	</chapter>
	<chapter number="5">
		<verse number="1">Ouça esta palavra, ó nação de Israel, este lamento acerca de vocês:</verse>
		<verse number="2">&quot;Caída para nunca mais se levantar, está a Virgem Israel. Abandonada em sua própria terra, não há quem a levante&quot;.</verse>
		<verse number="3">Assim diz o Soberano SENHOR: &quot;A cidade que mandar mil para o exército ficará com cem; e a que mandar cem ficará com dez&quot;.</verse>
		<verse number="4">Assim diz o SENHOR à nação de Israel: &quot;Busquem-me e terão vida;</verse>
		<verse number="5">não busquem Betel, não vão a Gilgal, não façam peregrinação a Berseba. Pois Gilgal certamente irá para o exílio, e Betel será reduzida a nada&quot;.</verse>
		<verse number="6">Busquem o SENHOR e terão vida, do contrário, ele irromperá como um fogo entre os descendentes de José, e a devastará, e não haverá ninguém em Betel para apagá-lo.</verse>
		<verse number="7">Vocês estão transformando o direito em amargura e atirando a justiça ao chão,</verse>
		<verse number="8">( aquele que fez as Plêiades e o Órion, que faz da escuridão alvorada e do dia, noite escura, que chama as águas do mar e as espalha sobre a face da terra, o SENHOR é o seu nome.</verse>
		<verse number="9">Ele traz repentina destruição sobre a fortaleza, e a destruição vem sobre a cidade fortificada ),</verse>
		<verse number="10">vocês odeiam aquele que defende a justiça no tribunal e detestam aquele que conta a verdade.</verse>
		<verse number="11">Vocês pisam no pobre e o forçam a dar-lhes o trigo. Por isso, embora vocês tenham construído mansões de pedra, nelas não morarão; embora tenham plantado vinhas verdejantes, não beberão do seu vinho.</verse>
		<verse number="12">Pois sei quantas são as suas transgressões e quão grandes são os seus pecados. Vocês oprimem o justo, recebem suborno e impedem que se faça justiça ao pobre nos tribunais.</verse>
		<verse number="13">Por isso o prudente se cala em tais situações, pois é tempo de desgraças.</verse>
		<verse number="14">Busquem o bem, não o mal, para que tenham vida. Então o SENHOR, o Deus dos Exércitos, estará com vocês, conforme vocês afirmam.</verse>
		<verse number="15">Odeiem o mal, amem o bem; estabeleçam a justiça nos tribunais. Talvez o SENHOR, o Deus dos Exércitos, tenha misericórdia do remanescente de José.</verse>
		<verse number="16">Portanto assim diz o SENHOR, o Deus dos Exércitos, o Soberano: &quot;Haverá lamentação em todas as praças e gritos de angústia em todas as ruas. Os lavradores serão convocados para chorar e os pranteadores para lamentar.</verse>
		<verse number="17">Haverá lamentos em todas as vinhas, pois passarei no meio de vocês&quot;, diz o SENHOR.</verse>
		<verse number="18">Ai de vocês que anseiam pelo dia do SENHOR! O que pensam vocês do dia do SENHOR? Será dia de trevas, não de luz.</verse>
		<verse number="19">Será como se um homem fugisse de um leão, e encontrasse um urso; como alguém que entrasse em sua casa e, encostando a mão na parede, fosse picado por uma serpente.</verse>
		<verse number="20">O dia do SENHOR será de trevas e não de luz. Uma escuridão total, sem um raio de claridade.</verse>
		<verse number="21">&quot;Eu odeio e desprezo as suas festas religiosas; não suporto as suas assembléias solenes.</verse>
		<verse number="22">Mesmo que vocês me tragam holocaustos e ofertas de cereal, isso não me agradará. Mesmo que me tragam as melhores ofertas de comunhão, não darei a menor atenção a elas.</verse>
		<verse number="23">Afastem de mim o som das suas canções e a música das suas liras.</verse>
		<verse number="24">Em vez disso, corra a retidão como um rio, a justiça como um ribeiro perene! &quot;</verse>
		<verse number="25">&quot;Foi a mim que vocês trouxeram sacrifícios e ofertas durante os quarenta anos no deserto, ó nação de Israel?</verse>
		<verse number="26">Não! Vocês carregaram o seu rei Sicute, e Quium, imagens dos deuses astrais, que vocês fizeram para si mesmos.</verse>
		<verse number="27">Por isso eu os mandarei para o exílio, para além de Damasco&quot;, diz o SENHOR, o Deus dos Exércitos é o seu nome.</verse>
	</chapter>
	<chapter number="6">
		<verse number="1">Ai de vocês que vivem tranqüilos em Sião, e que se sentem seguros no monte de Samaria; vocês, homens notáveis da primeira entre as nações, aos quais o povo de Israel recorre!</verse>
		<verse number="2">Vão a Calné e olhem para ela; depois prossigam até a grande Hamate e em seguida desçam até Gate, na Filístia. São elas melhores do que os seus dois reinos? O território delas é maior do que o de vocês?</verse>
		<verse number="3">Vocês acham que estão afastando o dia mau mas na verdade estão atraindo o reinado do terror.</verse>
		<verse number="4">Vocês se deitam em camas de marfim e se espreguiçam em seus sofás. Comem os melhores cordeiros e os novilhos mais gordos.</verse>
		<verse number="5">Dedilham em suas liras como Davi e improvisam em instrumentos musicais.</verse>
		<verse number="6">Vocês bebem vinho em grandes taças e se ungem com os mais finos óleos, mas não se entristecem com a ruína de José.</verse>
		<verse number="7">Por isso vocês estarão entre os primeiros a ir para o exílio; cessarão os banquetes dos que vivem no ócio.</verse>
		<verse number="8">O SENHOR Soberano jurou por si mesmo! Assim declara o SENHOR, o Deus dos Exércitos: &quot;Eu detesto o orgulho de Jacó e odeio os seus palácios; entregarei a cidade e tudo que nela existe&quot;.</verse>
		<verse number="9">Se dez homens forem deixados numa casa, também eles morrerão.</verse>
		<verse number="10">E se um parente que tiver que queimar os corpos vier para tirá-los da casa e perguntar a alguém que ainda estiver escondido ali: “Há mais alguém com você? ”, e a resposta for: “Não”, ele dirá: “Calado! Não devemos sequer mencionar o nome do SENHOR”.</verse>
		<verse number="11">Pois o SENHOR deu a ordem, e ele despedaçará a casa grande e fará em pedacinhos a casa pequena.</verse>
		<verse number="12">Acaso correm os cavalos sobre os rochedos? Poderá alguém ará-los com bois? Mas vocês transformaram o direito em veneno, e o fruto da justiça em amargura;</verse>
		<verse number="13">vocês que se regozijam pela conquista de Lo-Debara e dizem: “Acaso não conquistamos Carnaimb com a nossa própria força? ”</verse>
		<verse number="14">Palavra do SENHOR, o Deus dos Exércitos: “Farei vir uma nação contra você, ó nação de Israel, e ela a oprimirá desde Lebo-Hamate até o vale da Arabá”.</verse>
	</chapter>
	<chapter number="7">
		<verse number="1">Foi isto que o SENHOR, o Soberano, me mostrou: ele estava preparando enxames de gafanhotos depois da colheita do rei, justo quando brotava a segunda safra.</verse>
		<verse number="2">Depois que eles devoraram todas as plantas dos campos, eu clamei: “SENHOR Soberano, perdoa! Como Jacó poderá sobreviver? Ele é tão pequeno! ”</verse>
		<verse number="3">Então o SENHOR arrependeu-se e declarou: “Isso não acontecerá”.</verse>
		<verse number="4">O Soberano, o SENHOR, mostrou-me também que, para o julgamento, estava chamando o fogo, o qual secou o grande abismo e devorou a terra.</verse>
		<verse number="5">Então eu clamei: “Soberano SENHOR, eu te imploro que pares! Como Jacó poderá sobreviver? Ele é tão pequeno! ”</verse>
		<verse number="6">Então o SENHOR arrependeu-se e declarou: “Isso também não acontecerá”.</verse>
		<verse number="7">Ele me mostrou ainda isto: o Senhor, com um prumo na mão, estava junto a um muro construído no rigor do prumo.</verse>
		<verse number="8">E o SENHOR me perguntou: “O que você está vendo, Amós? ” “Um prumo”, respondi. Então disse o Senhor: “Veja! Estou pondo um prumo no meio de Israel, o meu povo; não vou poupá-lo mais.</verse>
		<verse number="9">“Os altares idólatras de Isaque serão destruídos, e os santuários de Israel ficarão em ruínas; com a espada me levantarei contra a dinastia de Jeroboão”.</verse>
		<verse number="10">Então o sacerdote de Betel, Amazias, enviou esta mensagem a Jeroboão, rei de Israel: “Amós está tramando uma conspiração contra ti no centro de Israel. A nação não suportará as suas palavras.</verse>
		<verse number="11">Amós está dizendo o seguinte: ‘Jeroboão morrerá à espada, e certamente Israel irá para o exílio, para longe da sua terra natal’ ”.</verse>
		<verse number="12">Depois Amazias disse a Amós: “Vá embora, vidente! Vá profetizar em Judá; vá ganhar lá o seu pão.</verse>
		<verse number="13">Não profetize mais em Betel, porque este é o santuário do rei e o templo do reino”.</verse>
		<verse number="14">Amós respondeu a Amazias: “Eu não sou profeta nem pertenço a nenhum grupo de profetasc, apenas cuido do gado e faço colheita de figos silvestres.</verse>
		<verse number="15">Mas o SENHOR me tirou do serviço junto ao rebanho e me disse: ‘Vá, profetize a Israel, o meu povo’.</verse>
		<verse number="16">Agora ouça, então, a palavra do SENHOR. Você diz: “ ‘Não profetize contra Israel, e pare de pregar contra a descendência de Isaque’.</verse>
		<verse number="17">“Mas, o SENHOR lhe diz: “ ‘Sua mulher se tornará uma prostituta na cidade, e os seus filhos e as suas filhas morrerão à espada. Suas terras serão loteadas, e você mesmo morrerá numa terra pagãa. E Israel certamente irá para o exílio, para longe da sua terra natal’ ”.</verse>
	</chapter>
	<chapter number="8">
		<verse number="1">O SENHOR, o Soberano, me mostrou um cesto de frutas maduras.</verse>
		<verse number="2">“O que você está vendo, Amós? ”, ele perguntou. Um cesto de frutas maduras, respondi. Então o SENHOR me disse: “Chegou o fim de Israel, o meu povo; não mais o pouparei”.</verse>
		<verse number="3">“Naquele dia”, declara o SENHOR, o Soberano, “as canções no templo se tornarão lamentos. Muitos, muitos serão os corpos, atirados por todos os lados! Silêncio! ”</verse>
		<verse number="4">Ouçam, vocês que pisam os pobres e arruínam os necessitados da terra,</verse>
		<verse number="5">dizendo: “Quando acabará a lua nova para que vendamos o cereal? E quando terminará o sábado para que comercializemos o trigo, diminuindo a medida, aumentando o preço, enganando com balanças desonestas e</verse>
		<verse number="6">comprando o pobre com prata e o necessitado por um par de sandálias, vendendo até palha com o trigo? ”</verse>
		<verse number="7">O SENHOR jurou contra o orgulho de Jacó: “Jamais esquecerei coisa alguma do que eles fizeram.</verse>
		<verse number="8">“Acaso não tremerá a terra por causa disso, e não chorarão todos os que nela vivem? Toda esta terra se levantará como o Nilo; será agitada e depois afundará como o ribeiro do Egito.</verse>
		<verse number="9">“Naquele dia”, declara o SENHOR, o Soberano: “Farei o sol se pôr ao meio-dia e em plena luz do dia escurecerei a terra.</verse>
		<verse number="10">Transformarei as suas festas em velório e todos os seus cânticos em lamentação. Farei que todos vocês vistam roupas de luto e rapem a cabeça. Farei daquele dia um dia de luto por um filho único, e o fim dele, como um dia de amargura.</verse>
		<verse number="11">“Estão chegando os dias”, declara o SENHOR, o Soberano, “em que enviarei fome a toda esta terra; não fome de comida nem sede de água, mas fome e sede de ouvir as palavras do SENHOR.</verse>
		<verse number="12">Os homens vaguearão de um mar a outro, do Norte ao Oriente, buscando a palavra do SENHOR, mas não a encontrarão.</verse>
		<verse number="13">“Naquele dia as jovens belas e os rapazes fortes desmaiarão de sede.</verse>
		<verse number="14">Aqueles que juram pela vergonhaa de Samaria, e os que dizem: ‘Juro pelo nome do seu deus, ó Dã’ ou ‘Juro pelo nome do deusb de Berseba’, cairão, para nunca mais se levantar! ”</verse>
	</chapter>
	<chapter number="9">
		<verse number="1">Vi o Senhor junto ao altar, e ele disse: “Bata no topo das colunas para que tremam os umbrais. Faça que elas caiam sobre todos os presentes; e os que sobrarem matarei à espada. Ninguém fugirá, ninguém escapará.</verse>
		<verse number="2">Ainda que escavem até às profundezas, dali a minha mão irá tirá-los. Se subirem até os céus, de lá os farei descer.</verse>
		<verse number="3">Mesmo que se escondam no topo do Carmelo, lá os caçarei e os prenderei. Ainda que se escondam de mim no fundo do mar, ali ordenarei à serpente que os morda.</verse>
		<verse number="4">Mesmo que sejam levados ao exílio por seus inimigos, ali ordenarei que a espada os mate. Vou vigiá-los para lhes fazer o mal e não o bem”.</verse>
		<verse number="5">Quanto ao Senhor, o SENHOR dos Exércitos, ele toca na terra, e ela se derrete, e todos os que nela vivem pranteiam; ele ergue toda a terra como o Nilo, e depois a afunda como o ribeiro do Egito.</verse>
		<verse number="6">Ele constrói suas câmaras altas, e firma a abóbada sobre a terra; ele reúne as águas do mar e as espalha sobre a superfície da terra. SENHOR é o seu nome.</verse>
		<verse number="7">“Vocês, israelitas, não são para mim melhores do que os etíopes”, declara o SENHOR. “Eu tirei Israel do Egito, os filisteus de Caftor e os arameus de Quir.</verse>
		<verse number="8">“Sem dúvida, os olhos do SENHOR, o Soberano, se voltam para este reino pecaminoso. Eu o varrerei da superfície da terra, mas não destruirei totalmente a descendência de Jacó”, declara o SENHOR.</verse>
		<verse number="9">“Pois darei a ordem, e sacudirei a nação de Israel entre todas as nações, tal como o trigo é abanado numa peneira, e nem um grão cai na terra.</verse>
		<verse number="10">Todos os pecadores que há no meio do meu povo morrerão à espada, todos os que dizem: ‘A desgraça não nos atingirá nem nos encontrará’.</verse>
		<verse number="11">“Naquele dia levantarei a tenda caída de Davi. Consertarei o que estiver quebrado, e restaurarei as suas ruínas. Eu a reerguerei, para que seja como era no passado,</verse>
		<verse number="12">para que o meu povo conquiste o remanescente de Edom e todas as nações que me pertencem”, declara o SENHOR, que realizará essas coisas.</verse>
		<verse number="13">“Dias virão”, declara o SENHOR, “em que a ceifa continuará até o tempo de arar, e o pisar das uvas até o tempo de semear. Vinho novo gotejará dos montes e fluirá de todas as colinas.</verse>
		<verse number="14">Trarei de volta Israel, o meu povo exilado, eles reconstruirão as cidades em ruínas e nelas viverão. Plantarão vinhas e beberão do seu vinho; cultivarão pomares e comerão do seu fruto.</verse>
		<verse number="15">Plantarei Israel em sua própria terra, para nunca mais ser desarraigado da terra que lhe dei”, diz o SENHOR, o seu Deus.</verse>
	</chapter>
</book>