﻿<?xml version="1.0" encoding="UTF-8"?>
<book name="Zacarias" abbrev="zc" chapters="14">
	<chapter number="1">
		<verse number="1">No oitavo mês do segundo ano do reinado de Dario, a palavra do Senhor veio ao profeta Zacarias, filho de Berequias e neto de Ido:</verse>
		<verse number="2">&quot;O Senhor muito se irou contra os seus antepassados.</verse>
		<verse number="3">Por isso diga ao povo: Assim diz o Senhor dos Exércitos: ‘Voltem para mim, e eu me voltarei para vocês’, diz o Senhor dos Exércitos.</verse>
		<verse number="4">Não sejam como os seus antepassados aos quais os antigos profetas proclamaram: Assim diz o Senhor dos Exércitos: ‘Deixem os seus caminhos e as suas más obras. Mas eles não me ouviram nem me deram atenção’, declara o Senhor.</verse>
		<verse number="5">Onde estão agora os seus antepassados? E os profetas, acaso vivem eles para sempre?</verse>
		<verse number="6">Mas as minhas palavras e os meus decretos, que ordenei aos meus servos, os profetas, alcançaram os seus antepassados e os levaram a converter-se e a dizer: ‘O Senhor dos Exércitos fez conosco o que os nossos caminhos e práticas mereciam, conforme prometeu’ &quot;.</verse>
		<verse number="7">No dia vigésimo quarto do décimo primeiro mês, o mês de sebate, no segundo ano do reinado de Dario, a palavra do Senhor veio ao profeta Zacarias, filho de Berequias e neto de Ido:</verse>
		<verse number="8">Durante a noite tive uma visão; apareceu na minha frente um homem montado num cavalo vermelho. Ele estava parado entre as murtas num desfiladeiro. Atrás dele havia cavalos vermelhos, marrons e brancos.</verse>
		<verse number="9">Então perguntei: Quem são estes, meu senhor? O anjo que estava falando comigo respondeu: &quot;Eu lhe mostrarei quem são&quot;.</verse>
		<verse number="10">Então o homem que estava entre as murtas explicou: &quot;São aqueles que o Senhor enviou por toda a terra&quot;.</verse>
		<verse number="11">E eles relataram ao anjo do Senhor que estava entre as murtas: &quot;Percorremos toda a terra e a encontramos em paz e tranqüila&quot;.</verse>
		<verse number="12">Então o anjo do Senhor respondeu: &quot;Senhor dos Exércitos, até quando deixarás de ter misericórdia de Jerusalém e das cidades de Judá, com as quais estás indignado há setenta anos? &quot;</verse>
		<verse number="13">Então o Senhor respondeu palavras boas e confortadoras ao anjo que falava comigo.</verse>
		<verse number="14">E o anjo me disse: &quot;Proclame: Assim diz o Senhor dos Exércitos: ‘Eu tenho sido muito zeloso com Jerusalém e Sião,</verse>
		<verse number="15">mas estou muito irado contra as nações que se sentem seguras. Porque eu estava apenas um pouco irado com meu povo, mas elas aumentaram a dor que ele sofria! ’</verse>
		<verse number="16">&quot;Por isso, assim diz o Senhor: ‘Estou voltando-me para Jerusalém com misericórdia, e ali o meu templo será reconstruído. A corda de medir será esticada sobre Jerusalém’, declara o Senhor dos Exércitos.</verse>
		<verse number="17">&quot;Diga mais: Assim diz o Senhor dos Exércitos: ‘As minhas cidades transbordarão de prosperidade novamente, e o Senhor consolará novamente a Sião e escolherá Jerusalém’ &quot;.</verse>
		<verse number="18">Depois eu olhei para o alto, e vi quatro chifres.</verse>
		<verse number="19">Então perguntei ao anjo que falava comigo: &quot;O que são estes? &quot; Ele me respondeu: &quot;Estes são os chifres que dispersaram Judá, Israel e Jerusalém&quot;.</verse>
		<verse number="20">Depois o Senhor mostrou-me quatro artesãos.</verse>
		<verse number="21">Eu perguntei: &quot;O que eles vêm fazer? &quot; Ele respondeu: &quot;Estes são os chifres que dispersaram Judá a ponto de ninguém sequer conseguir levantar a cabeça, mas os artesãos vieram aterrorizar e quebrar esses chifres das nações que se levantaram contra o povo de Judá para dispersá-lo&quot;.</verse>
	</chapter>
	<chapter number="2">
		<verse number="1">Olhei em seguida, e vi um homem segurando uma corda de medir.</verse>
		<verse number="2">Eu lhe perguntei: &quot;Aonde você vai? &quot; Ele me respondeu: &quot;Vou medir Jerusalém para saber o seu comprimento e a sua largura&quot;.</verse>
		<verse number="3">Então o anjo que falava comigo retirou-se, e outro anjo foi ao seu encontro</verse>
		<verse number="4">e lhe disse: &quot;Corra e diga àquele jovem: ‘Jerusalém será habitada como uma cidade sem muros por causa dos seus muitos habitantes e rebanhos.</verse>
		<verse number="5">E eu mesmo serei para ela um muro de fogo ao seu redor’, declara o Senhor, ‘e dentro dela serei a sua glória’.</verse>
		<verse number="6">&quot;Atenção! Atenção! Fujam da terra do norte&quot;, declara o Senhor, &quot;porque eu os espalhei aos quatro ventos da terra&quot;, diz o Senhor.</verse>
		<verse number="7">&quot;Atenção, ó Sião! Escapem, vocês que vivem na cidade da Babilônia!</verse>
		<verse number="8">Porque assim diz o Senhor dos Exércitos: ‘Ele me enviou para buscar a sua glória entre as nações que saquearam vocês, porque todo o que neles tocar, toca na pupila dos olhos dele’.</verse>
		<verse number="9">Certamente levantarei a minha mão contra elas de forma que serão um espólio para os seus servos. Então vocês saberão que foi o Senhor dos Exércitos que me enviou.</verse>
		<verse number="10">&quot;Cante e alegre-se, ó cidade de Sião! Porque venho fazer de você a minha habitação&quot;, declara o Senhor.</verse>
		<verse number="11">&quot;Muitas nações se unirão ao Senhor naquele dia e se tornarão meu povo. Então você será a minha habitação e você reconhecerá que o Senhor dos Exércitos me enviou a você.</verse>
		<verse number="12">O Senhor herdará Judá como sua propriedade na terra santa e escolherá de novo Jerusalém.</verse>
		<verse number="13">Aquietem-se todos perante o Senhor, porque ele se levantou de sua santa habitação&quot;.</verse>
	</chapter>
	<chapter number="3">
		<verse number="1">Depois disso ele me mostrou o sumo sacerdote Josué diante do anjo do Senhor, e Satanás, à sua direita, para acusá-lo.</verse>
		<verse number="2">O anjo do Senhor disse a Satanás: &quot;O Senhor o repreenda, Satanás! O Senhor que escolheu Jerusalém o repreenda! Este homem não parece um tição tirado do fogo? &quot;</verse>
		<verse number="3">Ora, Josué, vestido de roupas impuras, estava de pé diante do anjo.</verse>
		<verse number="4">O anjo disse aos que estavam diante dele: &quot;Tirem as roupas impuras dele&quot;. Depois disse a Josué: &quot;Veja, eu tirei de você o seu pecado, e coloquei vestes nobres sobre você&quot;.</verse>
		<verse number="5">Disse também: &quot;Coloquem um turbante limpo em sua cabeça&quot;. Colocaram o turbante nele e o vestiram, enquanto o anjo do Senhor observava.</verse>
		<verse number="6">O anjo do Senhor exortou a Josué, dizendo:</verse>
		<verse number="7">&quot;Assim diz o Senhor dos Exércitos: ‘Se você andar nos meus caminhos e obedecer aos meus preceitos, você governará a minha casa e também estará encarregado das minhas cortes, e eu lhe darei um lugar entre estes que estão aqui.</verse>
		<verse number="8">&quot; ‘Ouçam bem, sumo sacerdote Josué e seus companheiros sentados diante de você, homens que prefiguram coisas que virão: Vou trazer o meu servo, o Renovo.</verse>
		<verse number="9">Vejam a pedra que coloquei na frente de Josué! Ela tem sete pares de olhos, e eu gravarei nela uma inscrição’, declara o Senhor dos Exércitos, ‘e removerei o pecado desta terra num único dia.</verse>
		<verse number="10">&quot; ‘Naquele dia’, declara o Senhor dos Exércitos, ‘cada um de vocês convidará seu próximo para assentar-se debaixo da sua videira e debaixo da sua figueira’ &quot;.</verse>
	</chapter>
	<chapter number="4">
		<verse number="1">Depois o anjo que falava comigo tornou a despertar-me, como se desperta alguém do sono,</verse>
		<verse number="2">e me perguntou: &quot;O que você está vendo? &quot; Respondi: &quot;Vejo um candelabro de ouro maciço com um recipiente para azeite na parte superior e sete lâmpadas e sete canos para as lâmpadas.</verse>
		<verse number="3">Há também duas oliveiras junto ao recipiente, uma à direita e outra à esquerda&quot;.</verse>
		<verse number="4">Perguntei ao anjo que falava comigo: &quot;O que significa isto, meu senhor? &quot;</verse>
		<verse number="5">Ele disse: &quot;Você não sabe? &quot; &quot;Não, meu senhor&quot;, respondi.</verse>
		<verse number="6">&quot;Esta é a palavra do Senhor para Zorobabel: ‘Não por força nem por violência, mas pelo meu Espírito’, diz o Senhor dos Exércitos.</verse>
		<verse number="7">&quot;Quem você pensa que é, ó montanha majestosa? Diante de Zorobabel você se tornará uma planície. Ele colocará a pedra principal aos gritos de ‘Deus abençoe! Deus abençoe! ’ &quot;</verse>
		<verse number="8">Então o Senhor me falou:</verse>
		<verse number="9">&quot;As mãos de Zorobabel colocacaram os fundamentos deste templo; suas mãos também o terminarão. Assim saberão que o Senhor dos Exércitos me enviou a vocês.</verse>
		<verse number="10">&quot;Pois aqueles que desprezaram o dia das pequenas coisas terão grande alegria ao verem a pedra principal nas mãos de Zorobabel&quot;. Então ele me disse: &quot;Estas sete lâmpadas são os olhos do Senhor, que sondam toda a terra&quot;.</verse>
		<verse number="11">A seguir perguntei ao anjo: &quot;O que significam estas duas oliveiras à direita e à esquerda do candelabro? &quot;</verse>
		<verse number="12">E perguntei também: &quot;O que significam estes dois ramos de oliveira ao lado dos dois tubos de ouro que derramam azeite dourado? &quot;</verse>
		<verse number="13">Ele disse: &quot;Você não sabe? &quot; &quot;Não, meu senhor&quot;, respondi.</verse>
		<verse number="14">Então ele me disse: &quot;São os dois homens que foram ungidos para servir ao Soberano de toda a terra! &quot;</verse>
	</chapter>
	<chapter number="5">
		<verse number="1">Levantei novamente os olhos, e vi diante de mim um pergaminho que voava.</verse>
		<verse number="2">O anjo me perguntou: &quot;O que você está vendo? &quot; Respondi: &quot;Vejo um pergaminho voando, com nove metros de comprimento por quatro e meio de largura&quot;.</verse>
		<verse number="3">Então ele me disse: &quot;Nele está escrita a maldição que está sendo derramada sobre toda a terra: porque tanto o ladrão como o que jura falsamente serão expulsos, conforme essa maldição.</verse>
		<verse number="4">Assim declara o Senhor dos Exércitos: ‘Eu lancei essa maldição para que ela entre na casa do ladrão e na casa do que jura falsamente pelo meu nome. Ela ficará em sua casa e destruirá tanto as vigas como os tijolos! ’ &quot;</verse>
		<verse number="5">Em seguida o anjo que falava comigo se adiantou e me disse: &quot;Olhe e veja o que vem surgindo&quot;.</verse>
		<verse number="6">Perguntei o que era aquilo, e ele me respondeu: &quot;É um cesto&quot;. E disse mais: &quot;Aí está o pecado de todo o povo desta terra&quot;.</verse>
		<verse number="7">Então a tampa de chumbo foi retirada, e ali dentro do cesto estava uma mulher sentada!</verse>
		<verse number="8">Ele disse: &quot;Esta é a Perversidade&quot;, e a empurrou para dentro do cesto e o tapou de novo com a tampa de chumbo.</verse>
		<verse number="9">De novo ergui os olhos e vi chegarem à minha frente duas mulheres com asas como de cegonha; o vento impeliu suas asas, e elas ergueram o cesto entre o céu e a terra.</verse>
		<verse number="10">Perguntei ao anjo: &quot;Para onde estão levando o cesto? &quot;</verse>
		<verse number="11">Ele respondeu: &quot;Para a Babilônia, onde vão construir um santuário para ele. Quando ficar pronto, o cesto será colocado lá, em seu pedestal&quot;.</verse>
	</chapter>
	<chapter number="6">
		<verse number="1">Olhei novamente, e vi diante de mim quatro carruagens que vinham saindo do meio de duas montanhas de bronze.</verse>
		<verse number="2">À primeira estavam atrelados cavalos vermelhos, à segunda, cavalos pretos,</verse>
		<verse number="3">à terceira, cavalos brancos, e à quarta, cavalos malhados. Todos eram vigorosos.</verse>
		<verse number="4">Perguntei ao anjo que falava comigo: &quot;Que representam estes cavalos atrelados, meu senhor? &quot;</verse>
		<verse number="5">O anjo me respondeu: &quot;Estes são os quatro espíritos do céu, que acabam de sair da presença do Soberano de toda a terra.</verse>
		<verse number="6">A carruagem puxada pelos cavalos pretos vai em direção à terra do norte, a que tem cavalos brancos vai em direção ao oriente, e a que tem cavalos malhados vai para a terra do sul&quot;.</verse>
		<verse number="7">Os vigorosos cavalos avançavam, impacientes por percorrer a terra. E o anjo lhes disse: &quot;Percorram toda a terra! &quot; E eles foram.</verse>
		<verse number="8">Então ele me chamou e disse: &quot;Veja, os que foram para a terra do norte deram repouso ao meu Espírito naquela terra&quot;.</verse>
		<verse number="9">E o Senhor me ordenou:</verse>
		<verse number="10">&quot;Tome prata e ouro dos exilados Heldai, Tobias e Jedaías, que chegaram da Babilônia. No mesmo dia vá à casa de Josias, filho de Sofonias.</verse>
		<verse number="11">Pegue a prata e o ouro, faça uma coroa, e coloque-a na cabeça do sumo sacerdote Josué, filho de Jeozadaque.</verse>
		<verse number="12">Diga-lhe que assim diz o Senhor dos Exércitos: ‘Aqui está o homem cujo nome é Renovo, e ele sairá do seu lugar e construirá o templo do Senhor.</verse>
		<verse number="13">Ele construirá o templo do Senhor, será revestido de majestade e se assentará em seu trono para governar. E ele será sacerdote no trono. E haverá harmonia entre os dois’.</verse>
		<verse number="14">A coroa será para Heldai, Tobias, Jedaías e Hem, filho de Sofonias como um memorial no templo do Senhor.</verse>
		<verse number="15">Gente de longe virá ajudar a construir o templo do Senhor. Então vocês saberão que o Senhor dos Exércitos me enviou a vocês. Isto só acontecerá se obedecerem fielmente à voz do Senhor, o seu Deus&quot;.</verse>
	</chapter>
	<chapter number="7">
		<verse number="1">No quarto ano do reinado do rei Dario, a palavra do Senhor veio a Zacarias, no quarto dia do nono mês, o mês de quisleu.</verse>
		<verse number="2">Foi quando o povo de Betel enviou Sarezer e Régen-Meleque com seus homens, para suplicarem ao Senhor</verse>
		<verse number="3">perguntando aos sacerdotes do templo do Senhor dos Exércitos e aos profetas: &quot;Devemos lamentar e jejuar no quinto mês, como já faz tantos anos que estamos fazendo? &quot;</verse>
		<verse number="4">Então o Senhor dos Exércitos me falou:</verse>
		<verse number="5">&quot;Pergunte a todo o povo e aos sacerdotes: Quando vocês jejuaram no quinto e no sétimo meses durante os últimos setenta anos, foi de fato para mim que jejuaram?</verse>
		<verse number="6">E quando comiam e bebiam, não era para vocês mesmos que o faziam?</verse>
		<verse number="7">Não são essas as palavras do Senhor proclamadas pelos antigos profetas quando Jerusalém e as cidades ao seu redor estavam em paz e prosperavam, e o Neguebe e a Sefelá eram habitados? &quot;</verse>
		<verse number="8">E a palavra do Senhor veio novamente a Zacarias:</verse>
		<verse number="9">&quot;Assim diz o Senhor dos Exércitos: ‘Administrem a verdadeira justiça, mostrem misericórdia e compaixão uns para com os outros.</verse>
		<verse number="10">Não oprimam a viúva e o órfão, nem o estrangeiro e o necessitado. Nem tramem maldades uns contra os outros’.</verse>
		<verse number="11">&quot;Mas eles se recusaram a dar atenção; teimosamente viraram as costas e taparam os ouvidos.</verse>
		<verse number="12">Endureceram o coração para não ouvirem a Lei e as palavras que o Senhor dos Exércitos tinha falado pelo seu Espírito por meio dos antigos profetas. Por isso o Senhor dos Exércitos irou-se muito&quot;.</verse>
		<verse number="13">&quot; ‘Quando eu os chamei, não deram ouvidos; por isso, quando eles me chamarem, também não ouvirei’, diz o Senhor dos Exércitos.</verse>
		<verse number="14">‘Eu os espalhei com um vendaval entre nações que eles nem conhecem. A terra que deixaram para trás ficou tão destruída que ninguém podia atravessá-la. Foi assim que transformaram a terra aprazível em ruínas’ &quot;.</verse>
	</chapter>
	<chapter number="8">
		<verse number="1">Mais uma vez veio a mim a palavra do Senhor dos Exércitos:</verse>
		<verse number="2">Assim diz o Senhor dos Exércitos: &quot;Tenho muito ciúme de Sião; estou me consumindo de ciúmes por ela&quot;.</verse>
		<verse number="3">Assim diz o Senhor: &quot;Estou voltando para Sião e habitarei em Jerusalém. Então Jerusalém será chamada Cidade da Verdade, e o monte do Senhor dos Exércitos será chamado Monte Sagrado&quot;.</verse>
		<verse number="4">Assim diz o Senhor dos Exércitos: &quot;Homens e mulheres de idade avançada voltarão a sentar-se nas praças de Jerusalém, cada um com sua bengala, por causa da idade.</verse>
		<verse number="5">As ruas da cidade ficarão cheias de meninos e meninas brincando&quot;.</verse>
		<verse number="6">Assim diz o Senhor dos Exércitos: &quot;Mesmo que isso pareça impossível para o remanescente deste povo naquela época, será impossível para mim? &quot;, declara o Senhor dos Exércitos.</verse>
		<verse number="7">Assim diz o Senhor dos Exércitos: &quot;Salvarei meu povo dos países do leste e do oeste.</verse>
		<verse number="8">Eu os trarei de volta para que habitem em Jerusalém; serão meu povo e eu serei o Deus deles, com fidelidade e justiça&quot;.</verse>
		<verse number="9">Assim diz o Senhor dos Exércitos: &quot;Vocês que estão ouvindo hoje estas palavras já proferidas pelos profetas quando foram lançados os alicerces do templo do Senhor dos Exércitos, fortaleçam as mãos para que o templo seja construído.</verse>
		<verse number="10">Pois antes daquele tempo não havia salários para os homens nem para os animais. Ninguém podia tratar os seus negócios com segurança por causa de seus adversários, porque eu tinha posto cada um contra o seu próximo.</verse>
		<verse number="11">Mas agora não vou mais tratar com o remanescente deste povo como fiz no passado&quot;, declara o Senhor dos Exércitos.</verse>
		<verse number="12">&quot;Haverá uma rica semeadura, a videira dará o seu fruto, a terra produzirá suas colheitas e o céu derramará o orvalho. E darei todas essas coisas como uma herança ao remanescente deste povo.</verse>
		<verse number="13">Assim como vocês foram uma maldição para as nações, ó Judá e Israel, também os salvarei e vocês serão uma bênção. Não tenham medo, antes sejam fortes. &quot;</verse>
		<verse number="14">Assim diz o Senhor dos Exércitos: &quot;Assim como eu havia decidido castigar vocês sem compaixão quando os seus antepassados me enfureceram&quot;, diz o Senhor dos Exércitos,</verse>
		<verse number="15">&quot;também agora decidi fazer de novo o bem a Jerusalém e a Judá. Não tenham medo!</verse>
		<verse number="16">Eis o que devem fazer: Falem somente a verdade uns com os outros, e julguem retamente em seus tribunais;</verse>
		<verse number="17">não planejem no íntimo o mal contra o seu próximo, e não queiram jurar com falsidade. Porque eu odeio todas essas coisas&quot;, declara o Senhor.</verse>
		<verse number="18">Mais uma vez veio a mim a palavra do Senhor dos Exércitos.</verse>
		<verse number="19">Assim diz o Senhor dos Exércitos: &quot;Os jejuns do quarto, do quinto, do sétimo e do décimo meses serão ocasiões alegres e cheias de júbilo, festas felizes para o povo de Judá. Por isso amem a verdade e a paz&quot;.</verse>
		<verse number="20">Assim diz o Senhor dos Exércitos: &quot;Povos e habitantes de muitas cidades ainda virão,</verse>
		<verse number="21">e os habitantes de uma cidade irão a outra e dirão: ‘Vamos logo suplicar o favor do Senhor e buscar o Senhor dos Exércitos. Eu mesmo já estou indo’.</verse>
		<verse number="22">E muitos povos e nações poderosas virão buscar o Senhor dos Exércitos em Jerusalém e suplicar o seu favor&quot;.</verse>
		<verse number="23">Assim diz o Senhor dos Exércitos: &quot;Naqueles dias, dez homens de todas as línguas e nações agarrarão firmemente a barra das vestes de um judeu e dirão: ‘Nós vamos com você porque ouvimos dizer que Deus está com vocês’ &quot;.</verse>
	</chapter>
	<chapter number="9">
		<verse number="1">A advertência do Senhor é contra a terra de Hadraque e cairá sobre Damasco, porque os olhos do Senhor estão sobre toda a humanidade e sobre todas as tribos de Israel,</verse>
		<verse number="2">e também sobre Hamate que faz fronteira com Damasco, e sobre Tiro e Sidom, embora sejam muito sábias.</verse>
		<verse number="3">Tiro construiu para si uma fortaleza; acumulou prata como pó, e ouro como lama das ruas.</verse>
		<verse number="4">Mas o Senhor se apossará dela e lançará no mar suas riquezas, e ela será consumida pelo fogo.</verse>
		<verse number="5">Ao ver isso Ascalom ficará com medo; Gaza também se contorcerá de agonia, assim como Ecrom, porque a sua esperança fracassou. Gaza perderá o seu rei, e Ascalom ficará deserta.</verse>
		<verse number="6">Um povo bastardo ocupará Asdode, e assim eu acabarei com o orgulho dos filisteus.</verse>
		<verse number="7">Tirarei o sangue de suas bocas, e a comida proibida dentre os seus dentes. Aquele que restar pertencerá ao nosso Deus e se tornará chefe em Judá, e Ecrom será como os jebuseus.</verse>
		<verse number="8">Defenderei a minha casa contra os invasores. Nunca mais um opressor passará por cima do meu povo, porque agora eu vejo isso com os meus próprios olhos.</verse>
		<verse number="9">Alegre-se muito, cidade de Sião! Exulte, Jerusalém! Eis que o seu rei vem a você, justo e vitorioso, humilde e montado num jumento, um jumentinho, cria de jumenta.</verse>
		<verse number="10">Ele destruirá os carros de guerra de Efraim e os cavalos de Jerusalém, e os arcos de batalha serão quebrados. Ele proclamará paz às nações e dominará de um mar a outro, e do Eufrates até aos confins da terra.</verse>
		<verse number="11">Quanto a você, por causa do sangue da minha aliança com você, libertarei os seus prisioneiros de um poço sem água.</verse>
		<verse number="12">Voltem à sua fortaleza, ó prisioneiros da esperança; pois hoje mesmo anuncio que restaurarei tudo em dobro para vocês.</verse>
		<verse number="13">Quando eu curvar Judá como se curva um arco e usar Efraim como flecha, levantarei os filhos de Sião contra os filhos da Grécia, e farei você semelhante à espada de um guerreiro.  </verse>
		<verse number="14">Então o Senhor aparecerá sobre eles; sua flecha brilhará como o relâmpago. O Soberano Senhor tocará a trombeta e marchará em meio às tempestades do sul;</verse>
		<verse number="15">o Senhor dos Exércitos os protegerá. Eles pisotearão e destruirão as pedras das atiradeiras. Eles beberão o sangue do inimigo como se fosse vinho; estarão cheios como a bacia usada para aspergir água nos cantos do altar.</verse>
		<verse number="16">Naquele dia o Senhor, o seu Deus, os salvará como rebanho do seu povo, e como jóias de uma coroa brilharão em sua terra.</verse>
		<verse number="17">Ah! Como serão belos! Como serão formosos! O trigo dará vigor aos rapazes, e o vinho novo às moças.</verse>
	</chapter>
	<chapter number="10">
		<verse number="1">Peça ao Senhor a chuva de primavera, pois, é o Senhor quem faz o trovão, quem manda a chuva e lhes dá as plantas do campo.</verse>
		<verse number="2">Porque os ídolos falam mentiras, os adivinhadores têm falsas visões, e contam sonhos enganadores; o consolo que trazem é vão. Por isso o povo vagueia como ovelhas, aflitas pela falta de um pastor.</verse>
		<verse number="3">&quot;Contra os pastores acende-se a minha ira, e contra os líderes eu agirei&quot;. Porque o Senhor dos Exércitos cuida de seu rebanho, o povo de Judá. Ele fará dele o seu brioso corcel na batalha.</verse>
		<verse number="4">Dele virão a pedra fundamental, e a estaca da tenda, o arco da batalha e os governantes.</verse>
		<verse number="5">Juntos serão como guerreiros que pisam a lama das ruas na batalha. Lutarão e derrubarão os cavaleiros porque o Senhor estará com eles.</verse>
		<verse number="6">&quot;Assim, eu fortalecerei a tribo de Judá e salvarei a casa de José. Eu os restaurarei porque tenho compaixão deles. Eles serão como se eu nunca os tivesse rejeitado, porque eu sou o Senhor, o Deus deles, e lhes responderei.</verse>
		<verse number="7">Efraim será como um homem poderoso; seu coração se alegrará como se fosse com vinho, seus filhos o verão e se alegrarão; seus corações exultarão no Senhor.</verse>
		<verse number="8">Assobiarei para eles e os ajuntarei, pois eu já os resgatei. Serão numerosos como antes.</verse>
		<verse number="9">Embora eu os espalhe por entre os povos de terras distantes, eles se lembrarão de mim. Criarão seus filhos e voltarão.</verse>
		<verse number="10">Eu os farei retornar do Egito e os ajuntarei de volta da Assíria. Eu os levarei para as terras de Gileade e do Líbano, e mesmo assim não haverá espaço suficiente para eles.</verse>
		<verse number="11">Passarei pelo mar da aflição, ferirei o mar revoltoso, e as profundezas do Nilo se secarão. O orgulho da Assíria será abatido e o poder do Egito será derrubado.</verse>
		<verse number="12">Eu os fortalecerei no Senhor, em meu nome marcharão&quot;, diz o Senhor.</verse>
	</chapter>
	<chapter number="11">
		<verse number="1">Abra as suas portas, ó Líbano, para que o fogo devore os seus cedros.</verse>
		<verse number="2">Agonize, ó pinheiro, porque o cedro caiu e as majestosas árvores foram devastadas. Agonizem, carvalhos de Basã, pois a floresta densa está sendo derrubada.</verse>
		<verse number="3">Ouçam o gemido dos pastores; os seus formosos pastos foram desvastados. Ouçam o rugido dos leões; pois a rica floresta do Jordão foi destruída.</verse>
		<verse number="4">Assim diz o Senhor, o meu Deus: &quot;Pastoreie o rebanho destinado à matança,</verse>
		<verse number="5">porque os seus compradores o matam e ninguém os castiga. Aqueles que o vendem dizem: ‘Bendito seja Deus, estou rico! ’ Nem os próprios pastores poupam o rebanho.</verse>
		<verse number="6">Por isso, não pouparei mais os habitantes desta terra&quot;, diz o Senhor. &quot;Entregarei cada um ao seu próximo e a seu rei. Eles acabarão com a terra e eu não livrarei ninguém das suas mãos&quot;.</verse>
		<verse number="7">Eu me tornei pastor do rebanho destinado à matança, os oprimidos do rebanho. Então peguei duas varas e chamei a uma Favor e à outra União, e com elas pastoreei o rebanho.</verse>
		<verse number="8">Num mês eu me livrei dos três pastores. Porque eu me cansei deles e o rebanho me detestava.</verse>
		<verse number="9">Então eu disse: Não serei o pastor de vocês. Morram as que estão morrendo, pereçam as que estão perecendo. E as que sobrarem comam a carne umas das outras.</verse>
		<verse number="10">Então peguei a vara chamada Favor e a quebrei, cancelando a aliança que tinha feito com todas as nações.</verse>
		<verse number="11">Foi cancelada naquele dia, e assim os aflitos do rebanho que estavam me olhando entenderam que essa palavra era do Senhor.</verse>
		<verse number="12">Eu lhes disse: Se acharem melhor assim, paguem-me; se não, não me paguem. Então eles me pagaram trinta moedas de prata.</verse>
		<verse number="13">E o Senhor me disse: &quot;Lance isto ao oleiro&quot;, o ótimo preço pelo qual me avaliaram! Por isso tomei as trinta moedas de prata e as atirei no templo do Senhor para o oleiro.</verse>
		<verse number="14">Depois disso, quebrei minha segunda vara, chamada União, rompendo a relação de irmãos entre Judá e Israel.</verse>
		<verse number="15">Então o Senhor me disse: &quot;Pegue novamente os utensílios de um pastor insensato.</verse>
		<verse number="16">Porque levantarei nesta terra um pastor que não se preocupará com as ovelhas perdidas, nem procurará a que está solta, nem curará as machucadas, nem alimentará as sadias, mas comerá a carne das ovelhas mais gordas, arrancando as suas patas.</verse>
		<verse number="17">Ai do pastor imprestável, que abandona o rebanho! Que a espada fira o seu braço e fure o seu olho direito! Que o seu braço seque completamente, e fique totalmente cego o seu olho direito! &quot;</verse>
	</chapter>
	<chapter number="12">
		<verse number="1">Esta é a palavra do Senhor para Israel. Palavra do Senhor, que estende os céus, assenta o alicerce da terra e forma o espírito do homem dentro dele:</verse>
		<verse number="2">&quot;Farei de Jerusalém uma taça que embriague todos os povos ao seu redor, que estarão no cerco contra Judá e Jerusalém.</verse>
		<verse number="3">Naquele dia, quando todas as nações da terra estiverem reunidas para atacá-la, farei de Jerusalém uma pedra pesada para todas as nações. Todos que tentarem levantá-la se machucarão muito.</verse>
		<verse number="4">Naquele dia deixarei todos os cavalos em pânico e os seus cavaleiros loucos&quot;, diz o Senhor. &quot;Protegerei o povo de Judá, mas cegarei todos os cavalos das nações.</verse>
		<verse number="5">Então os líderes de Judá pensarão: ‘Os habitantes de Jerusalém são fortes porque o Senhor dos Exércitos é o seu Deus! ’</verse>
		<verse number="6">&quot;Naquele dia farei que os líderes de Judá sejam semelhantes a um braseiro no meio de um monte de lenha, como uma tocha incandescente entre gravetos. Eles consumirão à direita e à esquerda todos os povos ao redor, mas Jerusalém permanecerá intacta em seu lugar.</verse>
		<verse number="7">&quot;O Senhor salvará primeiro as tendas de Judá, para que a honra da família de Davi e dos habitantes de Jerusalém não seja superior à de Judá.</verse>
		<verse number="8">Naquele dia o Senhor protegerá os que vivem em Jerusalém, de forma que o mais fraco dentre eles será como Davi, e a família de Davi será como Deus, como o anjo do Senhor que vai adiante deles.</verse>
		<verse number="9">&quot;Naquele dia procurarei destruir todas as nações que atacarem Jerusalém.</verse>
		<verse number="10">E derramarei sobre a família de Davi e sobre os habitantes de Jerusalém um espírito de ação de graças e de súplicas. Olharão para mim, aquele a quem traspassaram, e chorarão por ele como quem chora a perda de um filho único, e lamentarão amargamente por ele como quem lamenta a perda do filho mais velho.</verse>
		<verse number="11">Naquele dia muitos chorarão em Jerusalém, como os que choraram em Hadade-Rimon no vale de Megido.</verse>
		<verse number="12">Todo o país chorará, separadamente cada família com suas mulheres chorará: a família de Davi com suas mulheres; a família de Natã com suas mulheres;</verse>
		<verse number="13">a família de Levi com suas mulheres; a família de Simei com suas mulheres,</verse>
		<verse number="14">e todas as demais famílias com suas mulheres.</verse>
	</chapter>
	<chapter number="13">
		<verse number="1">&quot;Naquele dia uma fonte jorrará para os descendentes de Davi e para os habitantes de Jerusalém, para purificá-los do pecado e da impureza.</verse>
		<verse number="2">&quot;Naquele dia eliminarei da terra de Israel os nomes dos ídolos, e nunca mais serão lembrados&quot;, diz o Senhor dos Exércitos. &quot;Removerei da terra tanto os profetas como o espírito imundo.</verse>
		<verse number="3">E se alguém ainda profetizar, seu próprio pai e sua mãe lhe advertirão: ‘Você tem que morrer porque disse mentiras em nome do Senhor’. Quando ele profetizar, os seus próprios pais o esfaquearão.</verse>
		<verse number="4">&quot;Naquele dia todo profeta se envergonhará de sua visão profética. Não usará o manto de profeta feito de pele, para enganar.</verse>
		<verse number="5">Ele dirá: ‘Eu não sou profeta. Sou um homem do campo; a terra tem sido o meu sustento desde a minha mocidade’.</verse>
		<verse number="6">Se alguém lhe perguntar: ‘Que feridas são estas no seu corpo? ’, ele responderá: ‘Eu fui ferido na casa de meus amigos’.</verse>
		<verse number="7">&quot;Levante-se, ó espada, contra o meu pastor, contra o meu companheiro! &quot;, declara o Senhor dos Exércitos. &quot;Fira o pastor, e as ovelhas se dispersarão, e voltarei minha mão para os pequeninos.</verse>
		<verse number="8">Na terra toda, dois terços serão ceifados e morrerão; todavia a terça parte permanecerá&quot;, diz o Senhor.</verse>
		<verse number="9">&quot;Colocarei essa terça parte no fogo, e a refinarei como prata, e a purificarei como ouro. Ela invocará o meu nome, e eu lhe responderei. É o meu povo, direi; e ela dirá: ‘O Senhor é o meu Deus’. &quot;</verse>
	</chapter>
	<chapter number="14">
		<verse number="1">Vejam, o dia do Senhor vem, quando no meio de vocês os seus bens serão divididos.</verse>
		<verse number="2">Reunirei todos os povos para lutarem contra Jerusalém; a cidade será conquistada, as casas saqueadas e as mulheres violentadas. Metade da população será levada para o exílio, mas o restante do povo não será tirado da cidade.</verse>
		<verse number="3">Depois o Senhor sairá à guerra contra aquelas nações, como ele faz em dia de batalha.</verse>
		<verse number="4">Naquele dia os seus pés estarão sobre o monte das Oliveiras, a leste de Jerusalém, e o monte se dividirá ao meio, de leste a oeste, por um grande vale, metade do monte será removido para o norte, a outra metade para o sul.</verse>
		<verse number="5">Vocês fugirão pelo meu vale entre os montes, pois ele se estenderá até Azel. Fugirão como fugiram do terremoto nos dias de Uzias, rei de Judá. Então o Senhor, o meu Deus, virá com todos os seus santos.</verse>
		<verse number="6">Naquele dia não haverá calor nem frio.</verse>
		<verse number="7">Será um dia único, no qual não haverá separação entre dia e noite, porque quando chegar a noite ainda estará claro. Um dia que o Senhor conhece.</verse>
		<verse number="8">Naquele dia águas correntes fluirão de Jerusalém, metade delas para o mar do leste e metade para o mar do oeste. Isto acontecerá tanto no verão quanto no inverno.</verse>
		<verse number="9">O Senhor será rei de toda a terra. Naquele dia haverá um só Senhor e o seu nome será o único nome.</verse>
		<verse number="10">A terra toda, de Geba até Rimom, ao sul de Jerusalém, será semelhante à Arabá. Mas Jerusalém será restabelecida e permanecerá em seu lugar, desde a porta de Benjamim até o lugar da primeira porta, até a porta da Esquina, e desde a torre de Hananeel até aos lagares do rei.</verse>
		<verse number="11">Será habitada; nunca mais será destruída. Jerusalém estará segura.</verse>
		<verse number="12">Esta é a praga com a qual o Senhor castigará todas as nações que lutarem contra Jerusalém: Sua carne apodrecerá enquanto estiverem ainda em pé, seus olhos apodrecerão em suas órbitas e sua língua apodrecerá dentro de suas bocas.</verse>
		<verse number="13">Naquele dia grande confusão dominará essas nações, causada pelo Senhor. Cada um atacará o que estiver ao seu lado.</verse>
		<verse number="14">Também Judá lutará em Jerusalém. A riqueza de todas as nações vizinhas será recolhida, grandes quantidades de ouro, prata e roupas.</verse>
		<verse number="15">A mesma praga cairá sobre cavalos e mulas, camelos e burros, sobre todos os animais daquelas nações.</verse>
		<verse number="16">Então, os sobreviventes de todas as nações que atacaram Jerusalém subirão ano após ano para adorar o rei, o Senhor dos Exércitos, para celebrar a festa das Cabanas.</verse>
		<verse number="17">Se algum dentre os povos da terra não subir a Jerusalém para adorar o Rei, o Senhor dos Exércitos, não virá para ele a chuva.</verse>
		<verse number="18">Se os egípcios não subirem para participar, o Senhor mandará sobre eles a praga com a qual afligirá as nações que se recusarem a ir celebrar a festa das Cabanas.</verse>
		<verse number="19">Sim, essa será a punição do Egito e de todas as nações que não forem celebrar a festa das Cabanas.</verse>
		<verse number="20">Naquele dia estará inscrito nas sinetas penduradas nos cavalos: &quot;Separado para o Senhor&quot;. Os caldeirões do templo do Senhor serão tão sagrados quanto as bacias diante do altar.</verse>
		<verse number="21">Cada panela de Jerusalém e de Judá será separada para o Senhor dos Exércitos, e todos os que vierem sacrificar pegarão panelas e cozinharão nelas. E a partir daquele dia, nunca mais haverá comerciantes no templo do Senhor dos Exércitos.</verse>
	</chapter>
</book>