﻿<?xml version="1.0" encoding="UTF-8"?>
<book name="1ª Coríntios" abbrev="1co" chapters="16">
	<chapter number="1">
		<verse number="1">Paulo, chamado para ser apóstolo de Cristo Jesus pela vontade de Deus, e o irmão Sóstenes,</verse>
		<verse number="2">à igreja de Deus que está em Corinto, aos santificados em Cristo Jesus e chamados para serem santos, juntamente com todos os que, em toda parte, invocam o nome de nosso Senhor Jesus Cristo, Senhor deles e nosso:</verse>
		<verse number="3">A vocês, graça e paz da parte de Deus nosso Pai e do Senhor Jesus Cristo.</verse>
		<verse number="4">Sempre dou graças a meu Deus por vocês, por causa da graça que lhes foi dada por ele em Cristo Jesus.</verse>
		<verse number="5">Pois nele vocês foram enriquecidos em tudo, em toda palavra e em todo conhecimento,</verse>
		<verse number="6">porque o testemunho de Cristo foi confirmado entre vocês,</verse>
		<verse number="7">de modo que não lhes falta nenhum dom espiritual, enquanto vocês aguardam que o nosso Senhor Jesus Cristo seja revelado.</verse>
		<verse number="8">Ele os manterá firmes até o fim, de modo que vocês serão irrepreensíveis no dia de nosso Senhor Jesus Cristo.</verse>
		<verse number="9">Fiel é Deus, o qual os chamou à comunhão com seu Filho Jesus Cristo, nosso Senhor.</verse>
		<verse number="10">Irmãos, em nome de nosso Senhor Jesus Cristo suplico a todos vocês que concordem uns com os outros no que falam, para que não haja divisões entre vocês, e, sim, que todos estejam unidos num só pensamento e num só parecer.</verse>
		<verse number="11">Meus irmãos, fui informado por alguns da casa de Cloe de que há divisões entre vocês.</verse>
		<verse number="12">Com isso quero dizer que cada um de vocês afirma: &quot;Eu sou de Paulo&quot;; &quot;eu de Apolo&quot;; &quot;eu de Pedro&quot;; e &quot;eu de Cristo&quot;.</verse>
		<verse number="13">Acaso Cristo está dividido? Foi Paulo crucificado em favor de vocês? Foram vocês batizados em nome de Paulo?</verse>
		<verse number="14">Dou graças a Deus por não ter batizado nenhum de vocês, exceto Crispo e Gaio;</verse>
		<verse number="15">de modo que ninguém pode dizer que foi batizado em meu nome.</verse>
		<verse number="16">( Batizei também os da casa de Estéfanas; além destes, não me lembro se batizei alguém mais. )</verse>
		<verse number="17">Pois Cristo não me enviou para batizar, mas para pregar o evangelho, não com palavras de sabedoria humana, para que a cruz de Cristo não seja esvaziada. Cristo, Sabedoria e Poder de Deus</verse>
		<verse number="18">Pois a mensagem da cruz é loucura para os que estão perecendo, mas para nós, que estamos sendo salvos, é o poder de Deus.</verse>
		<verse number="19">Pois está escrito: &quot;Destruirei a sabedoria dos sábios e rejeitarei a inteligência dos inteligentes&quot;.</verse>
		<verse number="20">Onde está o sábio? Onde está o erudito? Onde está o questionador desta era? Acaso não tornou Deus louca a sabedoria deste mundo?</verse>
		<verse number="21">Visto que, na sabedoria de Deus, o mundo não o conheceu por meio da sabedoria humana, agradou a Deus salvar aqueles que crêem por meio da loucura da pregação.</verse>
		<verse number="22">Os judeus pedem sinais miraculosos, e os gregos procuram sabedoria;</verse>
		<verse number="23">nós, porém, pregamos a Cristo crucificado, o qual, de fato, é escândalo para os judeus e loucura para os gentios</verse>
		<verse number="24">mas para os que foram chamados, tanto judeus como gregos, Cristo é o poder de Deus e a sabedoria de Deus.</verse>
		<verse number="25">Porque a loucura de Deus é mais sábia que a sabedoria humana, e a fraqueza de Deus é mais forte que a força do homem.</verse>
		<verse number="26">Irmãos, pensem no que vocês eram quando foram chamados. Poucos eram sábios segundo os padrões humanos; poucos eram poderosos; poucos eram de nobre nascimento.</verse>
		<verse number="27">Mas Deus escolheu as coisas loucas do mundo para envergonhar os sábios, e escolheu as coisas fracas do mundo para envergonhar as fortes.</verse>
		<verse number="28">Ele escolheu as coisas insignificantes do mundo, as desprezadas e as que nada são, para reduzir a nada as que são,</verse>
		<verse number="29">para que ninguém se vanglorie diante dele.</verse>
		<verse number="30">É, porém, por iniciativa dele que vocês estão em Cristo Jesus, o qual se tornou sabedoria de Deus para nós, isto é, justiça, santidade e redenção,</verse>
		<verse number="31">para que, como está escrito: &quot;Quem se gloriar, glorie-se no Senhor&quot;.</verse>
	</chapter>
	<chapter number="2">
		<verse number="1">Eu mesmo, irmãos, quando estive entre vocês, não fui com discurso eloqüente nem com muita sabedoria para lhes proclamar o mistério de Deus.</verse>
		<verse number="2">Pois decidi nada saber entre vocês, a não ser Jesus Cristo, e este, crucificado.</verse>
		<verse number="3">E foi com fraqueza, temor e com muito tremor que estive entre vocês.</verse>
		<verse number="4">Minha mensagem e minha pregação não consistiram de palavras persuasivas de sabedoria, mas consistiram de demonstração do poder do Espírito,</verse>
		<verse number="5">para que a fé que vocês têm não se baseasse na sabedoria humana, mas no poder de Deus.</verse>
		<verse number="6">Entretanto, falamos de sabedoria entre os maduros, mas não da sabedoria desta era ou dos poderosos desta era, que estão sendo reduzidos a nada.</verse>
		<verse number="7">Pelo contrário, falamos da sabedoria de Deus, do mistério que estava oculto, o qual Deus preordenou, antes do princípio das eras, para a nossa glória.</verse>
		<verse number="8">Nenhum dos poderosos desta era o entendeu, pois, se o tivessem entendido, não teriam crucificado o Senhor da glória.</verse>
		<verse number="9">Todavia, como está escrito: &quot;Olho nenhum viu, ouvido nenhum ouviu, mente nenhuma imaginou o que Deus preparou para aqueles que o amam&quot;;</verse>
		<verse number="10">mas Deus o revelou a nós por meio do Espírito. O Espírito sonda todas as coisas, até mesmo as coisas mais profundas de Deus.</verse>
		<verse number="11">Pois, quem dentre os homens conhece as coisas do homem, a não ser o espírito do homem que nele está? Da mesma forma, ninguém conhece as coisas de Deus, a não ser o Espírito de Deus.</verse>
		<verse number="12">Nós, porém, não recebemos o espírito do mundo, mas o Espírito procedente de Deus, para que entendamos as coisas que Deus nos tem dado gratuitamente.</verse>
		<verse number="13">Delas também falamos, não com palavras ensinadas pela sabedoria humana, mas com palavras ensinadas pelo Espírito, interpretando verdades espirituais para os que são espirituais.</verse>
		<verse number="14">Quem não tem o Espírito não aceita as coisas que vêm do Espírito de Deus, pois lhe são loucura; e não é capaz de entendê-las, porque elas são discernidas espiritualmente.</verse>
		<verse number="15">Mas quem é espiritual discerne todas as coisas, e ele mesmo por ninguém é discernido; pois</verse>
		<verse number="16">&quot;quem conheceu a mente do Senhor para que possa instruí-lo? &quot; Nós, porém, temos a mente de Cristo.</verse>
	</chapter>
	<chapter number="3">
		<verse number="1">Irmãos, não lhes pude falar como a espirituais, mas como a carnais, como a crianças em Cristo.</verse>
		<verse number="2">Dei-lhes leite, e não alimento sólido, pois vocês não estavam em condições de recebê-lo. De fato, vocês ainda não estão em condições,</verse>
		<verse number="3">porque ainda são carnais. Porque, visto que há inveja e divisão entre vocês, não estão sendo carnais e agindo como mundanos?</verse>
		<verse number="4">Pois quando alguém diz: &quot;Eu sou de Paulo&quot;, e outro: &quot;Eu sou de Apolo&quot;, não estão sendo mundanos?</verse>
		<verse number="5">Afinal de contas, quem é Apolo? Quem é Paulo? Apenas servos por meio dos quais vocês vieram a crer, conforme o ministério que o Senhor atribuiu a cada um.</verse>
		<verse number="6">Eu plantei, Apolo regou, mas Deus é quem fazia crescer;</verse>
		<verse number="7">de modo que nem o que planta nem o que rega são alguma coisa, mas unicamente Deus, que efetua o crescimento.</verse>
		<verse number="8">O que planta e o que rega têm um só propósito, e cada um será recompensado de acordo com o seu próprio trabalho.</verse>
		<verse number="9">Pois nós somos cooperadores de Deus; vocês são lavoura de Deus e edifício de Deus.</verse>
		<verse number="10">Conforme a graça de Deus que me foi concedida, eu, como sábio construtor, lancei o alicerce, e outro está construindo sobre ele. Contudo, veja cada um como constrói.</verse>
		<verse number="11">Porque ninguém pode colocar outro alicerce além do que já está posto, que é Jesus Cristo.</verse>
		<verse number="12">Se alguém constrói sobre esse alicerce, usando ouro, prata, pedras preciosas, madeira, feno ou palha,</verse>
		<verse number="13">sua obra será mostrada, porque o Dia a trará à luz; pois será revelada pelo fogo, que provará a qualidade da obra de cada um.</verse>
		<verse number="14">Se o que alguém construiu permanecer, esse receberá recompensa.</verse>
		<verse number="15">Se o que alguém construiu se queimar, esse sofrerá prejuízo; contudo, será salvo como alguém que escapa através do fogo.</verse>
		<verse number="16">Vocês não sabem que são santuário de Deus e que o Espírito de Deus habita em vocês?</verse>
		<verse number="17">Se alguém destruir o santuário de Deus, Deus o destruirá; pois o santuário de Deus, que são vocês, é sagrado.</verse>
		<verse number="18">Não se enganem. Se algum de vocês pensa que é sábio segundo os padrões desta era, deve tornar-se &quot;louco&quot; para que se torne sábio.</verse>
		<verse number="19">Porque a sabedoria deste mundo é loucura aos olhos de Deus. Pois está escrito: &quot;Ele apanha os sábios na astúcia deles&quot;;</verse>
		<verse number="20">e também: &quot;O Senhor conhece os pensamentos dos sábios e sabe como são fúteis&quot;.</verse>
		<verse number="21">Portanto, ninguém se glorie em homens; porque todas as coisas são de vocês,</verse>
		<verse number="22">seja Paulo, seja Apolo, seja Pedro, seja o mundo, a vida, a morte, o presente ou o futuro; tudo é de vocês,</verse>
		<verse number="23">e vocês são de Cristo, e Cristo, de Deus.</verse>
	</chapter>
	<chapter number="4">
		<verse number="1">Portanto, que todos nos considerem como servos de Cristo e encarregados dos mistérios de Deus.</verse>
		<verse number="2">O que se requer destes encarregados é que sejam fiéis.</verse>
		<verse number="3">Pouco me importa ser julgado por vocês ou por qualquer tribunal humano; de fato, nem eu julgo a mim mesmo.</verse>
		<verse number="4">Embora em nada minha consciência me acuse, nem por isso justifico a mim mesmo; o Senhor é quem me julga.</verse>
		<verse number="5">Portanto, não julguem nada antes da hora devida; esperem até que o Senhor venha. Ele trará à luz o que está oculto nas trevas e manifestará as intenções dos corações. Nessa ocasião, cada um receberá de Deus a sua aprovação.</verse>
		<verse number="6">Irmãos, apliquei essas coisas a mim e a Apolo por amor a vocês, para que aprendam de nós o que significa: &quot;Não ultrapassem o que está escrito&quot;. Assim, ninguém se orgulhe a favor de um homem em detrimento de outro.</verse>
		<verse number="7">Pois, quem torna você diferente de qualquer outra pessoa? O que você tem que não tenha recebido? E se o recebeu, por que se orgulha, como se assim não fosse?</verse>
		<verse number="8">Vocês já têm tudo o que querem! Já se tornaram ricos! Chegaram a ser reis — e sem nós! Como eu gostaria que vocês realmente fossem reis, para que nós também reinássemos com vocês!</verse>
		<verse number="9">Porque me parece que Deus nos colocou a nós, os apóstolos, em último lugar, como condenados à morte. Temo-nos tornado um espetáculo para o mundo, tanto diante de anjos como de homens.</verse>
		<verse number="10">Nós somos loucos por causa de Cristo, mas vocês são sensatos em Cristo! Nós somos fracos, mas vocês são fortes! Vocês são respeitados, mas nós somos desprezados!</verse>
		<verse number="11">Até agora estamos passando fome, sede e necessidade de roupas, estamos sendo tratados brutalmente, não temos residência certa e</verse>
		<verse number="12">trabalhamos arduamente com nossas próprias mãos. Quando somos amaldiçoados, abençoamos; quando perseguidos, suportamos;</verse>
		<verse number="13">quando caluniados, respondemos amavelmente. Até agora nos tornamos a escória da terra, o lixo do mundo.</verse>
		<verse number="14">Não estou tentando envergonhá-los ao escrever estas coisas, mas procuro adverti-los, como a meus filhos amados.</verse>
		<verse number="15">Embora possam ter dez mil tutores em Cristo, vocês não têm muitos pais, pois em Cristo Jesus eu mesmo os gerei por meio do evangelho.</verse>
		<verse number="16">Portanto, suplico-lhes que sejam meus imitadores.</verse>
		<verse number="17">Por essa razão estou lhes enviando Timóteo, meu filho amado e fiel no Senhor, o qual lhes trará à lembrança a minha maneira de viver em Cristo Jesus, de acordo com o que eu ensino por toda parte, em todas as igrejas.</verse>
		<verse number="18">Alguns de vocês se tornaram arrogantes, como se eu não fosse mais visitá-los.</verse>
		<verse number="19">Mas irei muito em breve, se o Senhor permitir; então saberei não apenas o que estão falando esses arrogantes, mas que poder eles têm.</verse>
		<verse number="20">Pois o Reino de Deus não consiste de palavras, mas de poder.</verse>
		<verse number="21">Que é que vocês querem? Devo ir a vocês com vara, ou com amor e espírito de mansidão?</verse>
	</chapter>
	<chapter number="5">
		<verse number="1">Por toda parte se ouve que há imoralidade entre vocês, imoralidade que não ocorre nem entre os pagãos, a ponto de alguém de vocês possuir a mulher de seu pai.</verse>
		<verse number="2">E vocês estão orgulhosos! Não deviam, porém, estar cheios de tristeza e expulsar da comunhão aquele que fez isso?</verse>
		<verse number="3">Apesar de eu não estar presente fisicamente, estou com vocês em espírito. E já condenei aquele que fez isso, como se estivesse presente.</verse>
		<verse number="4">Quando vocês estiverem reunidos em nome de nosso Senhor Jesus, estando eu com vocês em espírito, estando presente também o poder de nosso Senhor Jesus Cristo,</verse>
		<verse number="5">entreguem esse homem a Satanás, para que o corpo seja destruído, e seu espírito seja salvo no dia do Senhor.</verse>
		<verse number="6">O orgulho de vocês não é bom. Vocês não sabem que um pouco de fermento faz toda a massa ficar fermentada?</verse>
		<verse number="7">Livrem-se do fermento velho, para que sejam massa nova e sem fermento, como realmente são. Pois Cristo, nosso Cordeiro pascal, foi sacrificado.</verse>
		<verse number="8">Por isso, celebremos a festa, não com o fermento velho, nem com o fermento da maldade e da perversidade, mas com os pães sem fermento da sinceridade e da verdade.</verse>
		<verse number="9">Já lhes disse por carta que vocês não devem associar-se com pessoas imorais.</verse>
		<verse number="10">Com isso não me refiro aos imorais deste mundo, nem aos avarentos, aos ladrões ou aos idólatras. Se assim fosse, vocês precisariam sair deste mundo.</verse>
		<verse number="11">Mas agora estou lhes escrevendo que não devem associar-se com qualquer que, dizendo-se irmão, seja imoral, avarento, idólatra, caluniador, alcoólatra ou ladrão. Com tais pessoas vocês nem devem comer.</verse>
		<verse number="12">Pois, como haveria eu de julgar os de fora da igreja? Não devem vocês julgar os que estão dentro?</verse>
		<verse number="13">Deus julgará os de fora. &quot;Expulsem esse perverso do meio de vocês&quot;.</verse>
	</chapter>
	<chapter number="6">
		<verse number="1">Se algum de vocês tem queixa contra outro irmão, como ousa apresentar a causa para ser julgada pelos ímpios, em vez de levá-la aos santos?</verse>
		<verse number="2">Vocês não sabem que os santos hão de julgar o mundo? Se vocês hão de julgar o mundo, acaso não são capazes de julgar as causas de menor importância?</verse>
		<verse number="3">Vocês não sabem que haveremos de julgar os anjos? Quanto mais as coisas desta vida!</verse>
		<verse number="4">Portanto, se vocês têm questões relativas às coisas desta vida, designem para juízes os que são da igreja, mesmo que sejam os menos importantes.</verse>
		<verse number="5">Digo isso para envergonhá-los. Acaso não há entre vocês alguém suficientemente sábio para julgar uma causa entre irmãos?</verse>
		<verse number="6">Mas, ao invés disso, um irmão vai ao tribunal contra outro irmão, e isso diante de descrentes!</verse>
		<verse number="7">O fato de haver litígios entre vocês já significa uma completa derrota. Por que não preferem sofrer a injustiça? Por que não preferem sofrer o prejuízo?</verse>
		<verse number="8">Em vez disso vocês mesmos causam injustiças e prejuízos, e isso contra irmãos!</verse>
		<verse number="9">Vocês não sabem que os perversos não herdarão o Reino de Deus? Não se deixem enganar: nem imorais, nem idólatras, nem adúlteros, nem homossexuais passivos ou ativos,</verse>
		<verse number="10">nem ladrões, nem avarentos, nem alcoólatras, nem caluniadores, nem trapaceiros herdarão o Reino de Deus.</verse>
		<verse number="11">Assim foram alguns de vocês. Mas vocês foram lavados, foram santificados, foram justificados no nome do Senhor Jesus Cristo e no Espírito de nosso Deus.</verse>
		<verse number="12">&quot;Tudo me é permitido&quot;, mas nem tudo convém. &quot;Tudo me é permitido&quot;, mas eu não deixarei que nada domine.</verse>
		<verse number="13">&quot;Os alimentos foram feitos para o estômago e o estômago para os alimentos&quot;, mas Deus destruirá ambos. O corpo, porém, não é para a imoralidade, mas para o Senhor, e o Senhor para o corpo.</verse>
		<verse number="14">Por seu poder, Deus ressuscitou o Senhor e também nos ressuscitará.</verse>
		<verse number="15">Vocês não sabem que os seus corpos são membros de Cristo? Tomarei eu os membros de Cristo e os unirei a uma prostituta? De modo nenhum!</verse>
		<verse number="16">Vocês não sabem que aquele que se une a uma prostituta é um corpo com ela? Pois, como está escrito: &quot;Os dois serão uma só carne&quot;.</verse>
		<verse number="17">Mas aquele que se une ao Senhor é um espírito com ele.</verse>
		<verse number="18">Fujam da imoralidade sexual. Todos os outros pecados que alguém comete, fora do corpo os comete; mas quem peca sexualmente, peca contra o seu próprio corpo.</verse>
		<verse number="19">Acaso não sabem que o corpo de vocês é santuário do Espírito Santo que habita em vocês, que lhes foi dado por Deus, e que vocês não são de si mesmos?</verse>
		<verse number="20">Vocês foram comprados por alto preço. Portanto, glorifiquem a Deus com o corpo de vocês.</verse>
	</chapter>
	<chapter number="7">
		<verse number="1">Quanto aos assuntos sobre os quais vocês escreveram, é bom que o homem não toque em mulher,</verse>
		<verse number="2">mas, por causa da imoralidade, cada um deve ter sua esposa, e cada mulher o seu próprio marido.</verse>
		<verse number="3">O marido deve cumprir os seus deveres conjugais para com a sua mulher, e da mesma forma a mulher para com o seu marido.</verse>
		<verse number="4">A mulher não tem autoridade sobre o seu próprio corpo, mas sim o marido. Da mesma forma, o marido não tem autoridade sobre o seu próprio corpo, mas sim a mulher.</verse>
		<verse number="5">Não se recusem um ao outro, exceto por mútuo consentimento e durante certo tempo, para se dedicarem à oração. Depois, unam-se de novo, para que Satanás não os tente por não terem domínio próprio.</verse>
		<verse number="6">Digo isso como concessão, e não como mandamento.</verse>
		<verse number="7">Gostaria que todos os homens fossem como eu; mas cada um tem o seu próprio dom da parte de Deus; um de um modo, outro de outro.</verse>
		<verse number="8">Digo, porém, aos solteiros e às viúvas: é bom que permaneçam como eu.</verse>
		<verse number="9">Mas, se não conseguem controlar-se, devem casar-se, pois é melhor casar-se do que ficar ardendo de desejo.</verse>
		<verse number="10">Aos casados dou este mandamento, não eu, mas o Senhor: que a esposa não se separe do seu marido.</verse>
		<verse number="11">Mas, se o fizer, que permaneça sem se casar ou, então, reconcilie-se com o seu marido. E o marido não se divorcie da sua mulher.</verse>
		<verse number="12">Aos outros eu mesmo digo isto, e não o Senhor: se um irmão tem mulher descrente, e ela se dispõe a viver com ele, não se divorcie dela.</verse>
		<verse number="13">E, se uma mulher tem marido descrente, e ele se dispõe a viver com ela, não se divorcie dele.</verse>
		<verse number="14">Pois o marido descrente é santificado por meio da mulher, e a mulher descrente é santificada por meio do marido. Se assim não fosse, seus filhos seriam impuros, mas agora são santos.</verse>
		<verse number="15">Todavia, se o descrente separar-se, que se separe. Em tais casos, o irmão ou a irmã não fica debaixo de servidão; Deus nos chamou para vivermos em paz.</verse>
		<verse number="16">Você, mulher, como sabe se salvará seu marido? Ou você, marido, como sabe se salvará sua mulher?</verse>
		<verse number="17">Entretanto, cada um continue vivendo na condição que o Senhor lhe designou e de acordo com o chamado de Deus. Esta é a minha ordem para todas as igrejas.</verse>
		<verse number="18">Foi alguém chamado sendo já circunciso? Não desfaça a sua circuncisão. Foi alguém chamado sendo incircunciso? Não se circuncide.</verse>
		<verse number="19">A circuncisão não significa nada, e a incircuncisão também nada é; o que importa é obedecer aos mandamentos de Deus.</verse>
		<verse number="20">Cada um deve permanecer na condição em que foi chamado por Deus.</verse>
		<verse number="21">Foi você chamado sendo escravo? Não se incomode com isso. Mas, se você puder conseguir a liberdade, consiga-a.</verse>
		<verse number="22">Pois aquele que, sendo escravo, foi chamado pelo Senhor, é liberto e pertence ao Senhor; semelhantemente, aquele que era livre quando foi chamado, é escravo de Cristo.</verse>
		<verse number="23">Vocês foram comprados por alto preço; não se tornem escravos de homens.</verse>
		<verse number="24">Irmãos, cada um deve permanecer diante de Deus na condição em que foi chamado.</verse>
		<verse number="25">Quanto às pessoas virgens, não tenho mandamento do Senhor, mas dou meu parecer como alguém que, pela misericórdia de Deus, é digno de confiança.</verse>
		<verse number="26">Por causa dos problemas atuais, penso que é melhor o homem permanecer como está.</verse>
		<verse number="27">Você está casado? Não procure separar-se. Está solteiro? Não procure esposa.</verse>
		<verse number="28">Mas, se vier a casar-se, não comete pecado; e, se uma virgem se casar, também não comete pecado. Mas aqueles que se casarem enfrentarão muitas dificuldades na vida, e eu gostaria de poupá-los disso.</verse>
		<verse number="29">O que quero dizer é que o tempo é pouco. De agora em diante, aqueles que têm esposa, vivam como se não tivessem;</verse>
		<verse number="30">aqueles que choram, como se não chorassem; os que estão felizes, como se não estivessem; os que compram algo, como se nada possuíssem;</verse>
		<verse number="31">os que usam as coisas do mundo, como se não as usassem; porque a forma presente deste mundo está passando.</verse>
		<verse number="32">Gostaria de vê-los livres de preocupações. O homem que não é casado preocupa-se com as coisas do Senhor, em como agradar ao Senhor.</verse>
		<verse number="33">Mas o homem casado preocupa-se com as coisas deste mundo, em como agradar sua mulher,</verse>
		<verse number="34">e está dividido. Tanto a mulher não casada como a virgem preocupam-se com as coisas do Senhor, para serem santas no corpo e no espírito. Mas a casada preocupa-se com as coisas deste mundo, em como agradar seu marido.</verse>
		<verse number="35">Estou dizendo isso para o próprio bem de vocês; não para lhes impor restrições, mas para que vocês possam viver de maneira correta, em plena consagração ao Senhor.</verse>
		<verse number="36">Se alguém acha que não está tratando sua filha como é devido e que ela está numa idade madura, pelo que ele se sente obrigado a casá-la, faça como achar melhor. Com isso não peca. Deve permitir que se case.</verse>
		<verse number="37">Contudo, o que se mantém firme no seu propósito e não é dominado por seus impulsos mas domina sua própria vontade, e resolveu manter solteira sua filha, este também faz bem.</verse>
		<verse number="38">De modo que aquele que dá sua filha em casamento faz bem, mas o que não a dá em casamento faz melhor.</verse>
		<verse number="39">A mulher está ligada a seu marido enquanto ele viver. Mas, se o seu marido morrer, ela estará livre para se casar com quem quiser, contanto que ele pertença ao Senhor.</verse>
		<verse number="40">Em meu parecer, ela será mais feliz se permanecer como está; e penso que também tenho o Espírito de Deus.</verse>
	</chapter>
	<chapter number="8">
		<verse number="1">Com respeito aos alimentos sacrificados aos ídolos, sabemos que todos temos conhecimento. O conhecimento traz orgulho, mas o amor edifica.</verse>
		<verse number="2">Quem pensa conhecer alguma coisa, ainda não conhece como deveria.</verse>
		<verse number="3">Mas quem ama a Deus, este é conhecido por Deus.</verse>
		<verse number="4">Portanto, em relação ao alimento sacrificado aos ídolos, sabemos que o ídolo não significa nada no mundo e que só existe um Deus.</verse>
		<verse number="5">Pois mesmo que haja os chamados deuses, quer no céu, quer na terra, ( como de fato há muitos &quot;deuses&quot; e muitos &quot;senhores&quot; ),</verse>
		<verse number="6">para nós, porém, há um único Deus, o Pai, de quem vêm todas as coisas e para quem vivemos; e um só Senhor, Jesus Cristo, por meio de quem vieram todas as coisas e por meio de quem vivemos.</verse>
		<verse number="7">Contudo, nem todos têm esse conhecimento. Alguns, ainda habituados com os ídolos, comem esse alimento como se fosse um sacrifício idólatra; e como a consciência deles é fraca, esta fica contaminada.</verse>
		<verse number="8">A comida, porém, não nos torna aceitáveis diante de Deus; não seremos piores se não comermos, nem melhores se comermos.</verse>
		<verse number="9">Contudo, tenham cuidado para que o exercício da liberdade de vocês não se torne uma pedra de tropeço para os fracos.</verse>
		<verse number="10">Pois, se alguém que tem a consciência fraca vir você que tem este conhecimento comer num templo de ídolos, não será induzido a comer do que foi sacrificado a ídolos?</verse>
		<verse number="11">Assim, esse irmão fraco, por quem Cristo morreu, é destruído por causa do conhecimento que você tem.</verse>
		<verse number="12">Quando você peca contra seus irmãos dessa maneira, ferindo a consciência fraca deles, peca contra Cristo.</verse>
		<verse number="13">Portanto, se aquilo que eu como leva o meu irmão a pecar, nunca mais comerei carne, para não fazer meu irmão tropeçar.</verse>
	</chapter>
	<chapter number="9">
		<verse number="1">Não sou livre? Não sou apóstolo? Não vi Jesus, nosso Senhor? Não são vocês resultado do meu trabalho no Senhor?</verse>
		<verse number="2">Ainda que eu não seja apóstolo para outros, certamente o sou para vocês! Pois vocês são o selo do meu apostolado no Senhor.</verse>
		<verse number="3">Esta é minha defesa diante daqueles que me julgam.</verse>
		<verse number="4">Não temos nós o direito de comer e beber?</verse>
		<verse number="5">Não temos nós o direito de levar conosco uma esposa crente como fazem os outros apóstolos, os irmãos do Senhor e Pedro?</verse>
		<verse number="6">Ou será que apenas eu e Barnabé não temos o direito de deixar de trabalhar para termos sustento?</verse>
		<verse number="7">Quem serve como soldado às suas próprias custas? Quem planta uma vinha e não come do seu fruto? Quem apascenta um rebanho e não bebe do seu leite?</verse>
		<verse number="8">Não digo isso do ponto de vista meramente humano; a Lei não diz a mesma coisa?</verse>
		<verse number="9">Pois está escrito na Lei de Moisés: &quot;Não amordace o boi enquanto ele estiver debulhando o cereal&quot;. Por acaso é com bois que Deus está preocupado?</verse>
		<verse number="10">Não é certamente por nossa causa que ele o diz? Sim, isso foi escrito em nosso favor. Porque &quot;o lavrador quando ara e o debulhador quando debulha, devem fazê-lo na esperança de participar da colheita&quot;.</verse>
		<verse number="11">Se entre vocês semeamos coisas espirituais, seria demais colhermos de vocês coisas materiais?</verse>
		<verse number="12">Se outros têm direito de ser sustentados por vocês, não o temos nós ainda mais? Mas nós nunca usamos desse direito. Pelo contrário, suportamos tudo para não colocar obstáculo algum ao evangelho de Cristo.</verse>
		<verse number="13">Vocês não sabem que aqueles que trabalham no templo alimentam-se das coisas do templo, e que os que servem diante do altar participam do que é oferecido no altar?</verse>
		<verse number="14">Da mesma forma o Senhor ordenou àqueles que pregam o evangelho, que vivam do evangelho.</verse>
		<verse number="15">Mas eu não tenho usado de nenhum desses direitos. Não estou escrevendo na esperança de que vocês façam isso por mim. Prefiro morrer a permitir que alguém me prive deste meu orgulho.</verse>
		<verse number="16">Contudo, quando prego o evangelho, não posso me orgulhar, pois me é imposta a necessidade de pregar. Ai de mim se não pregar o evangelho!</verse>
		<verse number="17">Porque, se prego de livre vontade, tenho recompensa; contudo, como prego por obrigação, estou simplesmente cumprindo uma incumbência a mim confiada.</verse>
		<verse number="18">Qual é, pois, a minha recompensa? Apenas esta: que, pregando o evangelho, eu o apresente gratuitamente, não usando, assim, dos meus direitos ao pregá-lo.</verse>
		<verse number="19">Porque, embora seja livre de todos, fiz-me escravo de todos, para ganhar o maior número possível de pessoas.</verse>
		<verse number="20">Tornei-me judeu para os judeus, a fim de ganhar os judeus. Para os que estão debaixo da lei, tornei-me como se estivesse sujeito à lei, ( embora eu mesmo não esteja debaixo da lei ), a fim de ganhar os que estão debaixo da lei.</verse>
		<verse number="21">Para os que estão sem lei, tornei-me como sem lei ( embora não esteja livre da lei de Deus, mas sim sob a lei de Cristo ), a fim de ganhar os que não têm a lei.</verse>
		<verse number="22">Para com os fracos tornei-me fraco, para ganhar os fracos. Tornei-me tudo para com todos, para de alguma forma salvar alguns.</verse>
		<verse number="23">Faço tudo isso por causa do evangelho, para ser co-participante dele.</verse>
		<verse number="24">Vocês não sabem que dentre todos os que correm no estádio, apenas um ganha o prêmio? Corram de tal modo que alcancem o prêmio.</verse>
		<verse number="25">Todos os que competem nos jogos se submetem a um treinamento rigoroso, para obter uma coroa que logo perece; mas nós o fazemos para ganhar uma coroa que dura para sempre.</verse>
		<verse number="26">Sendo assim, não corro como quem corre sem alvo, e não luto como quem esmurra o ar.</verse>
		<verse number="27">Mas esmurro o meu corpo e faço dele meu escravo, para que, depois de ter pregado aos outros, eu mesmo não venha a ser reprovado.</verse>
	</chapter>
	<chapter number="10">
		<verse number="1">Porque não quero, irmãos, que vocês ignorem o fato de que todos os nossos antepassados estiveram sob a nuvem e todos passaram pelo mar.</verse>
		<verse number="2">Em Moisés, todos eles foram batizados na nuvem e no mar.</verse>
		<verse number="3">Todos comeram do mesmo alimento espiritual</verse>
		<verse number="4">e beberam da mesma bebida espiritual; pois bebiam da rocha espiritual que os acompanhava, e essa rocha era Cristo.</verse>
		<verse number="5">Contudo, Deus não se agradou da maioria deles; por isso os seus corpos ficaram espalhados no deserto.</verse>
		<verse number="6">Essas coisas ocorreram como exemplos para nós, para que não cobicemos coisas más, como eles fizeram.</verse>
		<verse number="7">Não sejam idólatras, como alguns deles foram, conforme está escrito: &quot;O povo se assentou para comer e beber, e levantou-se para se entregar à farra&quot;.</verse>
		<verse number="8">Não pratiquemos imoralidade, como alguns deles fizeram — e num só dia morreram vinte e três mil.</verse>
		<verse number="9">Não devemos pôr o Senhor à prova, como alguns deles fizeram — e foram mortos por serpentes.</verse>
		<verse number="10">E não se queixem, como alguns deles se queixaram — e foram mortos pelo anjo destruidor.</verse>
		<verse number="11">Essas coisas aconteceram a eles como exemplos e foram escritas como advertência para nós, sobre quem tem chegado o fim dos tempos.</verse>
		<verse number="12">Assim, aquele que julga estar firme, cuide-se para que não caia!</verse>
		<verse number="13">Não sobreveio a vocês tentação que não fosse comum aos homens. E Deus é fiel; ele não permitirá que vocês sejam tentados além do que podem suportar. Mas, quando forem tentados, ele lhes providenciará um escape, para que o possam suportar.</verse>
		<verse number="14">Por isso, meus amados irmãos, fujam da idolatria.</verse>
		<verse number="15">Estou falando a pessoas sensatas; julguem vocês mesmos o que estou dizendo.</verse>
		<verse number="16">Não é verdade que o cálice da bênção que abençoamos é uma participação no sangue de Cristo, e que o pão que partimos é uma participação no corpo de Cristo?</verse>
		<verse number="17">Por haver um único pão, nós, que somos muitos, somos um só corpo, pois todos participamos de um único pão.</verse>
		<verse number="18">Considerem o povo de Israel: os que comem dos sacrifícios não participam do altar?</verse>
		<verse number="19">Portanto, que estou querendo dizer? Será que o sacrifício oferecido a um ídolo é alguma coisa? Ou o ídolo é alguma coisa?</verse>
		<verse number="20">Não! Quero dizer que o que os pagãos sacrificam é oferecido aos demônios e não a Deus, e não quero que vocês tenham comunhão com os demônios.</verse>
		<verse number="21">Vocês não podem beber do cálice do Senhor e do cálice dos demônios; não podem participar da mesa do Senhor e da mesa dos demônios.</verse>
		<verse number="22">Porventura provocaremos o ciúme do Senhor? Somos mais fortes do que ele?</verse>
		<verse number="23">&quot;Tudo é permitido&quot;, mas nem tudo convém. &quot;Tudo é permitido&quot;, mas nem tudo edifica.</verse>
		<verse number="24">Ninguém deve buscar o seu próprio bem, mas sim o dos outros.</verse>
		<verse number="25">Comam de tudo o que se vende no mercado, sem fazer perguntas por causa da consciência,</verse>
		<verse number="26">pois &quot;do Senhor é a terra e tudo o que nela existe&quot;.</verse>
		<verse number="27">Se algum descrente o convidar para uma refeição e você quiser ir, coma de tudo o que lhe for apresentado, sem nada perguntar por causa da consciência.</verse>
		<verse number="28">Mas se alguém lhe disser: &quot;Isto foi oferecido em sacrifício&quot;, não coma, tanto por causa da pessoa que o comentou, como da consciência,</verse>
		<verse number="29">isto é, da consciência do outro e não da sua própria. Pois, por que minha liberdade deve ser julgada pela consciência dos outros?</verse>
		<verse number="30">Se participo da refeição com ação de graças, por que sou condenado por algo pelo qual dou graças a Deus?</verse>
		<verse number="31">Assim, quer vocês comam, bebam ou façam qualquer outra coisa, façam tudo para a glória de Deus.</verse>
		<verse number="32">Não se tornem motivo de tropeço, nem para judeus, nem para gregos, nem para a igreja de Deus.</verse>
		<verse number="33">Também eu procuro agradar a todos de todas as formas. Porque não estou procurando o meu próprio bem, mas o bem de muitos, para que sejam salvos.</verse>
	</chapter>
	<chapter number="11">
		<verse number="1">Tornem-se meus imitadores, como eu o sou de Cristo.</verse>
		<verse number="2">Eu os elogio por se lembrarem de mim em tudo e por se apegarem às tradições, exatamente como eu as transmiti a vocês.</verse>
		<verse number="3">Quero, porém, que entendam que o cabeça de todo homem é Cristo, e o cabeça da mulher é o homem, e o cabeça de Cristo é Deus.</verse>
		<verse number="4">Todo homem que ora ou profetiza com a cabeça coberta desonra a sua cabeça;</verse>
		<verse number="5">e toda mulher que ora ou profetiza com a cabeça descoberta desonra a sua cabeça; pois é como se a tivesse rapada.</verse>
		<verse number="6">Se a mulher não cobre a cabeça, deve também cortar o cabelo; se, porém, é vergonhoso para a mulher ter o cabelo cortado ou rapado, ela deve cobrir a cabeça.</verse>
		<verse number="7">O homem não deve cobrir a cabeça, visto que ele é imagem e glória de Deus; mas a mulher é glória do homem.</verse>
		<verse number="8">Pois o homem não se originou da mulher, mas a mulher do homem;</verse>
		<verse number="9">além disso, o homem não foi criado por causa da mulher, mas a mulher por causa do homem.</verse>
		<verse number="10">Por essa razão e por causa dos anjos, a mulher deve ter sobre a cabeça um sinal de autoridade.</verse>
		<verse number="11">No Senhor, todavia, a mulher não é independente do homem, nem o homem independente da mulher.</verse>
		<verse number="12">Pois, assim como a mulher proveio do homem, também o homem nasce da mulher. Mas tudo provém de Deus.</verse>
		<verse number="13">Julguem entre vocês mesmos: é apropriado a uma mulher orar a Deus com a cabeça descoberta?</verse>
		<verse number="14">A própria natureza das coisas não lhes ensina que é uma desonra para o homem ter cabelo comprido,</verse>
		<verse number="15">e que o cabelo comprido é uma glória para a mulher? Pois o cabelo comprido foi lhe dado como manto.</verse>
		<verse number="16">Mas se alguém quiser fazer polêmica a esse respeito, nós não temos esse costume, nem as igrejas de Deus.</verse>
		<verse number="17">Entretanto, nisto que lhes vou dizer não os elogio, pois as reuniões de vocês mais fazem mal do que bem.</verse>
		<verse number="18">Em primeiro lugar, ouço que, quando vocês se reúnem como igreja, há divisões entre vocês, e até certo ponto eu o creio.</verse>
		<verse number="19">Pois é necessário que haja divergências entre vocês, para que sejam conhecidos quais dentre vocês são aprovados.</verse>
		<verse number="20">Quando vocês se reúnem, não é para comer a ceia do Senhor,</verse>
		<verse number="21">porque cada um come sua própria ceia sem esperar pelos outros. Assim, enquanto um fica com fome, outro se embriaga.</verse>
		<verse number="22">Será que vocês não têm casa onde comer e beber? Ou desprezam a igreja de Deus e humilham os que nada têm? Que lhes direi? Eu os elogiarei por isso? Certamente que não!</verse>
		<verse number="23">Pois recebi do Senhor o que também lhes entreguei: que o Senhor Jesus, na noite em que foi traído, tomou o pão</verse>
		<verse number="24">e, tendo dado graças, partiu-o e disse: &quot;Isto é o meu corpo, que é dado em favor de vocês; façam isto em memória de mim&quot;.</verse>
		<verse number="25">Da mesma forma, depois da ceia ele tomou o cálice e disse: &quot;Este cálice é a nova aliança no meu sangue; façam isto, sempre que o beberem, em memória de mim&quot;.</verse>
		<verse number="26">Porque, sempre que comerem deste pão e beberem deste cálice, vocês anunciam a morte do Senhor até que ele venha.</verse>
		<verse number="27">Portanto, todo aquele que comer o pão ou beber o cálice do Senhor indignamente será culpado de pecar contra o corpo e o sangue do Senhor.</verse>
		<verse number="28">Examine-se o homem a si mesmo, e então coma do pão e beba do cálice.</verse>
		<verse number="29">Pois quem come e bebe sem discernir o corpo do Senhor, come e bebe para sua própria condenação.</verse>
		<verse number="30">Por isso há entre vocês muitos fracos e doentes, e vários já dormiram.</verse>
		<verse number="31">Mas, se nós nos examinássemos a nós mesmos, não receberíamos juízo.</verse>
		<verse number="32">Quando, porém, somos julgados pelo Senhor, estamos sendo disciplinados para que não sejamos condenados com o mundo.</verse>
		<verse number="33">Portanto, meus irmãos, quando vocês se reunirem para comer, esperem uns pelos outros.</verse>
		<verse number="34">Se alguém estiver com fome, coma em casa, para que, quando vocês se reunirem, isso não resulte em condenação. Quanto ao mais, quando eu for lhes darei instruções.</verse>
	</chapter>
	<chapter number="12">
		<verse number="1">Irmãos, quanto aos dons espirituais, não quero que vocês sejam ignorantes.</verse>
		<verse number="2">Vocês sabem que, quando eram pagãos, de uma forma ou de outra eram fortemente atraídos e levados para os ídolos mudos.</verse>
		<verse number="3">Por isso, eu lhes afirmo que ninguém que fala pelo Espírito de Deus diz: &quot;Jesus seja amaldiçoado&quot;; e ninguém pode dizer: &quot;Jesus é Senhor&quot;, a não ser pelo Espírito Santo.</verse>
		<verse number="4">Há diferentes tipos de dons, mas o Espírito é o mesmo.</verse>
		<verse number="5">Há diferentes tipos de ministérios, mas o Senhor é o mesmo.</verse>
		<verse number="6">Há diferentes formas de atuação, mas é o mesmo Deus quem efetua tudo em todos.</verse>
		<verse number="7">A cada um, porém, é dada a manifestação do Espírito, visando ao bem comum.</verse>
		<verse number="8">Pelo Espírito, a um é dada a palavra de sabedoria; a outro, a palavra de conhecimento, pelo mesmo Espírito;</verse>
		<verse number="9">a outro, fé, pelo mesmo Espírito; a outro, dons de cura, pelo único Espírito;</verse>
		<verse number="10">a outro, poder para operar milagres; a outro, profecia; a outro, discernimento de espíritos; a outro, variedade de línguas; e ainda a outro, interpretação de línguas.</verse>
		<verse number="11">Todas essas coisas, porém, são realizadas pelo mesmo e único Espírito, e ele as distribui individualmente, a cada um, conforme quer.</verse>
		<verse number="12">Ora, assim como o corpo é uma unidade, embora tenha muitos membros, e todos os membros, mesmo sendo muitos, formam um só corpo, assim também com respeito a Cristo.</verse>
		<verse number="13">Pois em um só corpo todos nós fomos batizados em um único Espírito: quer judeus, quer gregos, quer escravos, quer livres. E a todos nós foi dado beber de um único Espírito.</verse>
		<verse number="14">O corpo não é composto de um só membro, mas de muitos.</verse>
		<verse number="15">Se o pé disser: &quot;Porque não sou mão, não pertenço ao corpo&quot;, nem por isso deixa de fazer parte do corpo.</verse>
		<verse number="16">E se o ouvido disser: &quot;Porque não sou olho, não pertenço ao corpo&quot;, nem por isso deixa de fazer parte do corpo.</verse>
		<verse number="17">Se todo o corpo fosse olho, onde estaria a audição? Se todo o corpo fosse ouvido, onde estaria o olfato?</verse>
		<verse number="18">De fato, Deus dispôs cada um dos membros no corpo, segundo a sua vontade.</verse>
		<verse number="19">Se todos fossem um só membro, onde estaria o corpo?</verse>
		<verse number="20">Assim, há muitos membros, mas um só corpo.</verse>
		<verse number="21">O olho não pode dizer à mão: &quot;Não preciso de você! &quot; Nem a cabeça pode dizer aos pés: &quot;Não preciso de vocês! &quot;</verse>
		<verse number="22">Pelo contrário, os membros do corpo que parecem mais fracos são indispensáveis,</verse>
		<verse number="23">e os membros que pensamos serem menos honrosos, tratamos com especial honra. E os membros que em nós são indecorosos são tratados com decoro especial,</verse>
		<verse number="24">enquanto os que em nós são decorosos não precisam ser tratados de maneira especial. Mas Deus estruturou o corpo dando maior honra aos membros que dela tinham falta,</verse>
		<verse number="25">a fim de que não haja divisão no corpo, mas, sim, que todos os membros tenham igual cuidado uns pelos outros.</verse>
		<verse number="26">Quando um membro sofre, todos os outros sofrem com ele; quando um membro é honrado, todos os outros se alegram com ele.</verse>
		<verse number="27">Ora, vocês são o corpo de Cristo, e cada um de vocês, individualmente, é membro desse corpo.</verse>
		<verse number="28">Assim, na igreja, Deus estabeleceu primeiramente apóstolos; em segundo lugar, profetas; em terceiro lugar, mestres; depois os que realizam milagres, os que têm dom de curar, os que têm dom de prestar ajuda, os que têm dons de administração e os que falam diversas línguas.</verse>
		<verse number="29">São todos apóstolos? São todos profetas? São todos mestres? Têm todos o dom de realizar milagres?</verse>
		<verse number="30">Têm todos dons de curar? Falam todos em línguas? Todos interpretam?</verse>
		<verse number="31">Entretanto, busquem com dedicação os melhores dons. Passo agora a mostrar-lhes um caminho ainda mais excelente.</verse>
	</chapter>
	<chapter number="13">
		<verse number="1">Ainda que eu fale as línguas dos homens e dos anjos, se não tiver amor, serei como o sino que ressoa ou como o prato que retine.</verse>
		<verse number="2">Ainda que eu tenha o dom de profecia e saiba todos os mistérios e todo o conhecimento, e tenha uma fé capaz de mover montanhas, mas não tiver amor, nada serei.</verse>
		<verse number="3">Ainda que eu dê aos pobres tudo o que possuo e entregue o meu corpo para ser queimado, mas não tiver amor, nada disso me valerá.</verse>
		<verse number="4">O amor é paciente, o amor é bondoso. Não inveja, não se vangloria, não se orgulha.</verse>
		<verse number="5">Não maltrata, não procura seus interesses, não se ira facilmente, não guarda rancor.</verse>
		<verse number="6">O amor não se alegra com a injustiça, mas se alegra com a verdade.</verse>
		<verse number="7">Tudo sofre, tudo crê, tudo espera, tudo suporta.</verse>
		<verse number="8">O amor nunca perece; mas as profecias desaparecerão, as línguas cessarão, o conhecimento passará.</verse>
		<verse number="9">Pois em parte conhecemos e em parte profetizamos;</verse>
		<verse number="10">quando, porém, vier o que é perfeito, o que é imperfeito desaparecerá.</verse>
		<verse number="11">Quando eu era menino, falava como menino, pensava como menino e raciocinava como menino. Quando me tornei homem, deixei para trás as coisas de menino.</verse>
		<verse number="12">Agora, pois, vemos apenas um reflexo obscuro, como em espelho; mas, então, veremos face a face. Agora conheço em parte; então, conhecerei plenamente, da mesma forma como sou plenamente conhecido.</verse>
		<verse number="13">Assim, permanecem agora estes três: a fé, a esperança e o amor. O maior deles, porém, é o amor.</verse>
	</chapter>
	<chapter number="14">
		<verse number="1">Sigam o caminho do amor e busquem com dedicação os dons espirituais, principalmente o dom de profecia.</verse>
		<verse number="2">Pois quem fala em língua não fala aos homens, mas a Deus. De fato, ninguém o entende; em espírito fala mistérios.</verse>
		<verse number="3">Mas quem profetiza o faz para a edificação, encorajamento e consolação dos homens.</verse>
		<verse number="4">Quem fala em língua a si mesmo se edifica, mas quem profetiza edifica a igreja.</verse>
		<verse number="5">Gostaria que todos vocês falassem em línguas, mas prefiro que profetizem. Quem profetiza é maior do que aquele que fala em línguas, a não ser que as interprete, para que a igreja seja edificada.</verse>
		<verse number="6">Agora, irmãos, se eu for visitá-los e falar em línguas, em que lhes serei útil, a não ser que lhes leve alguma revelação, ou conhecimento, ou profecia, ou doutrina?</verse>
		<verse number="7">Até no caso de coisas inanimadas que produzem sons, tais como a flauta ou a cítara, como alguém reconhecerá o que está sendo tocado, se os sons não forem distintos?</verse>
		<verse number="8">Além disso, se a trombeta não emitir um som claro, quem se preparará para a batalha?</verse>
		<verse number="9">Assim acontece com vocês. Se não proferirem palavras compreensíveis com a língua, como alguém saberá o que está sendo dito? Vocês estarão simplesmente falando ao ar.</verse>
		<verse number="10">Sem dúvida, há diversos idiomas no mundo; todavia, nenhum deles é sem sentido.</verse>
		<verse number="11">Portanto, se eu não entender o significado do que alguém está falando, serei estrangeiro para quem fala, e ele, estrangeiro para mim.</verse>
		<verse number="12">Assim acontece com vocês. Visto que estão ansiosos por terem dons espirituais, procurem crescer naqueles que trazem a edificação para a igreja.</verse>
		<verse number="13">Por isso, quem fala em língua, ore para que a possa interpretar.</verse>
		<verse number="14">Pois, se oro em língua, meu espírito ora, mas a minha mente fica infrutífera.</verse>
		<verse number="15">Então, que farei? Orarei com o espírito, mas também orarei com o entendimento; cantarei com o espírito, mas também cantarei com o entendimento.</verse>
		<verse number="16">Se você estiver louvando a Deus em espírito, como poderá aquele que está entre os não instruídos dizer o &quot;Amém&quot; à sua ação de graças, visto que não sabe o que você está dizendo?</verse>
		<verse number="17">Pode ser que você esteja dando graças muito bem, mas o outro não é edificado.</verse>
		<verse number="18">Dou graças a Deus por falar em línguas mais do que todos vocês.</verse>
		<verse number="19">Todavia, na igreja prefiro falar cinco palavras compreensíveis para instruir os outros a falar dez mil palavras em língua.</verse>
		<verse number="20">Irmãos, deixem de pensar como crianças. Com respeito ao mal, sejam crianças; mas, quanto ao modo de pensar, sejam adultos.</verse>
		<verse number="21">Pois está escrito na Lei: &quot;Por meio de homens de outras línguas e por meio de lábios de estrangeiros falarei a este povo, mas, mesmo assim, eles não me ouvirão&quot;, diz o Senhor.</verse>
		<verse number="22">Portanto, as línguas são um sinal para os descrentes, e não para os que crêem; a profecia, porém, é para os que crêem, e não para os descrentes.</verse>
		<verse number="23">Assim, se toda a igreja se reunir e todos falarem em línguas, e entrarem alguns não instruídos ou descrentes não dirão que vocês estão loucos?</verse>
		<verse number="24">Mas se entrar algum descrente ou não instruído quando todos estiverem profetizando, ele por todos será convencido de que é pecador e por todos será julgado,</verse>
		<verse number="25">e os segredos do seu coração serão expostos. Assim, ele se prostrará, rosto em terra, e adorará a Deus, exclamando: &quot;Deus realmente está entre vocês! &quot;</verse>
		<verse number="26">Portanto, que diremos, irmãos? Quando vocês se reúnem, cada um de vocês tem um salmo, ou uma palavra de instrução, uma revelação, uma palavra em língua ou uma interpretação. Tudo seja feito para a edificação da igreja.</verse>
		<verse number="27">Se, porém, alguém falar em língua, devem falar dois, no máximo três, e alguém deve interpretar.</verse>
		<verse number="28">Se não houver intérprete, fique calado na igreja, falando consigo mesmo e com Deus.</verse>
		<verse number="29">Tratando-se de profetas, falem dois ou três, e os outros julguem cuidadosamente o que foi dito.</verse>
		<verse number="30">Se vier uma revelação a alguém que está sentado, cale-se o primeiro.</verse>
		<verse number="31">Pois vocês todos podem profetizar, cada um por sua vez, de forma que todos sejam instruídos e encorajados.</verse>
		<verse number="32">Os espíritos dos profetas estão sujeitos aos profetas.</verse>
		<verse number="33">Pois Deus não é Deus de desordem, mas de paz. Como em todas as congregações dos santos,</verse>
		<verse number="34">permaneçam as mulheres em silêncio nas igrejas, pois não lhes é permitido falar; antes permaneçam em submissão, como diz a lei.</verse>
		<verse number="35">Se quiserem aprender alguma coisa, que perguntem a seus maridos em casa; pois é vergonhoso uma mulher falar na igreja.</verse>
		<verse number="36">Acaso a palavra de Deus originou-se entre vocês? São vocês o único povo que ela alcançou?</verse>
		<verse number="37">Se alguém pensa que é profeta ou espiritual, reconheça que o que lhes estou escrevendo é mandamento do Senhor.</verse>
		<verse number="38">Se ignorar isso, ele mesmo será ignorado.</verse>
		<verse number="39">Portanto, meus irmãos, busquem com dedicação o profetizar e não proíbam o falar em línguas.</verse>
		<verse number="40">Mas tudo deve ser feito com decência e ordem.</verse>
	</chapter>
	<chapter number="15">
		<verse number="1">Irmãos, quero lembrar-lhes o evangelho que lhes preguei, o qual vocês receberam e no qual estão firmes.</verse>
		<verse number="2">Por meio deste evangelho vocês são salvos, desde que se apeguem firmemente à palavra que lhes preguei; caso contrário, vocês têm crido em vão.</verse>
		<verse number="3">Pois o que primeiramente lhes transmiti foi o que recebi: que Cristo morreu pelos nossos pecados, segundo as Escrituras,</verse>
		<verse number="4">foi sepultado e ressuscitou ao terceiro dia, segundo as Escrituras,</verse>
		<verse number="5">e apareceu a Pedro e depois aos Doze.</verse>
		<verse number="6">Depois disso apareceu a mais de quinhentos irmãos de uma só vez, a maioria dos quais ainda vive, embora alguns já tenham adormecido.</verse>
		<verse number="7">Depois apareceu a Tiago e, então, a todos os apóstolos;</verse>
		<verse number="8">depois destes apareceu também a mim, como a um que nasceu fora de tempo.</verse>
		<verse number="9">Pois sou o menor dos apóstolos e nem sequer mereço ser chamado apóstolo, porque persegui a igreja de Deus.</verse>
		<verse number="10">Mas, pela graça de Deus, sou o que sou, e sua graça para comigo não foi em vão; antes, trabalhei mais do que todos eles; contudo, não eu, mas a graça de Deus comigo.</verse>
		<verse number="11">Portanto, quer tenha sido eu, quer tenham sido eles, é isto que pregamos, e é isto que vocês creram.</verse>
		<verse number="12">Ora, se está sendo pregado que Cristo ressuscitou dentre os mortos, como alguns de vocês estão dizendo que não existe ressurreição dos mortos?</verse>
		<verse number="13">Se não há ressurreição dos mortos, então nem mesmo Cristo ressuscitou;</verse>
		<verse number="14">e, se Cristo não ressuscitou, é inútil a nossa pregação, como também é inútil a fé que vocês têm.</verse>
		<verse number="15">Mais que isso, seremos considerados falsas testemunhas de Deus, pois contra ele testemunhamos que ressuscitou a Cristo dentre os mortos. Mas se de fato os mortos não ressuscitam, ele também não ressuscitou a Cristo.</verse>
		<verse number="16">Pois, se os mortos não ressuscitam, nem mesmo Cristo ressuscitou.</verse>
		<verse number="17">E, se Cristo não ressuscitou, inútil é a fé que vocês têm, e ainda estão em seus pecados.</verse>
		<verse number="18">Neste caso, também os que dormiram em Cristo estão perdidos.</verse>
		<verse number="19">Se é somente para esta vida que temos esperança em Cristo, dentre todos os homens somos os mais dignos de compaixão.</verse>
		<verse number="20">Mas de fato Cristo ressuscitou dentre os mortos, sendo as primícias dentre aqueles que dormiram.</verse>
		<verse number="21">Visto que a morte veio por meio de um só homem, também a ressurreição dos mortos veio por meio de um só homem.</verse>
		<verse number="22">Pois da mesma forma como em Adão todos morrem, em Cristo todos serão vivificados.</verse>
		<verse number="23">Mas cada um por sua vez: Cristo, o primeiro; depois, quando ele vier, os que lhe pertencem.</verse>
		<verse number="24">Então virá o fim, quando ele entregar o Reino a Deus, o Pai, depois de ter destruído todo domínio, autoridade e poder.</verse>
		<verse number="25">Pois é necessário que ele reine até que todos os seus inimigos sejam postos debaixo de seus pés.</verse>
		<verse number="26">O último inimigo a ser destruído é a morte.</verse>
		<verse number="27">Porque ele &quot;tudo sujeitou debaixo de seus pés&quot;. Ora, quando se diz que &quot;tudo&quot; lhe foi sujeito, fica claro que isso não inclui o próprio Deus, que tudo submeteu a Cristo.</verse>
		<verse number="28">Quando, porém, tudo lhe estiver sujeito, então o próprio Filho se sujeitará àquele que todas as coisas lhe sujeitou, a fim de que Deus seja tudo em todos.</verse>
		<verse number="29">Se não há ressurreição, que farão aqueles que se batizam pelos mortos? Se absolutamente os mortos não ressuscitam, por que se batizam por eles?</verse>
		<verse number="30">Também nós, por que estamos nos expondo a perigos o tempo todo?</verse>
		<verse number="31">Todos os dias enfrento a morte, irmãos; isso digo pelo orgulho que tenho de vocês em Cristo Jesus, nosso Senhor.</verse>
		<verse number="32">Se foi por meras razões humanas que lutei com feras em Éfeso, que ganhei com isso? Se os mortos não ressuscitam, &quot;comamos e bebamos, porque amanhã morreremos&quot;.</verse>
		<verse number="33">Não se deixem enganar: &quot;as más companhias corrompem os bons costumes&quot;.</verse>
		<verse number="34">Como justos, recuperem o bom senso e parem de pecar; pois alguns há que não têm conhecimento de Deus; digo isso para vergonha de vocês.</verse>
		<verse number="35">Mas alguém pode perguntar: &quot;Como ressuscitam os mortos? Com que espécie de corpo virão? &quot;</verse>
		<verse number="36">Insensato! O que você semeia não nasce a não ser que morra.</verse>
		<verse number="37">Quando você semeia, não semeia o corpo que virá a ser, mas apenas uma simples semente, como de trigo ou de alguma outra coisa.</verse>
		<verse number="38">Mas Deus lhe dá um corpo, como determinou, e a cada espécie de semente dá seu corpo apropriado.</verse>
		<verse number="39">Nem toda carne é a mesma: os homens têm uma espécie de carne, os animais têm outra, as aves outra, e os peixes outra.</verse>
		<verse number="40">Há corpos celestes e há também corpos terrestres; mas o esplendor dos corpos celestes é um, e o dos corpos terrestres é outro.</verse>
		<verse number="41">Um é o esplendor do sol, outro o da lua, e outro o das estrelas; e as estrelas diferem em esplendor umas das outras.</verse>
		<verse number="42">Assim será com a ressurreição dos mortos. O corpo que é semeado é perecível e ressuscita imperecível;</verse>
		<verse number="43">é semeado em desonra e ressuscita em glória; é semeado em fraqueza e ressuscita em poder;</verse>
		<verse number="44">é semeado um corpo natural e ressuscita um corpo espiritual. Se há corpo natural, há também corpo espiritual.</verse>
		<verse number="45">Assim está escrito: &quot;O primeiro homem, Adão, tornou-se um ser vivente&quot;; o último Adão, espírito vivificante.</verse>
		<verse number="46">Não foi o espiritual que veio antes, mas o natural; depois dele, o espiritual.</verse>
		<verse number="47">O primeiro homem era do pó da terra; o segundo homem, do céu.</verse>
		<verse number="48">Os que são da terra são semelhantes ao homem terreno; os que são do céu, ao homem celestial.</verse>
		<verse number="49">Assim como tivemos a imagem do homem terreno, teremos também a imagem do homem celestial.</verse>
		<verse number="50">Irmãos, eu lhes declaro que carne e sangue não podem herdar o Reino de Deus, nem o que é perecível pode herdar o imperecível.</verse>
		<verse number="51">Eis que eu lhes digo um mistério: nem todos dormiremos, mas todos seremos transformados,</verse>
		<verse number="52">num momento, num abrir e fechar de olhos, ao som da última trombeta. Pois a trombeta soará, os mortos ressuscitarão incorruptíveis e nós seremos transformados.</verse>
		<verse number="53">Pois é necessário que aquilo que é corruptível se revista de incorruptibilidade, e aquilo que é mortal, se revista de imortalidade.</verse>
		<verse number="54">Quando, porém, o que é corruptível se revestir de incorruptibilidade, e o que é mortal, de imortalidade, então se cumprirá a palavra que está escrita: &quot;A morte foi destruída pela vitória&quot;.</verse>
		<verse number="55">&quot;Onde está, ó morte, a sua vitória? Onde está, ó morte, o seu aguilhão? &quot;</verse>
		<verse number="56">O aguilhão da morte é o pecado, e a força do pecado é a lei.</verse>
		<verse number="57">Mas graças a Deus, que nos dá a vitória por meio de nosso Senhor Jesus Cristo.</verse>
		<verse number="58">Portanto, meus amados irmãos, mantenham-se firmes, e que nada os abale. Sejam sempre dedicados à obra do Senhor, pois vocês sabem que, no Senhor, o trabalho de vocês não será inútil.</verse>
	</chapter>
	<chapter number="16">
		<verse number="1">Quanto à coleta para o povo de Deus, façam como ordenei às igrejas da Galácia.</verse>
		<verse number="2">No primeiro dia da semana, cada um de vocês separe uma quantia, de acordo com a sua renda, reservando-a para que não seja preciso fazer coletas quando eu chegar.</verse>
		<verse number="3">Então, quando eu chegar, entregarei cartas de recomendação aos homens que vocês aprovarem e os mandarei para Jerusalém com a oferta de vocês.</verse>
		<verse number="4">Se me parecer conveniente ir também, eles me acompanharão.</verse>
		<verse number="5">Depois de passar pela Macedônia irei visitá-los, já que passarei por lá.</verse>
		<verse number="6">Talvez eu permaneça com vocês durante algum tempo, ou até mesmo passe o inverno com vocês, para que me ajudem na viagem, aonde quer que eu vá.</verse>
		<verse number="7">Desta vez não quero apenas vê-los e fazer uma visita de passagem; espero ficar algum tempo com vocês, se o Senhor permitir.</verse>
		<verse number="8">Mas permanecerei em Éfeso até o Pentecoste,</verse>
		<verse number="9">porque se abriu para mim uma porta ampla e promissora; e há muitos adversários.</verse>
		<verse number="10">Se Timóteo for, tomem providências para que ele não tenha nada que temer enquanto estiver com vocês, pois ele trabalha na obra do Senhor, assim como eu.</verse>
		<verse number="11">Portanto, ninguém o despreze. Ajudem-no a prosseguir viagem em paz, para que ele possa voltar a mim. Eu o estou esperando juntamente com os irmãos.</verse>
		<verse number="12">Quanto ao irmão Apolo, insisti que fosse visitar vocês, juntamente com os irmãos. Ele não quis de modo nenhum ir agora, mas irá quando tiver boa oportunidade.</verse>
		<verse number="13">Estejam vigilantes, mantenham-se firmes na fé, sejam homens de coragem, sejam fortes.</verse>
		<verse number="14">Façam tudo com amor.</verse>
		<verse number="15">Vocês sabem que os da casa de Estéfanas foram o primeiro fruto da Acaia e que eles têm se dedicado ao serviço dos santos. Recomendo-lhes, irmãos,</verse>
		<verse number="16">que se submetam a pessoas como eles e a todos os que cooperam e trabalham conosco.</verse>
		<verse number="17">Alegrei-me com a vinda de Estéfanas, Fortunato e Acaico, porque eles supriram o que estava faltando da parte de vocês.</verse>
		<verse number="18">Eles trouxeram alívio ao meu espírito, e ao de vocês também. Valorizem homens como estes.</verse>
		<verse number="19">As igrejas da província da Ásia enviam-lhes saudações. Áqüila e Priscila os saúdam afetuosamente no Senhor, e também a igreja que se reúne na casa deles.</verse>
		<verse number="20">Todos os irmãos daqui lhes enviam saudações. Saúdem-se uns aos outros com beijo santo.</verse>
		<verse number="21">Eu, Paulo, escrevi esta saudação de próprio punho.</verse>
		<verse number="22">Se alguém não ama o Senhor, seja amaldiçoado. Vem, Senhor!</verse>
		<verse number="23">A graça do Senhor Jesus seja com vocês.</verse>
		<verse number="24">Recebam o amor que tenho por todos vocês em Cristo Jesus. Amém.</verse>
	</chapter>
</book>