﻿<?xml version="1.0" encoding="UTF-8"?>
<book name="Judas" abbrev="jd" chapters="1">
	<chapter number="1">
		<verse number="1">Judas, servo de Jesus Cristo e irmão de Tiago, aos que foram chamados, amados por Deus Pai e guardados por Jesus Cristo:</verse>
		<verse number="2">Misericórdia, paz e amor lhes sejam multiplicados.</verse>
		<verse number="3">Amados, embora estivesse muito ansioso por lhes escrever acerca da salvação que compartilhamos, senti que era necessário escrever-lhes insistindo que batalhassem pela fé uma vez por todas confiada aos santos.</verse>
		<verse number="4">Pois certos homens, cuja condenação já estava sentenciada há muito tempo, infiltraram-se dissimuladamente no meio de vocês. Estes são ímpios, e transformam a graça de nosso Deus em libertinagem e negam Jesus Cristo, nosso único Soberano e Senhor.</verse>
		<verse number="5">Embora vocês já tenham conhecimento de tudo isso, quero lembrar-lhes que o Senhor libertou um povo do Egito mas, posteriormente, destruiu os que não creram.</verse>
		<verse number="6">E aos anjos que não conservaram suas posições de autoridade mas abandonaram sua própria morada, ele os tem guardado em trevas, presos com correntes eternas para o juízo do grande Dia.</verse>
		<verse number="7">De modo semelhante a estes, Sodoma e Gomorra e as cidades em redor se entregaram à imoralidade e a relações sexuais antinaturais. Estando sob o castigo do fogo eterno, elas servem de exemplo.</verse>
		<verse number="8">Da mesma forma, estes sonhadores contaminam seus próprios corpos, rejeitam as autoridades e difamam os seres celestiais.</verse>
		<verse number="9">Contudo, nem mesmo o arcanjo Miguel, quando estava disputando com o diabo acerca do corpo de Moisés, ousou fazer acusação injuriosa contra ele, mas disse: &quot;O Senhor o repreenda! &quot;</verse>
		<verse number="10">Todavia, esses tais difamam tudo o que não entendem; e as coisas que entendem por instinto, como animais irracionais, nessas mesmas coisas se corrompem.</verse>
		<verse number="11">Ai deles! Pois seguiram o caminho de Caim, buscando o lucro, caíram no erro de Balaão e foram destruídos na rebelião de Corá.</verse>
		<verse number="12">Esses homens são rochas submersas nas festas de fraternidade que vocês fazem, comendo com vocês de maneira desonrosa. São pastores que só cuidam de si mesmos. São nuvens sem água, impelidas pelo vento; árvores de outono, sem frutos, duas vezes mortas, arrancadas pela raiz.</verse>
		<verse number="13">São ondas bravias do mar, espumando seus próprios atos vergonhosos; estrelas errantes, para as quais estão reservadas para sempre as mais densas trevas.</verse>
		<verse number="14">Enoque, o sétimo a partir de Adão, profetizou acerca deles: &quot;Vejam, o Senhor vem com milhares de milhares de seus santos,</verse>
		<verse number="15">para julgar a todos e convencer a todos os ímpios a respeito de todos os atos de impiedade que eles cometeram impiamente e acerca de todas as palavras insolentes que os pecadores ímpios falaram contra ele&quot;.</verse>
		<verse number="16">Essas pessoas vivem se queixando e são descontentes com a sua sorte, seguem os seus próprios desejos impuros; são cheias de si e adulam os outros por interesse.</verse>
		<verse number="17">Todavia, amados, lembrem-se do que foi predito pelos apóstolos de nosso Senhor Jesus Cristo.</verse>
		<verse number="18">Eles diziam a vocês: &quot;Nos últimos tempos haverá zombadores que seguirão os seus próprios desejos ímpios&quot;.</verse>
		<verse number="19">Estes são os que causam divisões entre vocês, os quais seguem a tendência da sua própria alma e não têm o Espírito.</verse>
		<verse number="20">Edifiquem-se, porém, amados, na santíssima fé que vocês têm, orando no Espírito Santo.</verse>
		<verse number="21">Mantenham-se no amor de Deus, enquanto esperam que a misericórdia de nosso Senhor Jesus Cristo os leve para a vida eterna.</verse>
		<verse number="22">Tenham compaixão daqueles que duvidam;</verse>
		<verse number="23">a outros, salvem-nos, arrebatando-os do fogo; a outros ainda, mostrem misericórdia com temor, odiando até a roupa contaminada pela carne.</verse>
		<verse number="24">Àquele que é poderoso para impedi-los de cair e para apresentá-los diante da sua glória sem mácula e com grande alegria,</verse>
		<verse number="25">ao único Deus, nosso Salvador, sejam glória, majestade, poder e autoridade, mediante Jesus Cristo, nosso Senhor, antes de todos os tempos, agora e para todo o sempre! Amém.</verse>
	</chapter>
</book>