﻿<?xml version="1.0" encoding="UTF-8"?>
<book name="1ª Timóteo" abbrev="1tm" chapters="6">
	<chapter number="1">
		<verse number="1">Paulo, apóstolo de Cristo Jesus, por ordem de Deus, nosso Salvador, e de Cristo Jesus, a nossa esperança,</verse>
		<verse number="2">a Timóteo, meu verdadeiro filho na fé: Graça, misericórdia e paz da parte de Deus Pai e de Cristo Jesus, o nosso Senhor.</verse>
		<verse number="3">Partindo eu para a Macedônia, roguei-lhe que permanecesse em Éfeso para ordenar a certas pessoas que não mais ensinem doutrinas falsas,</verse>
		<verse number="4">e que deixem de dar atenção a mitos e genealogias intermináveis, que causam controvérsias em vez de promoverem a obra de Deus, que é pela fé.</verse>
		<verse number="5">O objetivo desta instrução é o amor que procede de um coração puro, de uma boa consciência e de uma fé sincera.</verse>
		<verse number="6">Alguns se desviaram dessas coisas, voltando-se para discussões inúteis,</verse>
		<verse number="7">querendo ser mestres da lei, quando não compreendem nem o que dizem nem as coisas acerca das quais fazem afirmações tão categóricas.</verse>
		<verse number="8">Sabemos que a lei é boa, se alguém a usa de maneira adequada.</verse>
		<verse number="9">Também sabemos que ela não é feita para os justos, mas para os transgressores e insubordinados, para os ímpios e pecadores, para os profanos e irreverentes, para os que matam pai e mãe, para os homicidas,</verse>
		<verse number="10">para os que praticam imoralidade sexual e os homossexuais, para os seqüestradores, para os mentirosos e os que juram falsamente; e para todo aquele que se opõe à sã doutrina.</verse>
		<verse number="11">Essa sã doutrina se vê no glorioso evangelho que me foi confiado, o evangelho do Deus bendito.</verse>
		<verse number="12">Dou graças a Cristo Jesus, nosso Senhor, que me deu forças e me considerou fiel, designando-me para o ministério,</verse>
		<verse number="13">a mim que anteriormente fui blasfemo, perseguidor e insolente; mas alcancei misericórdia, porque o fiz por ignorância e na minha incredulidade;</verse>
		<verse number="14">contudo, a graça de nosso Senhor transbordou sobre mim, juntamente com a fé e o amor que estão em Cristo Jesus.</verse>
		<verse number="15">Esta afirmação é fiel e digna de toda aceitação: Cristo Jesus veio ao mundo para salvar os pecadores, dos quais eu sou o pior.</verse>
		<verse number="16">Mas, por isso mesmo alcancei misericórdia, para que em mim, o pior dos pecadores, Cristo Jesus demonstrasse toda a grandeza da sua paciência, usando-me como um exemplo para aqueles que nele haveriam de crer para a vida eterna.</verse>
		<verse number="17">Ao Rei eterno, ao Deus único, imortal e invisível, sejam honra e glória para todo o sempre. Amém.</verse>
		<verse number="18">Timóteo, meu filho, dou-lhe esta instrução, segundo as profecias já proferidas a seu respeito, para que, seguindo-as, você combata o bom combate,</verse>
		<verse number="19">mantendo a fé e a boa consciência que alguns rejeitaram e, por isso, naufragaram na fé.</verse>
		<verse number="20">Entre eles estão Himeneu e Alexandre, os quais entreguei a Satanás, para que aprendam a não blasfemar.</verse>
	</chapter>
	<chapter number="2">
		<verse number="1">Antes de tudo, recomendo que se façam súplicas, orações, intercessões e ação de graças por todos os homens;</verse>
		<verse number="2">pelos reis e por todos os que exercem autoridade, para que tenhamos uma vida tranqüila e pacífica, com toda a piedade e dignidade.</verse>
		<verse number="3">Isso é bom e agradável perante Deus, nosso Salvador,</verse>
		<verse number="4">que deseja que todos os homens sejam salvos e cheguem ao conhecimento da verdade.</verse>
		<verse number="5">Pois há um só Deus e um só mediador entre Deus e os homens: o homem Cristo Jesus,</verse>
		<verse number="6">o qual se entregou a si mesmo como resgate por todos. Esse foi o testemunho dado em seu próprio tempo.</verse>
		<verse number="7">Para isso fui designado pregador e apóstolo mestre da verdadeira fé aos gentios. Digo-lhes a verdade, não minto.</verse>
		<verse number="8">Quero, pois, que os homens orem em todo lugar, levantando mãos santas, sem ira e sem discussões.</verse>
		<verse number="9">Da mesma forma quero que as mulheres se vistam modestamente, com decência e discrição, não se adornando com tranças, nem ouro, nem pérolas, nem roupas caras,</verse>
		<verse number="10">mas com boas obras, como convém a mulheres que professam adorar a Deus.</verse>
		<verse number="11">A mulher deve aprender em silêncio, com toda a sujeição.</verse>
		<verse number="12">Não permito que a mulher ensine, nem que tenha autoridade sobre o homem. Esteja, porém, em silêncio.</verse>
		<verse number="13">Porque primeiro foi formado Adão, e depois Eva.</verse>
		<verse number="14">E Adão não foi enganado, mas sim a mulher, que, tendo sido enganada, tornou-se transgressora.</verse>
		<verse number="15">Entretanto, a mulher será salva dando à luz filhos — se elas permanecerem na fé, no amor e na santidade, com bom senso.</verse>
	</chapter>
	<chapter number="3">
		<verse number="1">Esta afirmação é digna de confiança: se alguém deseja ser bispo, deseja uma nobre função.</verse>
		<verse number="2">É necessário, pois, que o bispo seja irrepreensível, marido de uma só mulher, sóbrio, prudente, respeitável, hospitaleiro e apto para ensinar;</verse>
		<verse number="3">não deve ser apegado ao vinho, nem violento, mas sim amável, pacífico e não apegado ao dinheiro.</verse>
		<verse number="4">Ele deve governar bem sua própria família, tendo os filhos sujeitos a ele, com toda a dignidade.</verse>
		<verse number="5">Pois, se alguém não sabe governar sua própria família, como poderá cuidar da igreja de Deus?</verse>
		<verse number="6">Não pode ser recém-convertido, para que não se ensoberbeça e caia na mesma condenação em que caiu o diabo.</verse>
		<verse number="7">Também deve ter boa reputação perante os de fora, para que não caia em descrédito nem na cilada do diabo.</verse>
		<verse number="8">Os diáconos igualmente devem ser dignos, homens de palavra, não amigos de muito vinho nem de lucros desonestos.</verse>
		<verse number="9">Devem apegar-se ao mistério da fé com a consciência limpa.</verse>
		<verse number="10">Devem ser primeiramente experimentados; depois, se não houver nada contra eles, que atuem como diáconos.</verse>
		<verse number="11">As mulheres igualmente sejam dignas, não caluniadoras, mas sóbrias e confiáveis em tudo.</verse>
		<verse number="12">O diácono deve ser marido de uma só mulher e governar bem seus filhos e sua própria casa.</verse>
		<verse number="13">Os que servirem bem alcançarão uma excelente posição e grande determinação na fé em Cristo Jesus.</verse>
		<verse number="14">Escrevo-lhe estas coisas embora espere ir vê-lo em breve;</verse>
		<verse number="15">mas, se eu demorar, saiba como as pessoas devem comportar-se na casa de Deus, que é a igreja do Deus vivo, coluna e fundamento da verdade.</verse>
		<verse number="16">Não há dúvida de que é grande o mistério da piedade: Deus foi manifestado em corpo, justificado no Espírito, visto pelos anjos, pregado entre as nações, crido no mundo, recebido na glória.</verse>
	</chapter>
	<chapter number="4">
		<verse number="1">O Espírito diz claramente que nos últimos tempos alguns abandonarão a fé e seguirão espíritos enganadores e doutrinas de demônios.</verse>
		<verse number="2">Tais ensinamentos vêm de homens hipócritas e mentirosos, que têm a consciência cauterizada</verse>
		<verse number="3">e proíbem o casamento e o consumo de alimentos que Deus criou para serem recebidos com ação de graças pelos que crêem e conhecem a verdade.</verse>
		<verse number="4">Pois tudo o que Deus criou é bom, e nada deve ser rejeitado, se for recebido com ação de graças,</verse>
		<verse number="5">pois é santificado pela palavra de Deus e pela oração.</verse>
		<verse number="6">Se você transmitir essas instruções aos irmãos, será um bom ministro de Cristo Jesus, nutrido com as verdades da fé e da boa doutrina que tem seguido.</verse>
		<verse number="7">Rejeite, porém, as fábulas profanas de velhas e exercite-se na piedade.</verse>
		<verse number="8">O exercício físico é de pouco proveito; a piedade, porém, para tudo é proveitosa, porque tem promessa da vida presente e da futura.</verse>
		<verse number="9">Esta é uma afirmação fiel e digna de plena aceitação.</verse>
		<verse number="10">Se trabalhamos e lutamos é porque temos colocado a nossa esperança no Deus vivo, o Salvador de todos os homens, especialmente dos que crêem.</verse>
		<verse number="11">Ordene e ensine estas coisas.</verse>
		<verse number="12">Ninguém o despreze pelo fato de você ser jovem, mas seja um exemplo para os fiéis na palavra, no procedimento, no amor, na fé e na pureza.</verse>
		<verse number="13">Até a minha chegada, dedique-se à leitura pública da Escritura, à exortação e ao ensino.</verse>
		<verse number="14">Não negligencie o dom que lhe foi dado por mensagem profética com imposição de mãos dos presbíteros.</verse>
		<verse number="15">Seja diligente nestas coisas; dedique-se inteiramente a elas, para que todos vejam o seu progresso.</verse>
		<verse number="16">Atente bem para a sua própria vida e para a doutrina, perseverando nesses deveres, pois, fazendo isso, você salvará tanto a si mesmo quanto aos que o ouvem.</verse>
	</chapter>
	<chapter number="5">
		<verse number="1">Não repreenda asperamente ao homem idoso, mas exorte-o como se ele fosse seu pai; trate os jovens como a irmãos;</verse>
		<verse number="2">as mulheres idosas, como a mães; e as moças, como a irmãs, com toda a pureza.</verse>
		<verse number="3">Trate adequadamente as viúvas que são realmente necessitadas.</verse>
		<verse number="4">Mas se uma viúva tem filhos ou netos, que estes aprendam primeiramente a colocar a sua religião em prática, cuidando de sua própria família e retribuindo o bem recebido de seus pais e avós, pois isso agrada a Deus.</verse>
		<verse number="5">A viúva realmente necessitada e desamparada põe sua esperança em Deus e persiste dia e noite em oração e em súplica.</verse>
		<verse number="6">Mas a que vive para os prazeres, ainda que esteja viva, está morta.</verse>
		<verse number="7">Ordene estas coisas para que sejam irrepreensíveis.</verse>
		<verse number="8">Se alguém não cuida de seus parentes, e especialmente dos de sua própria família, negou a fé e é pior que um descrente.</verse>
		<verse number="9">Nenhuma mulher deve ser inscrita na lista de viúvas, a não ser que tenha mais de sessenta anos de idade, tenha sido fiel a seu marido</verse>
		<verse number="10">e seja bem conhecida por suas boas obras, tais como criar filhos, ser hospitaleira, lavar os pés dos santos, socorrer os atribulados e dedicar-se a todo tipo de boa obra.</verse>
		<verse number="11">Não inclua nessa lista as viúvas mais jovens, pois, quando os seus desejos sensuais superam a sua dedicação a Cristo, querem se casar.</verse>
		<verse number="12">Assim, elas trazem condenação sobre si, por haverem rompido seu primeiro compromisso.</verse>
		<verse number="13">Além disso, aprendem a ficar ociosas, andando de casa em casa; e não se tornam apenas ociosas, mas também fofoqueiras e indiscretas, falando coisas que não devem.</verse>
		<verse number="14">Portanto, aconselho que as viúvas mais jovens se casem, tenham filhos, administrem suas casas e não dêem ao inimigo nenhum motivo para maledicência.</verse>
		<verse number="15">Algumas, na verdade, já se desviaram, para seguir a Satanás.</verse>
		<verse number="16">Se alguma mulher crente tem viúvas em sua família, deve ajudá-las. Não seja a igreja sobrecarregada com elas, a fim de que as viúvas realmente necessitadas sejam auxiliadas.</verse>
		<verse number="17">Os presbíteros que lideram bem a igreja são dignos de dupla honra, especialmente aqueles cujo trabalho é a pregação e o ensino,</verse>
		<verse number="18">pois a Escritura diz: &quot;Não amordace o boi enquanto está debulhando o cereal&quot;, e &quot;o trabalhador merece o seu salário&quot;.</verse>
		<verse number="19">Não aceite acusação contra um presbítero, se não for apoiada por duas ou três testemunhas.</verse>
		<verse number="20">Os que pecarem deverão ser repreendidos em público, para que os demais também temam.</verse>
		<verse number="21">Eu o exorto solenemente, diante de Deus, de Cristo Jesus e dos anjos eleitos, a que procure observar essas instruções sem parcialidade; e não faça nada por favoritismo.</verse>
		<verse number="22">Não se precipite em impor as mãos sobre ninguém e não participe dos pecados dos outros. Conserve-se puro.</verse>
		<verse number="23">Não continue a beber somente água; tome também um pouco de vinho, por causa do seu estômago e das suas freqüentes enfermidades.</verse>
		<verse number="24">Os pecados de alguns são evidentes, mesmo antes de serem submetidos a julgamento; enquanto que os pecados de outros se manifestam posteriormente.</verse>
		<verse number="25">Da mesma forma, as boas obras são evidentes, e as que não o são não podem permanecer ocultas.</verse>
	</chapter>
	<chapter number="6">
		<verse number="1">Todos os que estão sob o jugo da escravidão devem considerar seus senhores como dignos de todo o respeito, para que o nome de Deus e o nosso ensino não sejam blasfemados.</verse>
		<verse number="2">Os que têm senhores crentes não devem ter por eles menos respeito, pelo fato de serem irmãos; pelo contrário, devem servi-los ainda melhor, porque os que se beneficiam do seu serviço são fiéis e amados. Ensine e recomende essas coisas.</verse>
		<verse number="3">Se alguém ensina falsas doutrinas e não concorda com a sã doutrina de nosso Senhor Jesus Cristo e com o ensino que é segundo a piedade,</verse>
		<verse number="4">é orgulhoso e nada entende. Esse tal mostra um interesse doentio por controvérsias e contendas acerca de palavras, que resultam em inveja, brigas, difamações, suspeitas malignas</verse>
		<verse number="5">e atritos constantes entre pessoas que têm a mente corrompida e que são privados da verdade, os quais pensam que a piedade é fonte de lucro.</verse>
		<verse number="6">De fato, a piedade com contentamento é grande fonte de lucro,</verse>
		<verse number="7">pois nada trouxemos para este mundo e dele nada podemos levar;</verse>
		<verse number="8">por isso, tendo o que comer e com que vestir-nos, estejamos com isso satisfeitos.</verse>
		<verse number="9">Os que querem ficar ricos caem em tentação, em armadilhas e em muitos desejos descontrolados e nocivos, que levam os homens a mergulharem na ruína e na destruição,</verse>
		<verse number="10">pois o amor ao dinheiro é raiz de todos os males. Algumas pessoas, por cobiçarem o dinheiro, desviaram-se da fé e se atormentaram a si mesmas com muitos sofrimentos.</verse>
		<verse number="11">Você, porém, homem de Deus, fuja de tudo isso e busque a justiça, a piedade, a fé, o amor, a perseverança e a mansidão.</verse>
		<verse number="12">Combata o bom combate da fé. Tome posse da vida eterna, para a qual você foi chamado e fez a boa confissão na presença de muitas testemunhas.</verse>
		<verse number="13">Diante de Deus, que a tudo dá vida, e de Cristo Jesus, que diante de Pôncio Pilatos fez a boa confissão, eu lhe recomendo:</verse>
		<verse number="14">Guarde este mandamento imaculado, irrepreensível, até a manifestação de nosso Senhor Jesus Cristo,</verse>
		<verse number="15">a qual Deus fará se cumprir no seu devido tempo. Ele é o bendito e único Soberano, o Rei dos reis e Senhor dos senhores,</verse>
		<verse number="16">o único que é imortal e habita em luz inacessível, a quem ninguém viu nem pode ver. A ele sejam honra e poder para sempre. Amém.</verse>
		<verse number="17">Ordene aos que são ricos no presente mundo que não sejam arrogantes, nem ponham sua esperança na incerteza da riqueza, mas em Deus, que de tudo nos provê ricamente, para a nossa satisfação.</verse>
		<verse number="18">Ordene-lhes que pratiquem o bem, sejam ricos em boas obras, generosos e prontos para repartir.</verse>
		<verse number="19">Dessa forma, eles acumularão um tesouro para si mesmos, um firme fundamento para a era que há de vir, e assim alcançarão a verdadeira vida.</verse>
		<verse number="20">Timóteo, guarde o que lhe foi confiado. Evite as conversas inúteis e profanas e as idéias contraditórias do que é falsamente chamado conhecimento;</verse>
		<verse number="21">professando-o, alguns desviaram-se da fé. A graça seja com vocês.</verse>
	</chapter>
</book>