﻿<?xml version="1.0" encoding="UTF-8"?>
<book name="Romanos" abbrev="rm" chapters="16">
	<chapter number="1">
		<verse number="1">Paulo, servo de Cristo Jesus, chamado para ser apóstolo, separado para o evangelho de Deus,</verse>
		<verse number="2">o qual foi prometido por ele de antemão por meio dos seus profetas nas Escrituras Sagradas,</verse>
		<verse number="3">acerca de seu Filho, que, como homem, era descendente de Davi,</verse>
		<verse number="4">e que mediante o Espírito de santidade foi declarado Filho de Deus com poder, pela sua ressurreição dentre os mortos: Jesus Cristo, nosso Senhor.</verse>
		<verse number="5">Por meio dele e por causa do seu nome, recebemos graça e apostolado para chamar dentre todas as nações um povo para a obediência que vem pela fé.</verse>
		<verse number="6">E vocês também estão entre os chamados para pertencerem a Jesus Cristo.</verse>
		<verse number="7">A todos os que em Roma são amados de Deus e chamados para serem santos: A vocês, graça e paz da parte de Deus nosso Pai e do Senhor Jesus Cristo.</verse>
		<verse number="8">Antes de tudo, sou grato a meu Deus, mediante Jesus Cristo, por todos vocês, porque em todo o mundo está sendo anunciada a fé que vocês têm.</verse>
		<verse number="9">Deus, a quem sirvo de todo o coração pregando o evangelho de seu Filho, é minha testemunha de como sempre me lembro de vocês</verse>
		<verse number="10">em minhas orações; e peço que agora, finalmente, pela vontade de Deus, seja-me aberto o caminho para que eu possa visitá-los.</verse>
		<verse number="11">Anseio vê-los, a fim de compartilhar com vocês algum dom espiritual, para fortalecê-los,</verse>
		<verse number="12">isto é, para que eu e vocês sejamos mutuamente encorajados pela fé.</verse>
		<verse number="13">Quero que vocês saibam, irmãos, que muitas vezes planejei visitá-los, mas fui impedido de fazê-lo até agora. Meu propósito é colher algum fruto entre vocês, assim como tenho colhido entre os demais gentios.</verse>
		<verse number="14">Sou devedor tanto a gregos como a bárbaros, tanto a sábios como a ignorantes.</verse>
		<verse number="15">Por isso estou disposto a pregar o evangelho também a vocês que estão em Roma.</verse>
		<verse number="16">Não me envergonho do evangelho, porque é o poder de Deus para a salvação de todo aquele que crê: primeiro do judeu, depois do grego.</verse>
		<verse number="17">Porque no evangelho é revelada a justiça de Deus, uma justiça que do princípio ao fim é pela fé, como está escrito: &quot;O justo viverá pela fé&quot;.</verse>
		<verse number="18">Portanto, a ira de Deus é revelada do céu contra toda impiedade e injustiça dos homens que suprimem a verdade pela injustiça,</verse>
		<verse number="19">pois o que de Deus se pode conhecer é manifesto entre eles, porque Deus lhes manifestou.</verse>
		<verse number="20">Pois desde a criação do mundo os atributos invisíveis de Deus, seu eterno poder e sua natureza divina, têm sido vistos claramente, sendo compreendidos por meio das coisas criadas, de forma que tais homens são indesculpáveis;</verse>
		<verse number="21">porque, tendo conhecido a Deus, não o glorificaram como Deus, nem lhe renderam graças, mas os seus pensamentos tornaram-se fúteis e os seus corações insensatos se obscureceram.</verse>
		<verse number="22">Dizendo-se sábios, tornaram-se loucos</verse>
		<verse number="23">e trocaram a glória do Deus imortal por imagens feitas segundo a semelhança do homem mortal, bem como de pássaros, quadrúpedes e répteis.</verse>
		<verse number="24">Por isso Deus os entregou à impureza sexual, segundo os desejos pecaminosos dos seus corações, para a degradação dos seus corpos entre si.</verse>
		<verse number="25">Trocaram a verdade de Deus pela mentira, e adoraram e serviram a coisas e seres criados, em lugar do Criador, que é bendito para sempre. Amém.</verse>
		<verse number="26">Por causa disso Deus os entregou a paixões vergonhosas. Até suas mulheres trocaram suas relações sexuais naturais por outras, contrárias à natureza.</verse>
		<verse number="27">Da mesma forma, os homens também abandonaram as relações naturais com as mulheres e se inflamaram de paixão uns pelos outros. Começaram a cometer atos indecentes, homens com homens, e receberam em si mesmos o castigo merecido pela sua perversão.</verse>
		<verse number="28">Além do mais, visto que desprezaram o conhecimento de Deus, ele os entregou a uma disposição mental reprovável, para praticarem o que não deviam.</verse>
		<verse number="29">Tornaram-se cheios de toda sorte de injustiça, maldade, ganância e depravação. Estão cheios de inveja, homicídio, rivalidades, engano e malícia. São bisbilhoteiros,</verse>
		<verse number="30">caluniadores, inimigos de Deus, insolentes, arrogantes e presunçosos; inventam maneiras de praticar o mal; desobedecem a seus pais;</verse>
		<verse number="31">são insensatos, desleais, sem amor pela família, implacáveis.</verse>
		<verse number="32">Embora conheçam o justo decreto de Deus, de que as pessoas que praticam tais coisas merecem a morte, não somente continuam a praticá-las, mas também aprovam aqueles que as praticam.</verse>
	</chapter>
	<chapter number="2">
		<verse number="1">Portanto, você, que julga, os outros é indesculpável; pois está condenando a si mesmo naquilo em que julga, visto que você, que julga, pratica as mesmas coisas.</verse>
		<verse number="2">Sabemos que o juízo de Deus contra os que praticam tais coisas é conforme a verdade.</verse>
		<verse number="3">Assim, quando você, um simples homem, os julga, mas pratica as mesmas coisas, pensa que escapará do juízo de Deus?</verse>
		<verse number="4">Ou será que você despreza as riquezas da sua bondade, tolerância e paciência, não reconhecendo que a bondade de Deus o leva ao arrependimento?</verse>
		<verse number="5">Contudo, por causa da sua teimosia e do seu coração obstinado, você está acumulando ira contra si mesmo, para o dia da ira de Deus, quando se revelará o seu justo julgamento.</verse>
		<verse number="6">Deus &quot;retribuirá a cada um conforme o seu procedimento&quot;.</verse>
		<verse number="7">Ele dará vida eterna aos que, persistindo em fazer o bem, buscam glória, honra e imortalidade.</verse>
		<verse number="8">Mas haverá ira e indignação para os que são egoístas, que rejeitam a verdade e seguem a injustiça.</verse>
		<verse number="9">Haverá tribulação e angústia para todo ser humano que pratica o mal: primeiro para o judeu, depois para o grego;</verse>
		<verse number="10">mas glória, honra e paz para todo o que pratica o bem: primeiro para o judeu, depois para o grego.</verse>
		<verse number="11">Pois em Deus não há parcialidade.</verse>
		<verse number="12">Todo aquele que pecar sem a lei, sem a lei também perecerá, e todo aquele que pecar sob a lei, pela lei será julgado.</verse>
		<verse number="13">Porque não são os que ouvem a Lei que são justos aos olhos de Deus; mas os que obedecem à lei, estes serão declarados justos.</verse>
		<verse number="14">( De fato, quando os gentios, que não têm a lei, praticam naturalmente o que ela ordena, tornam-se lei para si mesmos, embora não possuam a lei;</verse>
		<verse number="15">pois mostram que as exigências da lei estão gravadas em seus corações. Disso dão testemunho também a consciência e os pensamentos deles, ora acusando-os, ora defendendo-os. )</verse>
		<verse number="16">Isso acontecerá no dia em que Deus julgar os segredos dos homens, mediante Jesus Cristo, conforme o declara o meu evangelho.</verse>
		<verse number="17">Ora, você que leva o nome de judeu, apóia-se na lei e orgulha-se em Deus;</verse>
		<verse number="18">se você conhece a vontade de Deus e aprova o que é superior, porque é instruído pela lei;</verse>
		<verse number="19">se está convencido de que é guia de cegos, luz para os que estão em trevas,</verse>
		<verse number="20">instrutor de insensatos, mestre de crianças, porque tem na lei a expressão do conhecimento e da verdade;</verse>
		<verse number="21">então você, que ensina os outros, não ensina a si mesmo? Você, que prega contra o furto, furta?</verse>
		<verse number="22">Você, que diz que não se deve adulterar, adultera? Você, que detesta ídolos, rouba-lhes os templos?</verse>
		<verse number="23">Você, que se orgulha na lei, desonra a Deus, desobedecendo à lei?</verse>
		<verse number="24">Como está escrito: &quot;O nome de Deus é blasfemado entre os gentios por causa de vocês&quot;.</verse>
		<verse number="25">A circuncisão tem valor se você obedece à lei; mas, se você desobedece à lei, a sua circuncisão já se tornou incircuncisão.</verse>
		<verse number="26">Se aqueles que não são circuncidados obedecem aos preceitos da lei, não serão eles considerados circuncidados?</verse>
		<verse number="27">Aquele que não é circuncidado fisicamente, mas obedece à lei, condenará você que, tendo a lei escrita e a circuncisão, é transgressor da lei.</verse>
		<verse number="28">Não é judeu quem o é apenas exteriormente, nem é circuncisão a que é meramente exterior e física.</verse>
		<verse number="29">Não! Judeu é quem o é interiormente, e circuncisão é a operada no coração, pelo Espírito, e não pela lei escrita. Para estes o louvor não provém dos homens, mas de Deus.</verse>
	</chapter>
	<chapter number="3">
		<verse number="1">Que vantagem há então em ser judeu, ou que utilidade há na circuncisão?</verse>
		<verse number="2">Muita, em todos os sentidos! Principalmente porque aos judeus foram confiadas as palavras de Deus.</verse>
		<verse number="3">Que importa se alguns deles foram infiéis? A sua infidelidade anulará a fidelidade de Deus?</verse>
		<verse number="4">De maneira nenhuma! Seja Deus verdadeiro, e todo homem mentiroso. Como está escrito: &quot;De modo que são justas as tuas palavras e prevaleces quando julgas&quot;.</verse>
		<verse number="5">Mas, se a nossa injustiça ressalta de maneira ainda mais clara a justiça de Deus, que diremos? Que Deus é injusto por aplicar a sua ira? ( Estou usando um argumento humano. )</verse>
		<verse number="6">Claro que não! Se fosse assim, como Deus iria julgar o mundo?</verse>
		<verse number="7">Alguém pode alegar ainda: &quot;Se a minha mentira ressalta a veracidade de Deus, aumentando assim a sua glória, por que sou condenado como pecador? &quot;</verse>
		<verse number="8">Por que não dizer como alguns caluniosamente afirmam que dizemos: &quot;Façamos o mal, para que nos venha o bem&quot;? A condenação dos tais é merecida.</verse>
		<verse number="9">Que concluiremos então? Estamos em posição de vantagem? Não! Já demonstramos que tanto judeus quanto gentios estão debaixo do pecado.</verse>
		<verse number="10">Como está escrito: &quot;Não há nenhum justo, nem um sequer;</verse>
		<verse number="11">não há ninguém que entenda, ninguém que busque a Deus.</verse>
		<verse number="12">Todos se desviaram, tornaram-se juntamente inúteis; não há ninguém que faça o bem, não há nem um sequer&quot;.</verse>
		<verse number="13">&quot;Suas gargantas são um túmulo aberto; com suas línguas enganam&quot;. &quot;Veneno de serpentes está em seus lábios&quot;.</verse>
		<verse number="14">&quot;Suas bocas estão cheias de maldição e amargura&quot;.</verse>
		<verse number="15">&quot;Seus pés são ágeis para derramar sangue;</verse>
		<verse number="16">ruína e desgraça marcam os seus caminhos,</verse>
		<verse number="17">e não conhecem o caminho da paz&quot;.</verse>
		<verse number="18">&quot;Aos seus olhos é inútil temer a Deus&quot;.</verse>
		<verse number="19">Sabemos que tudo o que a lei diz, o diz àqueles que estão debaixo dela, para que toda boca se cale e todo o mundo esteja sob o juízo de Deus.</verse>
		<verse number="20">Portanto, ninguém será declarado justo diante dele baseando-se na obediência à lei, pois é mediante a lei que nos tornamos plenamente conscientes do pecado.</verse>
		<verse number="21">Mas agora se manifestou uma justiça que provém de Deus, independente da lei, da qual testemunham a Lei e os Profetas,</verse>
		<verse number="22">justiça de Deus mediante a fé em Jesus Cristo para todos os que crêem. Não há distinção,</verse>
		<verse number="23">pois todos pecaram e estão destituídos da glória de Deus,</verse>
		<verse number="24">sendo justificados gratuitamente por sua graça, por meio da redenção que há em Cristo Jesus.</verse>
		<verse number="25">Deus o ofereceu como sacrifício para propiciação mediante a fé, pelo seu sangue, demonstrando a sua justiça. Em sua tolerância, havia deixado impunes os pecados anteriormente cometidos;</verse>
		<verse number="26">mas, no presente, demonstrou a sua justiça, a fim de ser justo e justificador daquele que tem fé em Jesus.</verse>
		<verse number="27">Onde está, então, o motivo de vanglória? É excluído. Baseado em que princípio? No da obediência à lei? Não, mas no princípio da fé.</verse>
		<verse number="28">Pois sustentamos que o homem é justificado pela fé, independente da obediência à lei.</verse>
		<verse number="29">Deus é Deus apenas dos judeus? Ele não é também o Deus dos gentios? Sim, dos gentios também,</verse>
		<verse number="30">visto que existe um só Deus, que pela fé justificará os circuncisos e os incircuncisos.</verse>
		<verse number="31">Anulamos então a lei pela fé? De maneira nenhuma! Pelo contrário, confirmamos a lei.</verse>
	</chapter>
	<chapter number="4">
		<verse number="1">Portanto, que diremos do nosso antepassado Abraão?</verse>
		<verse number="2">Se de fato Abraão foi justificado pelas obras, ele tem do que se gloriar, mas não diante de Deus.</verse>
		<verse number="3">Que diz a Escritura? &quot;Abraão creu em Deus, e isso lhe foi creditado como justiça&quot;.</verse>
		<verse number="4">Ora, o salário do homem que trabalha não é considerado como favor, mas como dívida.</verse>
		<verse number="5">Todavia, àquele que não trabalha, mas confia em Deus que justifica o ímpio, sua fé lhe é creditada como justiça.</verse>
		<verse number="6">Davi diz a mesma coisa, quando fala da felicidade do homem a quem Deus credita justiça independente de obras:</verse>
		<verse number="7">&quot;Como são felizes aqueles que têm suas transgressões perdoadas, cujos pecados são apagados.</verse>
		<verse number="8">Como é feliz aquele a quem o Senhor não atribui culpa&quot;.</verse>
		<verse number="9">Destina-se esta felicidade apenas aos circuncisos ou também aos incircuncisos? Já dissemos que, no caso de Abraão, a fé lhe foi creditada como justiça.</verse>
		<verse number="10">Sob quais circunstâncias? Antes ou depois de ter sido circuncidado? Não foi depois, mas antes!</verse>
		<verse number="11">Assim ele recebeu a circuncisão como sinal, como selo da justiça que ele tinha pela fé, quando ainda não fora circuncidado. Portanto, ele é o pai de todos os que crêem, sem terem sido circuncidados, a fim de que a justiça fosse creditada também a eles;</verse>
		<verse number="12">e é igualmente o pai dos circuncisos que não somente são circuncisos, mas também andam nos passos da fé que teve nosso pai Abraão antes de passar pela circuncisão.</verse>
		<verse number="13">Não foi mediante a lei que Abraão e a sua descendência receberam a promessa de que ele seria o herdeiro do mundo, mas mediante a justiça que vem da fé.</verse>
		<verse number="14">Pois se os que vivem pela lei são herdeiros, a fé não tem valor, e a promessa é inútil;</verse>
		<verse number="15">porque a lei produz a ira. E onde não há lei, não há transgressão.</verse>
		<verse number="16">Portanto, a promessa vem pela fé, para que seja de acordo com a graça e seja assim garantida a toda a descendência de Abraão; não apenas aos que estão sob o regime da lei, mas também aos que têm a fé que Abraão teve. Ele é o pai de todos nós.</verse>
		<verse number="17">Como está escrito: &quot;Eu o constituí pai de muitas nações&quot;. Ele é nosso pai aos olhos de Deus, em quem creu, o Deus que dá vida aos mortos e chama à existência coisas que não existem, como se existissem.</verse>
		<verse number="18">Abraão, contra toda esperança, em esperança creu, tornando-se assim pai de muitas nações, como foi dito a seu respeito: &quot;Assim será a sua descendência&quot;.</verse>
		<verse number="19">Sem se enfraquecer na fé, reconheceu que o seu corpo já estava sem vitalidade, pois já contava cerca de cem anos de idade, e que também o ventre de Sara já estava sem vitalidade.</verse>
		<verse number="20">Mesmo assim não duvidou nem foi incrédulo em relação à promessa de Deus, mas foi fortalecido em sua fé e deu glória a Deus,</verse>
		<verse number="21">estando plenamente convencido de que ele era poderoso para cumprir o que havia prometido.</verse>
		<verse number="22">Em conseqüência, &quot;isso lhe foi também creditado como justiça&quot;.</verse>
		<verse number="23">As palavras &quot;lhe foi creditado&quot; não foram escritas apenas para ele,</verse>
		<verse number="24">mas também para nós, a quem Deus creditará justiça, para nós, que cremos naquele que ressuscitou dos mortos a Jesus, nosso Senhor.</verse>
		<verse number="25">Ele foi entregue à morte por nossos pecados e ressuscitado para nossa justificação.</verse>
	</chapter>
	<chapter number="5">
		<verse number="1">Tendo sido, pois, justificados pela fé, temos paz com Deus, por nosso Senhor Jesus Cristo,</verse>
		<verse number="2">por meio de quem obtivemos acesso pela fé a esta graça na qual agora estamos firmes; e nos gloriamos na esperança da glória de Deus.</verse>
		<verse number="3">Não só isso, mas também nos gloriamos nas tribulações, porque sabemos que a tribulação produz perseverança;</verse>
		<verse number="4">a perseverança, um caráter aprovado; e o caráter aprovado, esperança.</verse>
		<verse number="5">E a esperança não nos decepciona, porque Deus derramou seu amor em nossos corações, por meio do Espírito Santo que ele nos concedeu.</verse>
		<verse number="6">De fato, no devido tempo, quando ainda éramos fracos, Cristo morreu pelos ímpios.</verse>
		<verse number="7">Dificilmente haverá alguém que morra por um justo; pelo homem bom talvez alguém tenha coragem de morrer.</verse>
		<verse number="8">Mas Deus demonstra seu amor por nós: Cristo morreu em nosso favor quando ainda éramos pecadores.</verse>
		<verse number="9">Como agora fomos justificados por seu sangue, muito mais ainda seremos salvos da ira de Deus por meio dele!</verse>
		<verse number="10">Se quando éramos inimigos de Deus fomos reconciliados com ele mediante a morte de seu Filho, quanto mais agora, tendo sido reconciliados, seremos salvos por sua vida!</verse>
		<verse number="11">Não apenas isso, mas também nos gloriamos em Deus, por meio de nosso Senhor Jesus Cristo, mediante quem recebemos agora a reconciliação.</verse>
		<verse number="12">Portanto, da mesma forma como o pecado entrou no mundo por um homem, e pelo pecado a morte, assim também a morte veio a todos os homens, porque todos pecaram;</verse>
		<verse number="13">pois antes de ser dada a lei, o pecado já estava no mundo. Mas o pecado não é levado em conta quando não existe lei.</verse>
		<verse number="14">Todavia, a morte reinou desde o tempo de Adão até o de Moisés, mesmo sobre aqueles que não cometeram pecado semelhante à transgressão de Adão, o qual era um tipo daquele que haveria de vir.</verse>
		<verse number="15">Entretanto, não há comparação entre a dádiva e a transgressão. Pois se muitos morreram por causa da transgressão de um só, muito mais a graça de Deus, isto é, a dádiva pela graça de um só homem, Jesus Cristo, transbordou para muitos!</verse>
		<verse number="16">Não se pode comparar a dádiva de Deus com a conseqüência do pecado de um só homem: por um pecado veio o julgamento que trouxe condenação, mas a dádiva decorreu de muitas transgressões e trouxe justificação.</verse>
		<verse number="17">Se pela transgressão de um só a morte reinou por meio dele, muito mais aqueles que recebem de Deus a imensa provisão da graça e a dádiva da justiça reinarão em vida por meio de um único homem, Jesus Cristo.</verse>
		<verse number="18">Conseqüentemente, assim como uma só transgressão resultou na condenação de todos os homens, assim também um só ato de justiça resultou na justificação que traz vida a todos os homens.</verse>
		<verse number="19">Logo, assim como por meio da desobediência de um só homem muitos foram feitos pecadores, assim também, por meio da obediência de um único homem muitos serão feitos justos.</verse>
		<verse number="20">A lei foi introduzida para que a transgressão fosse ressaltada. Mas onde aumentou o pecado, transbordou a graça,</verse>
		<verse number="21">a fim de que, assim como o pecado reinou na morte, também a graça reine pela justiça para conceder vida eterna, mediante Jesus Cristo, nosso Senhor.</verse>
	</chapter>
	<chapter number="6">
		<verse number="1">Que diremos então? Continuaremos pecando para que a graça aumente?</verse>
		<verse number="2">De maneira nenhuma! Nós, os que morremos para o pecado, como podemos continuar vivendo nele?</verse>
		<verse number="3">Ou vocês não sabem que todos nós, que fomos batizados em Cristo Jesus, fomos batizados em sua morte?</verse>
		<verse number="4">Portanto, fomos sepultados com ele na morte por meio do batismo, a fim de que, assim como Cristo foi ressuscitado dos mortos mediante a glória do Pai, também nós vivamos uma vida nova.</verse>
		<verse number="5">Se dessa forma fomos unidos a ele na semelhança da sua morte, certamente o seremos também na semelhança da sua ressurreição.</verse>
		<verse number="6">Pois sabemos que o nosso velho homem foi crucificado com ele, para que o corpo do pecado seja destruído, e não mais sejamos escravos do pecado;</verse>
		<verse number="7">pois quem morreu, foi justificado do pecado.</verse>
		<verse number="8">Ora, se morremos com Cristo, cremos que também com ele viveremos.</verse>
		<verse number="9">Pois sabemos que, tendo sido ressuscitado dos mortos, Cristo não pode morrer outra vez: a morte não tem mais domínio sobre ele.</verse>
		<verse number="10">Porque morrendo, ele morreu para o pecado uma vez por todas; mas vivendo, vive para Deus.</verse>
		<verse number="11">Da mesma forma, considerem-se mortos para o pecado, mas vivos para Deus em Cristo Jesus.</verse>
		<verse number="12">Portanto, não permitam que o pecado continue dominando os seus corpos mortais, fazendo que vocês obedeçam aos seus desejos.</verse>
		<verse number="13">Não ofereçam os membros dos seus corpos ao pecado, como instrumentos de injustiça; antes ofereçam-se a Deus como quem voltou da morte para a vida; e ofereçam os membros dos seus corpos a ele, como instrumentos de justiça.</verse>
		<verse number="14">Pois o pecado não os dominará, porque vocês não estão debaixo da lei, mas debaixo da graça.</verse>
		<verse number="15">E então? Vamos pecar porque não estamos debaixo da lei, mas debaixo da graça? De maneira nenhuma!</verse>
		<verse number="16">Não sabem que, quando vocês se oferecem a alguém para lhe obedecer como escravos, tornam-se escravos daquele a quem obedecem: escravos do pecado que leva à morte, ou da obediência que leva à justiça?</verse>
		<verse number="17">Mas, graças a Deus, porque, embora vocês tenham sido escravos do pecado, passaram a obedecer de coração à forma de ensino que lhes foi transmitida.</verse>
		<verse number="18">Vocês foram libertados do pecado e tornaram-se escravos da justiça.</verse>
		<verse number="19">Falo isso em termos humanos por causa das suas limitações humanas. Assim como vocês ofereceram os membros dos seus corpos em escravidão à impureza e à maldade que leva à maldade, ofereçam-nos agora em escravidão à justiça que leva à santidade.</verse>
		<verse number="20">Quando vocês eram escravos do pecado, estavam livres da justiça.</verse>
		<verse number="21">Que fruto colheram então das coisas das quais agora vocês se envergonham? O fim delas é a morte!</verse>
		<verse number="22">Mas agora que vocês foram libertados do pecado e se tornaram escravos de Deus, o fruto que colhem leva à santidade, e o seu fim é a vida eterna.</verse>
		<verse number="23">Pois o salário do pecado é a morte, mas o dom gratuito de Deus é a vida eterna em Cristo Jesus, nosso Senhor.</verse>
	</chapter>
	<chapter number="7">
		<verse number="1">Meus irmãos, falo a vocês como a pessoas que conhecem a lei. Acaso vocês não sabem que a lei tem autoridade sobre alguém apenas enquanto ele vive?</verse>
		<verse number="2">Por exemplo, pela lei a mulher casada está ligada a seu marido enquanto ele estiver vivo; mas, se o marido morrer, ela estará livre da lei do casamento.</verse>
		<verse number="3">Por isso, se ela se casar com outro homem enquanto seu marido ainda estiver vivo, será considerada adúltera. Mas se o marido morrer, ela estará livre daquela lei, e mesmo que venha a se casar com outro homem, não será adúltera.</verse>
		<verse number="4">Assim, meus irmãos, vocês também morreram para a lei, por meio do corpo de Cristo, para pertencerem a outro, àquele que ressuscitou dos mortos, a fim de que venhamos a dar fruto para Deus.</verse>
		<verse number="5">Pois quando éramos controlados pela carne, as paixões pecaminosas despertadas pela lei atuavam em nossos corpos, de forma que dávamos fruto para a morte.</verse>
		<verse number="6">Mas agora, morrendo para aquilo que antes nos prendia, fomos libertados da lei, para que sirvamos conforme o novo modo do Espírito, e não segundo a velha forma da lei escrita.</verse>
		<verse number="7">Que diremos então? A lei é pecado? De maneira nenhuma! De fato, eu não saberia o que é pecado, a não ser por meio da lei. Pois, na realidade, eu não saberia o que é cobiça, se a lei não dissesse: &quot;Não cobiçarás&quot;.</verse>
		<verse number="8">Mas o pecado, aproveitando a oportunidade dada pelo mandamento, produziu em mim todo tipo de desejo cobiçoso. Pois, sem a lei, o pecado está morto.</verse>
		<verse number="9">Antes, eu vivia sem a lei, mas quando o mandamento veio, o pecado reviveu, e eu morri.</verse>
		<verse number="10">Descobri que o próprio mandamento, destinado a produzir vida, na verdade produziu morte.</verse>
		<verse number="11">Pois o pecado, aproveitando a oportunidade dada pelo mandamento, enganou-me e por meio do mandamento me matou.</verse>
		<verse number="12">De fato a lei é santa, e o mandamento é santo, justo e bom.</verse>
		<verse number="13">E então, o que é bom se tornou em morte para mim? De maneira nenhuma! Mas, para que o pecado se mostrasse como pecado, ele produziu morte em mim por meio do que era bom, de modo que por meio do mandamento ele se mostrasse extremamente pecaminoso.</verse>
		<verse number="14">Sabemos que a lei é espiritual; eu, contudo, não o sou, pois fui vendido como escravo ao pecado.</verse>
		<verse number="15">Não entendo o que faço. Pois não faço o que desejo, mas o que odeio.</verse>
		<verse number="16">E, se faço o que não desejo, admito que a lei é boa.</verse>
		<verse number="17">Neste caso, não sou mais eu quem o faz, mas o pecado que habita em mim.</verse>
		<verse number="18">Sei que nada de bom habita em mim, isto é, em minha carne. Porque tenho o desejo de fazer o que é bom, mas não consigo realizá-lo.</verse>
		<verse number="19">Pois o que faço não é o bem que desejo, mas o mal que não quero fazer, esse eu continuo fazendo.</verse>
		<verse number="20">Ora, se faço o que não quero, já não sou eu quem o faz, mas o pecado que habita em mim.</verse>
		<verse number="21">Assim, encontro esta lei que atua em mim: Quando quero fazer o bem, o mal está junto a mim.</verse>
		<verse number="22">Pois, no íntimo do meu ser tenho prazer na lei de Deus;</verse>
		<verse number="23">mas vejo outra lei atuando nos membros do meu corpo, guerreando contra a lei da minha mente, tornando-me prisioneiro da lei do pecado que atua em meus membros.</verse>
		<verse number="24">Miserável homem eu que sou! Quem me libertará do corpo sujeito a esta morte?</verse>
		<verse number="25">Graças a Deus por Jesus Cristo, nosso Senhor! De modo que, com a mente, eu próprio sou escravo da lei de Deus; mas, com a carne, da lei do pecado.</verse>
	</chapter>
	<chapter number="8">
		<verse number="1">Portanto, agora já não há condenação para os que estão em Cristo Jesus,</verse>
		<verse number="2">porque por meio de Cristo Jesus a lei do Espírito de vida me libertou da lei do pecado e da morte.</verse>
		<verse number="3">Porque, aquilo que a lei fora incapaz de fazer por estar enfraquecida pela carne, Deus o fez, enviando seu próprio Filho, à semelhança do homem pecador, como oferta pelo pecado. E assim condenou o pecado na carne,</verse>
		<verse number="4">a fim de que as justas exigências da lei fossem plenamente satisfeitas em nós, que não vivemos segundo a carne, mas segundo o Espírito.</verse>
		<verse number="5">Quem vive segundo a carne tem a mente voltada para o que a carne deseja; mas quem, de acordo com o Espírito, tem a mente voltada para o que o Espírito deseja.</verse>
		<verse number="6">A mentalidade da carne é morte, mas a mentalidade do Espírito é vida e paz;</verse>
		<verse number="7">a mentalidade da carne é inimiga de Deus porque não se submete à lei de Deus, nem pode fazê-lo.</verse>
		<verse number="8">Quem é dominado pela carne não pode agradar a Deus.</verse>
		<verse number="9">Entretanto, vocês não estão sob o domínio da carne, mas do Espírito, se de fato o Espírito de Deus habita em vocês. E, se alguém não tem o Espírito de Cristo, não pertence a Cristo.</verse>
		<verse number="10">Mas se Cristo está em vocês, o corpo está morto por causa do pecado, mas o espírito está vivo por causa da justiça.</verse>
		<verse number="11">E, se o Espírito daquele que ressuscitou Jesus dentre os mortos habita em vocês, aquele que ressuscitou a Cristo dentre os mortos também dará vida a seus corpos mortais, por meio do seu Espírito, que habita em vocês.</verse>
		<verse number="12">Portanto, irmãos, estamos em dívida, não para com a carne, para vivermos sujeitos a ela.</verse>
		<verse number="13">Pois se vocês viverem de acordo com a carne, morrerão; mas, se pelo Espírito fizerem morrer os atos do corpo, viverão,</verse>
		<verse number="14">porque todos os que são guiados pelo Espírito de Deus são filhos de Deus.</verse>
		<verse number="15">Pois vocês não receberam um espírito que os escravize para novamente temer, mas receberam o Espírito que os adota como filhos, por meio do qual clamamos: &quot;Aba, Pai&quot;.</verse>
		<verse number="16">O próprio Espírito testemunha ao nosso espírito que somos filhos de Deus.</verse>
		<verse number="17">Se somos filhos, então somos herdeiros; herdeiros de Deus e co-herdeiros com Cristo, se de fato participamos dos seus sofrimentos, para que também participemos da sua glória.</verse>
		<verse number="18">Considero que os nossos sofrimentos atuais não podem ser comparados com a glória que em nós será revelada.</verse>
		<verse number="19">A natureza criada aguarda, com grande expectativa, que os filhos de Deus sejam revelados.</verse>
		<verse number="20">Pois ela foi submetida à futilidade, não pela sua própria escolha, mas por causa da vontade daquele que a sujeitou, na esperança</verse>
		<verse number="21">de que a própria natureza criada será libertada da escravidão da decadência em que se encontra para a gloriosa liberdade dos filhos de Deus.</verse>
		<verse number="22">Sabemos que toda a natureza criada geme até agora, como em dores de parto.</verse>
		<verse number="23">E não só isso, mas nós mesmos, que temos os primeiros frutos do Espírito, gememos interiormente, esperando ansiosamente nossa adoção como filhos, a redenção do nosso corpo.</verse>
		<verse number="24">Pois nessa esperança fomos salvos. Mas, esperança que se vê não é esperança. Quem espera por aquilo que está vendo?</verse>
		<verse number="25">Mas se esperamos o que ainda não vemos, aguardamo-lo pacientemente.</verse>
		<verse number="26">Da mesma forma o Espírito nos ajuda em nossa fraqueza, pois não sabemos como orar, mas o próprio Espírito intercede por nós com gemidos inexprimíveis.</verse>
		<verse number="27">E aquele que sonda os corações conhece a intenção do Espírito, porque o Espírito intercede pelos santos de acordo com a vontade de Deus.</verse>
		<verse number="28">Sabemos que Deus age em todas as coisas para o bem daqueles que o amam, dos que foram chamados de acordo com o seu propósito.</verse>
		<verse number="29">Pois aqueles que de antemão conheceu, também os predestinou para serem conformes à imagem de seu Filho, a fim de que ele seja o primogênito entre muitos irmãos.</verse>
		<verse number="30">E aos que predestinou, também chamou; aos que chamou, também justificou; aos que justificou, também glorificou.</verse>
		<verse number="31">Que diremos, pois, diante dessas coisas? Se Deus é por nós, quem será contra nós?</verse>
		<verse number="32">Aquele que não poupou a seu próprio Filho, mas o entregou por todos nós, como não nos dará juntamente com ele, e de graça, todas as coisas?</verse>
		<verse number="33">Quem fará alguma acusação contra os escolhidos de Deus? É Deus quem os justifica.</verse>
		<verse number="34">Quem os condenará? Foi Cristo Jesus que morreu; e mais, que ressuscitou e está à direita de Deus, e também intercede por nós.</verse>
		<verse number="35">Quem nos separará do amor de Cristo? Será tribulação, ou angústia, ou perseguição, ou fome, ou nudez, ou perigo, ou espada?</verse>
		<verse number="36">Como está escrito: &quot;Por amor de ti enfrentamos a morte todos os dias; somos considerados como ovelhas destinadas ao matadouro&quot;.</verse>
		<verse number="37">Mas, em todas estas coisas somos mais que vencedores, por meio daquele que nos amou.</verse>
		<verse number="38">Pois estou convencido de que nem morte nem vida, nem anjos nem demônios, nem o presente nem o futuro, nem quaisquer poderes,</verse>
		<verse number="39">nem altura nem profundidade, nem qualquer outra coisa na criação será capaz de nos separar do amor de Deus que está em Cristo Jesus, nosso Senhor.</verse>
	</chapter>
	<chapter number="9">
		<verse number="1">Digo a verdade em Cristo, não minto; minha consciência o confirma no Espírito Santo:</verse>
		<verse number="2">tenho grande tristeza e constante angústia em meu coração.</verse>
		<verse number="3">Pois eu até desejaria ser amaldiçoado e separado de Cristo por amor de meus irmãos, os de minha raça,</verse>
		<verse number="4">o povo de Israel. Deles é a adoção de filhos; deles é a glória divina, as alianças, a concessão da lei, a adoração no templo e as promessas.</verse>
		<verse number="5">Deles são os patriarcas, e a partir deles se traça a linhagem humana de Cristo, que é Deus acima de tudo, bendito para sempre! Amém.</verse>
		<verse number="6">Não pensemos que a palavra de Deus falhou. Pois nem todos os descendentes de Israel são Israel.</verse>
		<verse number="7">Nem por serem descendentes de Abraão passaram todos a ser filhos de Abraão. Pelo contrário: &quot;Por meio de Isaque a sua descendência será considerada&quot;.</verse>
		<verse number="8">Noutras palavras, não são os filhos naturais que são filhos de Deus, mas os filhos da promessa é que são considerados descendência de Abraão.</verse>
		<verse number="9">Pois foi assim que a promessa foi feita: &quot;no tempo devido virei novamente, e Sara terá um filho&quot;.</verse>
		<verse number="10">E esse não foi o único caso; também os filhos de Rebeca tiveram um mesmo pai, nosso pai Isaque.</verse>
		<verse number="11">Todavia, antes que os gêmeos nascessem ou fizessem qualquer coisa boa ou má — a fim de que o propósito de Deus conforme a eleição permanecesse,</verse>
		<verse number="12">não por obras, mas por aquele que chama — foi dito a ela: &quot;O mais velho servirá ao mais novo&quot;.</verse>
		<verse number="13">Como está escrito: &quot;Amei Jacó, mas rejeitei Esaú&quot;.</verse>
		<verse number="14">E então, que diremos? Acaso Deus é injusto? De maneira nenhuma!</verse>
		<verse number="15">Pois ele diz a Moisés: &quot;Terei misericórdia de quem eu quiser ter misericórdia e terei compaixão de quem eu quiser ter compaixão&quot;.</verse>
		<verse number="16">Portanto, isso não depende do desejo ou do esforço humano, mas da misericórdia de Deus.</verse>
		<verse number="17">Pois a Escritura diz ao faraó: &quot;Eu o levantei exatamente com este propósito: mostrar em você o meu poder, e para que o meu nome seja proclamado em toda a terra&quot;.</verse>
		<verse number="18">Portanto, Deus tem misericórdia de quem ele quer, e endurece a quem ele quer.</verse>
		<verse number="19">Mas algum de vocês me dirá: &quot;Então, por que Deus ainda nos culpa? Pois, quem resiste à sua vontade? &quot;</verse>
		<verse number="20">Mas quem é você, ó homem, para questionar a Deus? &quot;Acaso aquilo que é formado pode dizer ao que o formou: ‘Por que me fizeste assim? ’ &quot;</verse>
		<verse number="21">O oleiro não tem direito de fazer do mesmo barro um vaso para fins nobres e outro para uso desonroso?</verse>
		<verse number="22">E se Deus, querendo mostrar a sua ira e tornar conhecido o seu poder, suportou com grande paciência os vasos de sua ira, preparados para destruição?</verse>
		<verse number="23">Que dizer, se ele fez isto para tornar conhecidas as riquezas de sua glória aos vasos de sua misericórdia, que preparou de antemão para glória,</verse>
		<verse number="24">ou seja, a nós, a quem também chamou, não apenas dentre os judeus, mas também dentre os gentios?</verse>
		<verse number="25">Como ele diz em Oséias: &quot;Chamarei ‘meu povo’ a quem não é meu povo; e chamarei ‘minha amada’ a quem não é minha amada&quot;,</verse>
		<verse number="26">e: &quot;Acontecerá que, no mesmo lugar em que se lhes declarou: ‘Vocês não são meu povo’, eles serão chamados ‘filhos do Deus vivo’. &quot;</verse>
		<verse number="27">Isaías exclama com relação a Israel: &quot;Embora o número dos israelitas seja como a areia do mar, apenas o remanescente será salvo.</verse>
		<verse number="28">Pois o Senhor executará na terra a sua sentença, rápida e definitivamente&quot;.</verse>
		<verse number="29">Como anteriormente disse Isaías: &quot;Se o Senhor dos Exércitos não nos tivesse deixado descendentes, já estaríamos como Sodoma, e semelhantes a Gomorra&quot;.</verse>
		<verse number="30">Que diremos, então? Os gentios, que não buscavam justiça, a obtiveram, uma justiça que vem da fé;</verse>
		<verse number="31">mas Israel, que buscava uma lei que trouxesse justiça, não a alcançou.</verse>
		<verse number="32">Por que não? Porque não a buscava pela fé, mas como se fosse por obras. Eles tropeçaram na &quot;pedra de tropeço&quot;.</verse>
		<verse number="33">Como está escrito: &quot;Eis que ponho em Sião uma pedra de tropeço e uma rocha que faz cair; e aquele que nela confia jamais será envergonhado&quot;.</verse>
	</chapter>
	<chapter number="10">
		<verse number="1">Irmãos, o desejo do meu coração e a minha oração a Deus pelos israelitas é que eles sejam salvos.</verse>
		<verse number="2">Pois posso testemunhar que eles têm zelo por Deus, mas o seu zelo não se baseia no conhecimento.</verse>
		<verse number="3">Porquanto, ignorando a justiça que vem de Deus e procurando estabelecer a sua própria, não se submeteram à justiça de Deus.</verse>
		<verse number="4">Porque o fim da lei é Cristo, para a justificação de todo o que crê.</verse>
		<verse number="5">Moisés descreve desta forma a justiça que vem da lei: &quot;O homem que fizer estas coisas viverá por meio delas&quot;.</verse>
		<verse number="6">Mas a justiça que vem da fé diz: &quot;Não diga em seu coração: ‘Quem subirá ao céu? ’ ( isto é, para fazer Cristo descer )</verse>
		<verse number="7">ou ‘Quem descerá ao abismo? ’ &quot; ( isto é, para fazer subir Cristo dentre os mortos ).</verse>
		<verse number="8">Mas o que ela diz? &quot;A palavra está perto de você; está em sua boca e em seu coração&quot;, isto é, a palavra da fé que estamos proclamando:</verse>
		<verse number="9">Se você confessar com a sua boca que Jesus é Senhor e crer em seu coração que Deus o ressuscitou dentre os mortos, será salvo.</verse>
		<verse number="10">Pois com o coração se crê para justiça, e com a boca se confessa para salvação.</verse>
		<verse number="11">Como diz a Escritura: &quot;Todo o que nele confia jamais será envergonhado&quot;.</verse>
		<verse number="12">Não há diferença entre judeus e gentios, pois o mesmo Senhor é Senhor de todos e abençoa ricamente todos os que o invocam,</verse>
		<verse number="13">porque &quot;todo aquele que invocar o nome do Senhor será salvo&quot;.</verse>
		<verse number="14">Como, pois, invocarão aquele em quem não creram? E como crerão naquele de quem não ouviram falar? E como ouvirão, se não houver quem pregue?</verse>
		<verse number="15">E como pregarão, se não forem enviados? Como está escrito: &quot;Como são belos os pés dos que anunciam boas novas! &quot;</verse>
		<verse number="16">No entanto, nem todos os israelitas aceitaram as boas novas. Pois Isaías diz: &quot;Senhor, quem creu em nossa mensagem? &quot;</verse>
		<verse number="17">Conseqüentemente, a fé vem por ouvir a mensagem, e a mensagem é ouvida mediante a palavra de Cristo.</verse>
		<verse number="18">Mas eu pergunto: Eles não a ouviram? Claro que sim: &quot;A sua voz ressoou por toda a terra, e as suas palavras, até os confins do mundo&quot;.</verse>
		<verse number="19">Novamente pergunto: Será que Israel não entendeu? Moisés foi o primeiro que disse: &quot;Farei que tenham ciúmes de quem não é meu povo; eu os provocarei à ira por meio de um povo sem entendimento&quot;.</verse>
		<verse number="20">E Isaías diz ousadamente: &quot;Fui achado por aqueles que não me procuravam; revelei-me àqueles que não perguntavam por mim&quot;.</verse>
		<verse number="21">Mas a respeito de Israel, ele diz: &quot;O tempo todo estendi as mãos a um povo desobediente e rebelde&quot;.</verse>
	</chapter>
	<chapter number="11">
		<verse number="1">Pergunto, pois: Acaso Deus rejeitou o seu povo? De maneira nenhuma! Eu mesmo sou israelita, descendente de Abraão, da tribo de Benjamim.</verse>
		<verse number="2">Deus não rejeitou o seu povo, o qual de antemão conheceu. Ou vocês não sabem como Elias clamou a Deus contra Israel, conforme diz a Escritura?</verse>
		<verse number="3">&quot;Senhor, mataram os teus profetas e derrubaram os teus altares; sou o único que sobrou, e agora estão procurando matar-me&quot;.</verse>
		<verse number="4">E qual foi a resposta divina? &quot;Reservei para mim sete mil homens que não dobraram os joelhos diante de Baal&quot;.</verse>
		<verse number="5">Assim, hoje também há um remanescente escolhido pela graça.</verse>
		<verse number="6">E, se é pela graça, já não é mais pelas obras; se fosse, a graça já não seria graça.</verse>
		<verse number="7">Que dizer então? Israel não conseguiu aquilo que tanto buscava, mas os eleitos o obtiveram. Os demais foram endurecidos,</verse>
		<verse number="8">como está escrito: &quot;Deus lhes deu um espírito de atordoamento, olhos para não ver e ouvidos para não ouvir, até o dia de hoje&quot;.</verse>
		<verse number="9">E Davi diz: &quot;Que a mesa deles se transforme em laço e armadilha, pedra de tropeço e retribuição para eles.</verse>
		<verse number="10">Escurençam-se os seus olhos, para que não consigam ver, e suas costas fiquem encurvadas para sempre&quot;.</verse>
		<verse number="11">Novamente pergunto: Acaso tropeçaram para que ficassem caídos? De maneira nenhuma! Ao contrário, por causa da transgressão deles, veio salvação para os gentios, para provocar ciúme em Israel.</verse>
		<verse number="12">Mas se a transgressão deles significa riqueza para o mundo, e o seu fracasso, riqueza para os gentios, quanto mais significará a sua plenitude!</verse>
		<verse number="13">Estou falando a vocês, gentios. Visto que sou apóstolo para os gentios, exalto o meu ministério,</verse>
		<verse number="14">na esperança de que de alguma forma possa provocar ciúme em meu próprio povo e salvar alguns deles.</verse>
		<verse number="15">Pois se a rejeição deles é a reconciliação do mundo, o que será a sua aceitação, senão vida dentre os mortos?</verse>
		<verse number="16">Se é santa a parte da massa que é oferecida como primeiros frutos, toda a massa também o é; se a raiz é santa, os ramos também o serão.</verse>
		<verse number="17">Se alguns ramos foram cortados, e você, sendo oliveira brava, foi enxertado entre os outros e agora participa da seiva que vem da raiz da oliveira,</verse>
		<verse number="18">não se glorie contra esses ramos. Se o fizer, saiba que não é você quem sustenta a raiz, mas a raiz a você.</verse>
		<verse number="19">Então você dirá: &quot;Os ramos foram cortados, para que eu fosse enxertado&quot;.</verse>
		<verse number="20">Está certo. Eles, porém, foram cortados devido à incredulidade, e você permanece pela fé. Não se orgulhe, mas tema.</verse>
		<verse number="21">Pois se Deus não poupou os ramos naturais, também não poupará você.</verse>
		<verse number="22">Portanto, considere a bondade e a severidade de Deus: severidade para com aqueles que caíram, mas bondade para com você, desde que permaneça na bondade dele. De outra forma, você também será cortado.</verse>
		<verse number="23">E quanto a eles, se não continuarem na incredulidade, serão enxertados, pois Deus é capaz de enxertá-los outra vez.</verse>
		<verse number="24">Afinal de contas, se você foi cortado de uma oliveira brava por natureza e, de maneira antinatural, foi enxertado numa oliveira cultivada, quanto mais serão enxertados os ramos naturais em sua própria oliveira?</verse>
		<verse number="25">Irmãos, não quero que ignorem este mistério, para que não se tornem presunçosos: Israel experimentou um endurecimento em parte, até que chegasse a plenitude dos gentios.</verse>
		<verse number="26">E assim todo o Israel será salvo, como está escrito: &quot;Virá de Sião o redentor que desviará de Jacó a impiedade.</verse>
		<verse number="27">E esta é a minha aliança com eles quando eu remover os seus pecados&quot;.</verse>
		<verse number="28">Quanto ao evangelho, eles são inimigos por causa de vocês; mas quanto à eleição, são amados por causa dos patriarcas,</verse>
		<verse number="29">pois os dons e o chamado de Deus são irrevogáveis.</verse>
		<verse number="30">Assim como vocês, que antes eram desobedientes a Deus mas agora receberam misericórdia, graças à desobediência deles,</verse>
		<verse number="31">assim também agora eles se tornaram desobedientes, a fim de que também recebam agora misericórdia, graças à misericórdia de Deus para com vocês.</verse>
		<verse number="32">Pois Deus colocou todos sob a desobediência, para exercer misericórdia para com todos.</verse>
		<verse number="33">Ó profundidade da riqueza da sabedoria e do conhecimento de Deus! Quão insondáveis são os seus juízos, e inescrutáveis os seus caminhos!</verse>
		<verse number="34">&quot;Quem conheceu a mente do Senhor? Ou quem foi seu conselheiro? &quot;</verse>
		<verse number="35">&quot;Quem primeiro lhe deu, para que ele o recompense? &quot;</verse>
		<verse number="36">Pois dele, por ele e para ele são todas as coisas. A ele seja a glória para sempre! Amém.</verse>
	</chapter>
	<chapter number="12">
		<verse number="1">Portanto, irmãos, rogo-lhes pelas misericórdias de Deus que se ofereçam em sacrifício vivo, santo e agradável a Deus; este é o culto racional de vocês.</verse>
		<verse number="2">Não se amoldem ao padrão deste mundo, mas transformem-se pela renovação da sua mente, para que sejam capazes de experimentar e comprovar a boa, agradável e perfeita vontade de Deus.</verse>
		<verse number="3">Pois pela graça que me foi dada digo a todos vocês: ninguém tenha de si mesmo um conceito mais elevado do que deve ter; mas, pelo contrário, tenha um conceito equilibrado, de acordo com a medida da fé que Deus lhe concedeu.</verse>
		<verse number="4">Assim como cada um de nós tem um corpo com muitos membros e esses membros não exercem todos a mesma função,</verse>
		<verse number="5">assim também em Cristo nós, que somos muitos, formamos um corpo, e cada membro está ligado a todos os outros.</verse>
		<verse number="6">Temos diferentes dons, de acordo com a graça que nos foi dada. Se alguém tem o dom de profetizar, use-o na proporção da sua fé.</verse>
		<verse number="7">Se o seu dom é servir, sirva; se é ensinar, ensine;</verse>
		<verse number="8">se é dar ânimo, que assim faça; se é contribuir, que contribua generosamente; se é exercer liderança, que a exerça com zelo; se é mostrar misericórdia, que o faça com alegria.</verse>
		<verse number="9">O amor deve ser sincero. Odeiem o que é mau; apeguem-se ao que é bom.</verse>
		<verse number="10">Dediquem-se uns aos outros com amor fraternal. Prefiram dar honra aos outros mais do que a si próprios.</verse>
		<verse number="11">Nunca lhes falte o zelo, sejam fervorosos no espírito, sirvam ao Senhor.</verse>
		<verse number="12">Alegrem-se na esperança, sejam pacientes na tribulação, perseverem na oração.</verse>
		<verse number="13">Compartilhem o que vocês têm com os santos em suas necessidades. Pratiquem a hospitalidade.</verse>
		<verse number="14">Abençoem aqueles que os perseguem; abençoem, e não os amaldiçoem.</verse>
		<verse number="15">Alegrem-se com os que se alegram; chorem com os que choram.</verse>
		<verse number="16">Tenham uma mesma atitude uns para com os outros. Não sejam orgulhosos, mas estejam dispostos a associar-se a pessoas de posição inferior. Não sejam sábios aos seus próprios olhos.</verse>
		<verse number="17">Não retribuam a ninguém mal por mal. Procurem fazer o que é correto aos olhos de todos.</verse>
		<verse number="18">Façam todo o possível para viver em paz com todos.</verse>
		<verse number="19">Amados, nunca procurem vingar-se, mas deixem com Deus a ira, pois está escrito: &quot;Minha é a vingança; eu retribuirei&quot;, diz o Senhor.</verse>
		<verse number="20">Pelo contrário: &quot;Se o seu inimigo tiver fome, dê-lhe de comer; se tiver sede, dê-lhe de beber. Fazendo isso, você amontoará brasas vivas sobre a cabeça dele&quot;.</verse>
		<verse number="21">Não se deixem vencer pelo mal, mas vençam o mal com o bem.</verse>
	</chapter>
	<chapter number="13">
		<verse number="1">Todos devem sujeitar-se às autoridades governamentais, pois não há autoridade que não venha de Deus; as autoridades que existem foram por ele estabelecidas.</verse>
		<verse number="2">Portanto, aquele que se rebela contra a autoridade está se colocando contra o que Deus instituiu, e aqueles que assim procedem trazem condenação sobre si mesmos.</verse>
		<verse number="3">Pois os governantes não devem ser temidos, a não ser pelos que praticam o mal. Você quer viver livre do medo da autoridade? Pratique o bem, e ela o enaltecerá.</verse>
		<verse number="4">Pois é serva de Deus para o seu bem. Mas se você praticar o mal, tenha medo, pois ela não porta a espada sem motivo. É serva de Deus, agente da justiça para punir quem pratica o mal.</verse>
		<verse number="5">Portanto, é necessário que sejamos submissos às autoridades, não apenas por causa da possibilidade de uma punição, mas também por questão de consciência.</verse>
		<verse number="6">É por isso também que vocês pagam imposto, pois as autoridades estão a serviço de Deus, sempre dedicadas a esse trabalho.</verse>
		<verse number="7">Dêem a cada um o que lhe é devido: Se imposto, imposto; se tributo, tributo; se temor, temor; se honra, honra.</verse>
		<verse number="8">Não devam nada a ninguém, a não ser o amor de uns pelos outros, pois aquele que ama seu próximo tem cumprido a lei.</verse>
		<verse number="9">Pois estes mandamentos: &quot;Não adulterarás&quot;, &quot;não matarás&quot;, &quot;não furtarás&quot;, &quot;não cobiçarás&quot;, e qualquer outro mandamento, todos se resumem neste preceito: &quot;Ame o seu próximo como a si mesmo&quot;.</verse>
		<verse number="10">O amor não pratica o mal contra o próximo. Portanto, o amor é o cumprimento da lei.</verse>
		<verse number="11">Façam isso, compreendendo o tempo em que vivemos. Chegou a hora de vocês despertarem do sono, porque agora a nossa salvação está mais próxima do que quando cremos.</verse>
		<verse number="12">A noite está quase acabando; o dia logo vem. Portanto, deixemos de lado as obras das trevas e vistamo-nos a armadura da luz.</verse>
		<verse number="13">Comportemo-nos com decência, como quem age à luz do dia, não em orgias e bebedeiras, não em imoralidade sexual e depravação, não em desavença e inveja.</verse>
		<verse number="14">Pelo contrário, revistam-se do Senhor Jesus Cristo, e não fiquem premeditando como satisfazer os desejos da carne.</verse>
	</chapter>
	<chapter number="14">
		<verse number="1">Aceitem o que é fraco na fé, sem discutir assuntos controvertidos.</verse>
		<verse number="2">Um crê que pode comer de tudo; já outro, cuja fé é fraca, come apenas alimentos vegetais.</verse>
		<verse number="3">Aquele que come de tudo não deve desprezar o que não come, e aquele que não come de tudo não deve condenar aquele que come, pois Deus o aceitou.</verse>
		<verse number="4">Quem é você para julgar o servo alheio? É para o seu senhor que ele está de pé ou cai. E ficará de pé, pois o Senhor é capaz de o sustentar.</verse>
		<verse number="5">Há quem considere um dia mais sagrado que outro; há quem considere iguais todos os dias. Cada um deve estar plenamente convicto em sua própria mente.</verse>
		<verse number="6">Aquele que considera um dia como especial, para o Senhor assim o faz. Aquele que come carne, come para o Senhor, pois dá graças a Deus; e aquele que se abstém, para o Senhor se abstém, e dá graças a Deus.</verse>
		<verse number="7">Pois nenhum de nós vive apenas para si, e nenhum de nós morre apenas para si.</verse>
		<verse number="8">Se vivemos, vivemos para o Senhor; e, se morremos, morremos para o Senhor. Assim, quer vivamos, quer morramos, pertencemos ao Senhor.</verse>
		<verse number="9">Por esta razão Cristo morreu e voltou a viver, para ser Senhor de vivos e de mortos.</verse>
		<verse number="10">Portanto, você, por que julga seu irmão? E por que despreza seu irmão? Pois todos compareceremos diante do tribunal de Deus.</verse>
		<verse number="11">Porque está escrito: &quot; ‘Por mim mesmo jurei’, diz o Senhor, ‘diante de mim todo joelho se dobrará e toda língua confessará que sou Deus’ &quot;.</verse>
		<verse number="12">Assim, cada um de nós prestará contas de si mesmo a Deus.</verse>
		<verse number="13">Portanto, deixemos de julgar uns aos outros. Em vez disso, façamos o propósito de não colocar pedra de tropeço ou obstáculo no caminho do irmão.</verse>
		<verse number="14">Como alguém que está no Senhor Jesus, tenho plena convicção de que nenhum alimento é por si mesmo impuro, a não ser para quem assim o considere; para ele é impuro.</verse>
		<verse number="15">Se o seu irmão se entristece devido ao que você come, você já não está agindo por amor. Por causa da sua comida, não destrua seu irmão, por quem Cristo morreu.</verse>
		<verse number="16">Aquilo que é bom para vocês não se torne objeto de maledicência.</verse>
		<verse number="17">Pois o Reino de Deus não é comida nem bebida, mas justiça, paz e alegria no Espírito Santo;</verse>
		<verse number="18">aquele que assim serve a Cristo é agradável a Deus e aprovado pelos homens.</verse>
		<verse number="19">Por isso, esforcemo-nos em promover tudo quanto conduz à paz e à edificação mútua.</verse>
		<verse number="20">Não destrua a obra de Deus por causa da comida. Todo alimento é puro, mas é errado comer qualquer coisa que faça os outros tropeçarem.</verse>
		<verse number="21">É melhor não comer carne nem beber vinho, nem fazer qualquer outra coisa que leve seu irmão a cair.</verse>
		<verse number="22">Assim, seja qual for o seu modo de crer a respeito destas coisas, que isso permaneça entre você e Deus. Feliz é o homem que não se condena naquilo que aprova.</verse>
		<verse number="23">Mas aquele que tem dúvida é condenado se comer, porque não come com fé; e tudo o que não provém da fé é pecado.</verse>
	</chapter>
	<chapter number="15">
		<verse number="1">Nós, que somos fortes, devemos suportar as fraquezas dos fracos, e não agradar a nós mesmos.</verse>
		<verse number="2">Cada um de nós deve agradar ao seu próximo para o bem dele, a fim de edificá-lo.</verse>
		<verse number="3">Pois também Cristo não agradou a si próprio, mas, como está escrito: &quot;Os insultos daqueles que te insultam caíram sobre mim&quot;.</verse>
		<verse number="4">Pois tudo o que foi escrito no passado, foi escrito para nos ensinar, de forma que, por meio da perseverança e do bom ânimo procedentes das Escrituras, mantenhamos a nossa esperança.</verse>
		<verse number="5">O Deus que concede perseverança e ânimo dê-lhes um espírito de unidade, segundo Cristo Jesus,</verse>
		<verse number="6">para que com um só coração e uma só boca vocês glorifiquem ao Deus e Pai de nosso Senhor Jesus Cristo.</verse>
		<verse number="7">Portanto, aceitem-se uns aos outros, da mesma forma como Cristo os aceitou, a fim de que vocês glorifiquem a Deus.</verse>
		<verse number="8">Pois eu lhes digo que Cristo se tornou servo dos que são da circuncisão, por amor à verdade de Deus, para confirmar as promessas feitas aos patriarcas,</verse>
		<verse number="9">a fim de que os gentios glorifiquem a Deus por sua misericórdia, como está escrito: &quot;Por isso, eu te louvarei entre os gentios; Cantarei louvores ao teu nome&quot;.</verse>
		<verse number="10">E também diz: &quot;Cantem de alegria, ó gentios, com o povo dele&quot;.</verse>
		<verse number="11">E mais: &quot;Louvem o Senhor, todos vocês, gentios; cantem louvores a ele todos os povos&quot;.</verse>
		<verse number="12">E Isaías também diz: &quot;Brotará a raiz de Jessé, aquele que se levantará para reinar sobre os gentios; estes colocarão nele a sua esperança&quot;.</verse>
		<verse number="13">Que o Deus da esperança os encha de toda alegria e paz, por sua confiança nele, para que vocês transbordem de esperança, pelo poder do Espírito Santo.</verse>
		<verse number="14">Meus irmãos, eu mesmo estou convencido de que vocês estão cheios de bondade e plenamente instruídos, sendo capazes de aconselhar-se uns aos outros.</verse>
		<verse number="15">A respeito de alguns assuntos, eu lhes escrevi com toda a franqueza, como para fazê-los lembrar-se novamente deles, por causa da graça que Deus me deu,</verse>
		<verse number="16">de ser um ministro de Cristo Jesus para os gentios, com o dever sacerdotal de proclamar o evangelho de Deus, para que os gentios se tornem uma oferta aceitável a Deus, santificados pelo Espírito Santo.</verse>
		<verse number="17">Portanto, eu me glorio em Cristo Jesus, em meu serviço a Deus.</verse>
		<verse number="18">Não me atrevo a falar de nada, exceto daquilo que Cristo realizou por meu intermédio em palavra e em ação, a fim de levar os gentios a obedecerem a Deus:</verse>
		<verse number="19">pelo poder de sinais e maravilhas e por meio do poder do Espírito de Deus. Assim, desde Jerusalém e arredores, até o Ilírico, proclamei plenamente o evangelho de Cristo.</verse>
		<verse number="20">Sempre fiz questão de pregar o evangelho onde Cristo ainda não era conhecido, de forma que não estivesse edificando sobre alicerce de outro.</verse>
		<verse number="21">Mas antes, como está escrito: &quot;Hão de vê-lo aqueles que não tinham ouvido falar dele, e o entenderão aqueles que não o haviam escutado&quot;.</verse>
		<verse number="22">É por isso que muitas vezes fui impedido de chegar até vocês.</verse>
		<verse number="23">Mas agora, não havendo nestas regiões nenhum lugar em que precise trabalhar, e visto que há muitos anos anseio vê-los,</verse>
		<verse number="24">planejo fazê-lo quando for à Espanha. Espero visitá-los de passagem e dar-lhes a oportunidade de me ajudar em minha viagem para lá, depois de ter desfrutado um pouco da companhia de vocês.</verse>
		<verse number="25">Agora, porém, estou de partida para Jerusalém, a serviço dos santos.</verse>
		<verse number="26">Pois a Macedônia e a Acaia tiveram a alegria de contribuir para os pobres dentre os santos de Jerusalém.</verse>
		<verse number="27">Eles tiveram prazer nisso, e de fato são devedores a eles. Pois se os gentios participaram das bênçãos espirituais dos judeus, devem também servir aos judeus com seus bens materiais.</verse>
		<verse number="28">Assim, depois de completar essa tarefa e de ter a certeza de que eles receberam esse fruto, irei à Espanha e visitarei vocês de passagem.</verse>
		<verse number="29">Sei que, quando for visitá-los, irei na plenitude da bênção de Cristo.</verse>
		<verse number="30">Recomendo-lhes, irmãos, por nosso Senhor Jesus Cristo e pelo amor do Espírito, que se unam a mim em minha luta, orando a Deus em meu favor.</verse>
		<verse number="31">Orem para que eu esteja livre dos descrentes da Judéia e que o meu serviço em Jerusalém seja aceitável aos santos,</verse>
		<verse number="32">de forma que, pela vontade de Deus, eu os visite com alegria e juntamente com vocês desfrute de um período de refrigério.</verse>
		<verse number="33">O Deus da paz seja com todos vocês. Amém.</verse>
	</chapter>
	<chapter number="16">
		<verse number="1">Recomendo-lhes nossa irmã Febe, serva da igreja em Cencréia.</verse>
		<verse number="2">Peço que a recebam no Senhor, de maneira digna dos santos, e lhe prestem a ajuda de que venha a necessitar; pois tem sido de grande auxílio para muita gente, inclusive para mim.</verse>
		<verse number="3">Saúdem Priscila e Áqüila, meus colaboradores em Cristo Jesus.</verse>
		<verse number="4">Arriscaram a vida por mim. Sou grato a eles; não apenas eu, mas todas as igrejas dos gentios.</verse>
		<verse number="5">Saúdem também a igreja que se reúne na casa deles. Saúdem meu amado irmão Epêneto, que foi o primeiro convertido a Cristo na província da Ásia.</verse>
		<verse number="6">Saúdem Maria, que trabalhou arduamente por vocês.</verse>
		<verse number="7">Saúdem Andrônico e Júnias, meus parentes que estiveram na prisão comigo. São notáveis entre os apóstolos, e estavam em Cristo antes de mim.</verse>
		<verse number="8">Saúdem Amplíato, meu amado irmão no Senhor.</verse>
		<verse number="9">Saúdem Urbano, nosso cooperador em Cristo, e meu amado irmão Estáquis.</verse>
		<verse number="10">Saúdem Apeles, aprovado em Cristo. Saúdem os que pertencem à casa de Aristóbulo.</verse>
		<verse number="11">Saúdem Herodião, meu parente. Saúdem os da casa de Narciso, que estão no Senhor.</verse>
		<verse number="12">Saúdem Trifena e Trifosa, mulheres que trabalham arduamente no Senhor. Saúdem a amada Pérside, outra que trabalhou arduamente no Senhor.</verse>
		<verse number="13">Saúdem Rufo, eleito no Senhor, e sua mãe, que tem sido mãe também para mim.</verse>
		<verse number="14">Saúdem Asíncrito, Flegonte, Hermes, Pátrobas, Hermas e os irmãos que estão com eles.</verse>
		<verse number="15">Saúdem Filólogo, Júlia, Nereu e sua irmã, e também Olimpas e todos os santos que estão com eles.</verse>
		<verse number="16">Saúdem uns aos outros com beijo santo. Todas as igrejas de Cristo enviam-lhes saudações.</verse>
		<verse number="17">Recomendo-lhes, irmãos, que tomem cuidado com aqueles que causam divisões e colocam obstáculos ao ensino que vocês têm recebido. Afastem-se deles.</verse>
		<verse number="18">Pois essas pessoas não estão servindo a Cristo, nosso Senhor, mas a seus próprios apetites. Mediante palavras suaves e bajulação, enganam os corações dos ingênuos.</verse>
		<verse number="19">Todos têm ouvido falar da obediência de vocês, por isso estou muito alegre; mas quero que sejam sábios em relação ao que é bom, e sem malícia em relação ao que é mau.</verse>
		<verse number="20">Em breve o Deus da paz esmagará Satanás debaixo dos pés de vocês. A graça de nosso Senhor Jesus seja com vocês.</verse>
		<verse number="21">Timóteo, meu cooperador, envia-lhes saudações, bem como Lúcio, Jasom e Sosípatro, meus parentes.</verse>
		<verse number="22">Eu, Tércio, que redigi esta carta, saúdo vocês no Senhor.</verse>
		<verse number="23">Gaio, cuja hospitalidade eu e toda a igreja desfrutamos, envia-lhes saudações. Erasto, administrador da cidade, e nosso irmão Quarto enviam-lhes saudações.</verse>
		<verse number="24">Que a graça de nosso Senhor Jesus Cristo seja com vocês todos. Amém.</verse>
		<verse number="25">Ora, àquele que tem poder para confirmá-los pelo meu evangelho e pela proclamação de Jesus Cristo, de acordo com a revelação do mistério oculto nos tempos passados,</verse>
		<verse number="26">mas agora revelado e dado a conhecer pelas Escrituras proféticas por ordem do Deus eterno, para que todas as nações venham a crer nele e a obedecer-lhe,</verse>
		<verse number="27">ao único Deus sábio seja dada glória para todo o sempre, por meio de Jesus Cristo. Amém.</verse>
	</chapter>
</book>