﻿<?xml version="1.0" encoding="UTF-8"?>
<book name="Sofonias" abbrev="sf" chapters="3">
	<chapter number="1">
		<verse number="1">Palavra do Senhor que veio a Sofonias, filho de Cuchi, neto de Gedalias, bisneto de Amarias e trineto de Ezequias, durante o reinado de Josias, filho de Amom, rei de Judá:</verse>
		<verse number="2">&quot;Destruirei todas as coisas na face da terra&quot;; palavra do Senhor.</verse>
		<verse number="3">&quot;Destruirei tanto os homens quanto os animais; destruirei as aves do céu e os peixes do mar, os que causam tropeço junto com os ímpios. Farei isso quando eu ceifar o homem da face da terra&quot;, declara o Senhor.</verse>
		<verse number="4">&quot;Estenderei a mão contra Judá e contra todos os habitantes de Jerusalém. Eliminarei deste lugar o remanescente de Baal, os nomes dos oficiantes idólatras e dos sacerdotes,</verse>
		<verse number="5">aqueles que no alto dos terraços adoram o exército de estrelas, que se prostram jurando pelo Senhor, e também por Moloque;</verse>
		<verse number="6">aqueles que se desviam de seguir o Senhor; não o buscam nem o consultam.</verse>
		<verse number="7">Calem-se diante do Soberano Senhor, pois o dia do Senhor está próximo. O Senhor preparou um sacrifício; consagrou os seus convidados.</verse>
		<verse number="8">No dia do sacrifício do Senhor castigarei os líderes e os filhos do rei e todos os que estão vestidos com roupas estrangeiras.</verse>
		<verse number="9">Naquele dia castigarei todos os que evitam pisar na soleira dos ídolos, que enchem o templo de seus deuses com violência e engano.</verse>
		<verse number="10">&quot;Naquele dia&quot;, declara o Senhor, &quot;haverá gritos perto da porta dos Peixes, lamentos no novo distrito, e estrondos nas colinas.</verse>
		<verse number="11">Lamentem, vocês que moram na cidade baixa; todos os seus comerciantes serão completamente destruídos, todos os que negociam com prata serão arruinados.</verse>
		<verse number="12">Nessa época vasculharei Jerusalém com lamparinas e castigarei os que são complacentes, que são como vinho envelhecido, deixado com os seus resíduos, que pensam: ‘O Senhor nada fará, nem bem nem mal’.</verse>
		<verse number="13">A riqueza deles será saqueada, suas casas serão demolidas. Embora construam novas casas, nelas não morarão; plantarão vinhas, mas não beberão o vinho.</verse>
		<verse number="14">&quot;O grande dia do Senhor está próximo; está próximo e logo vem. Ouçam! O dia do Senhor será amargo; até os guerreiros gritarão.</verse>
		<verse number="15">Aquele dia será um dia de ira, dia de aflição e angústia, dia de sofrimento e ruína, dia de trevas e escuridão, dia de nuvens e negridão,</verse>
		<verse number="16">dia de toques de trombeta e gritos de guerra contra as cidades fortificadas e contra as torres elevadas.</verse>
		<verse number="17">Trarei aflição aos homens; andarão como se fossem cegos, porque pecaram contra o Senhor. O sangue deles será derramado como poeira, e suas entranhas como lixo.</verse>
		<verse number="18">Nem a sua prata nem o seu ouro poderão livrá-los no dia da ira do Senhor. No fogo do seu zelo o mundo inteiro será consumido, pois ele dará fim repentino a todos os que vivem na terra. &quot;</verse>
	</chapter>
	<chapter number="2">
		<verse number="1">Reúna-se e ajunte-se, nação sem pudor,</verse>
		<verse number="2">antes que chegue o tempo determinado e aquele dia passe como a palha, antes que venha sobre vocês a ira impetuosa do Senhor, antes que o dia da ira do Senhor os alcance.</verse>
		<verse number="3">Busquem o Senhor, todos vocês humildes do país, vocês que fazem o que ele ordena. Busquem a justiça, busquem a humildade; talvez vocês tenham abrigo no dia da ira do Senhor.</verse>
		<verse number="4">Gaza será abandonada, e Ascalom ficará arruinada. Ao meio-dia Asdode será banida, e Ecrom será desarraigada.</verse>
		<verse number="5">Ai de vocês que vivem junto ao mar, nação dos quereteus; A palavra do Senhor está contra você, ó Canaã, terra dos filisteus. &quot;Eu a destruirei, e não sobrará ninguém&quot;.</verse>
		<verse number="6">Essa terra junto ao mar, onde habitam os quereteus, será morada de pastores e curral de ovelhas.</verse>
		<verse number="7">Ela pertencerá ao remanescente da tribo de Judá. Ali encontrarão pastagem; e ao entardecer, eles se deitarão nas casas de Ascalom. Pois o Senhor, o seu Deus, cuidará deles; ele restaurará a sorte deles.</verse>
		<verse number="8">&quot;Ouvi os insultos de Moabe e as zombarias dos amonitas, que insultaram o meu povo e fizeram ameaças contra o seu território.</verse>
		<verse number="9">Por isso, juro pela minha vida&quot;, declara o Senhor dos Exércitos, o Deus de Israel, &quot;Moabe se tornará como Sodoma e os amonitas como Gomorra: um lugar tomado por ervas daninhas e poços de sal, uma desolação perpétua. O remanescente do meu povo os saqueará; os sobreviventes da minha nação herdarão a terra deles&quot;.</verse>
		<verse number="10">É isso que eles receberão como recompensa pelo seu orgulho, por insultarem e ridicularizarem o povo do Senhor dos Exércitos.</verse>
		<verse number="11">O Senhor será terrível com eles, quando destruir todos os deuses da terra. As nações de todo o mundo o adorarão, cada uma em sua própria terra.</verse>
		<verse number="12">&quot;Vocês também, ó etíopes, serão mortos pela minha espada. &quot;</verse>
		<verse number="13">Ele estenderá a mão contra o norte e destruirá a Assíria, deixando Nínive totalmente em ruínas, tão seca como o deserto.</verse>
		<verse number="14">No meio dela se deitarão rebanhos e todo tipo de animais selvagens. Até a coruja do deserto e o mocho se empoleirarão no topo de suas colunas. Seus gritos ecoarão pelas janelas. Haverá entulho nas entradas, e as vigas de cedro ficarão expostas.</verse>
		<verse number="15">Essa é a cidade que exultava, vivendo despreocupada, e dizia para si mesma: &quot;Eu, e mais ninguém! &quot; Que ruínas sobraram! Uma toca de animais selvagens! Todos os que passam por ela zombam e sacodem os punhos.</verse>
	</chapter>
	<chapter number="3">
		<verse number="1">Ai da cidade rebelde, impura e opressora!</verse>
		<verse number="2">Não ouve a ninguém, e não aceita correção. Não confia no Senhor, não se aproxima do seu Deus.</verse>
		<verse number="3">No meio dela os seus líderes são leões que rugem. Seus juízes são lobos vespertinos que nada deixam para a manhã seguinte.</verse>
		<verse number="4">Seus profetas são irresponsáveis, são homens traiçoeiros. Seus sacerdotes profanam o santuário e fazem violência à lei.</verse>
		<verse number="5">No meio dela está o Senhor, que é justo e jamais comete injustiça. A cada manhã ele ministra a sua justiça, e a cada novo dia ele não falha, mas o injusto não se envergonha da sua injustiça.</verse>
		<verse number="6">&quot;Eliminei nações; suas fortificações estão devastadas. Deixei desertas as suas ruas. Suas cidades estão destruídas; ninguém foi deixado; ninguém!</verse>
		<verse number="7">Eu disse à cidade: Com certeza você me temerá e aceitará correção! Pois, então, a sua habitação não seria eliminada, nem cairiam sobre ela todos os meus castigos. Mas eles ainda estavam ávidos por fazer todo tipo de maldade.</verse>
		<verse number="8">Por isso, esperem por mim, &quot; declara o Senhor, &quot;no dia em que eu me levantar para testemunhar. Decidi ajuntar as nações, reunir os reinos e derramar a minha ira sobre eles, toda a minha impetuosa indignação. O mundo inteiro será consumido pelo fogo da minha zelosa ira.</verse>
		<verse number="9">&quot;Então purificarei os lábios dos povos, para que todos eles invoquem o nome do Senhor e o sirvam de comum acordo.</verse>
		<verse number="10">Desde além dos rios da Etiópia os meus adoradores, o meu povo disperso, me trará ofertas.</verse>
		<verse number="11">Naquele dia vocês não serão envergonhados pelos seus atos de rebelião, porque retirarei desta cidade os que se regozijam em seu orgulho. Nunca mais vocês serão altivos no meu santo monte.</verse>
		<verse number="12">Mas deixarei no meio da cidade os mansos e humildes, que se refugiarão no nome do Senhor.</verse>
		<verse number="13">O remanescente de Israel não cometerá injustiças; eles não mentirão, nem se achará engano em suas bocas. Eles se alimentarão e descansarão, sem que ninguém os amedronte. &quot;</verse>
		<verse number="14">Cante, ó cidade de Sião; exulte, ó Israel! Alegre-se, regozije-se de todo o coração, ó cidade de Jerusalém!</verse>
		<verse number="15">O Senhor anulou a sentença contra você, ele fez retroceder os seus inimigos. O Senhor, o Rei de Israel, está em seu meio; nunca mais você temerá perigo algum.</verse>
		<verse number="16">Naquele dia se dirá a Jerusalém: &quot;Não tema, ó Sião; não deixe suas mãos enfraquecerem.</verse>
		<verse number="17">O Senhor, o seu Deus, está em seu meio, poderoso para salvar. Ele se regozijará em você, com o seu amor a renovará, ele se regozijará em você com brados de alegria&quot;.</verse>
		<verse number="18">&quot;Eu ajuntarei os que choram pelas festas fixas, os que se afastaram de vocês, para que isso não mais pese como vergonha.</verse>
		<verse number="19">Nessa época agirei contra todos os que oprimiram vocês; salvarei os aleijados e ajuntarei os dispersos. Darei a eles louvor e honra em todas as terras onde foram envergonhados.</verse>
		<verse number="20">Naquele tempo eu ajuntarei vocês; naquele tempo os trarei para casa. Eu lhes darei honra e louvor entre todos os povos da terra, quando eu restaurar a sua sorte diante dos seus próprios olhos&quot;, diz o Senhor.</verse>
	</chapter>
</book>